Original_genome_build	Genomic_position_original_refgenome	Genomic_position_hg19	Gene	cDNA	Protein_change	Unique_Patient_Identifier	Study	Tissue_origin
hg19	hg19.chr2:g.178098810C>G	hg19.chr2:g.178098810C>G	NFE2L2	12333:c.235C>G	12333:p.(Glu79Gln)	ESCC-D10	Lin et al. (UCLA, cBioPortal)	ESCC
hg19	hg19.chr17:g.7578461C>A	hg19.chr17:g.7578461C>A	TP53	62635:c.469C>A	62635:p.(Val157Phe)	ESCC-D14	Lin et al. (UCLA, cBioPortal)	ESCC
hg19	hg19.chr9:g.139396821G>A	hg19.chr9:g.139396821G>A	NOTCH1	37446:c.5287G>A	37446:p.(Gln1763Ter)	ESCC-D15	Lin et al. (UCLA, cBioPortal)	ESCC
hg19	hg19.chr17:g.7574003G>A	hg19.chr17:g.7574003G>A	TP53	62643:c.1024G>A	62643:p.(Arg342Ter)	ESCC-D17	Lin et al. (UCLA, cBioPortal)	ESCC
hg19	hg19.chr13:g.48955548A>C	hg19.chr13:g.48955548A>C	RB1	49601:c.1664A>C	49601:p.(His555Pro)	ESCC-D17	Lin et al. (UCLA, cBioPortal)	ESCC
hg19	hg19.chr17:g.7578239C>A	hg19.chr17:g.7578239C>A	TP53	62635:c.610C>A	62635:p.(Glu204Ter)	ESCC-D18	Lin et al. (UCLA, cBioPortal)	ESCC
hg19	hg19.chr17:g.7578437G>A	hg19.chr17:g.7578437G>A	TP53	62635:c.493G>A	62635:p.(Gln165Ter)	ESCC-D21	Lin et al. (UCLA, cBioPortal)	ESCC
hg19	hg19.chr17:g.7578406C>T	hg19.chr17:g.7578406C>T	TP53	62635:c.524C>T	62635:p.(Arg175His)	ESCC-D2	Lin et al. (UCLA, cBioPortal)	ESCC
hg19	hg19.chr2:g.178098935A>G	hg19.chr2:g.178098935A>G	NFE2L2	12333:c.110A>G	12333:p.(Phe37Ser)	ESCC-D3	Lin et al. (UCLA, cBioPortal)	ESCC
hg19	hg19.chr17:g.7577581A>G	hg19.chr17:g.7577581A>G	TP53	62635:c.700A>G	62635:p.(Tyr234His)	ESCC-D4	Lin et al. (UCLA, cBioPortal)	ESCC
hg19	hg19.chr17:g.7577114C>T	hg19.chr17:g.7577114C>T	TP53	62636:c.824C>T	62636:p.(Cys275Tyr)	ESCC-D5	Lin et al. (UCLA, cBioPortal)	ESCC
hg19	hg19.chr17:g.7577121G>A	hg19.chr17:g.7577121G>A	TP53	62636:c.817G>A	62636:p.(Arg273Cys)	ESCC-D7	Lin et al. (UCLA, cBioPortal)	ESCC
hg19	hg19.chr17:g.7578212G>A	hg19.chr17:g.7578212G>A	TP53	62635:c.637G>A	62635:p.(Arg213Ter)	ESCC-D8	Lin et al. (UCLA, cBioPortal)	ESCC
hg19	hg19.chr13:g.48936983C>T	hg19.chr13:g.48936983C>T	RB1	49601:c.751C>T	49601:p.(Arg251Ter)	ESCC-D9	Lin et al. (UCLA, cBioPortal)	ESCC
hg19	hg19.chr17:g.7577022G>A	hg19.chr17:g.7577022G>A	TP53	62636:c.916G>A	62636:p.(Arg306Ter)	ESCC-D9	Lin et al. (UCLA, cBioPortal)	ESCC
hg19	hg19.chr17:g.7577573G>T	hg19.chr17:g.7577573G>T	TP53	62635:c.708G>T	62635:p.(Tyr236Ter)	ESCC-F100	Lin et al. (UCLA, cBioPortal)	ESCC
hg19	hg19.chr3:g.178936091G>A	hg19.chr3:g.178936091G>A	PIK3CA	14944:c.1633G>A	14944:p.(Glu545Lys)	ESCC-F103	Lin et al. (UCLA, cBioPortal)	ESCC
hg19	hg19.chr17:g.7574003G>A	hg19.chr17:g.7574003G>A	TP53	62643:c.1024G>A	62643:p.(Arg342Ter)	ESCC-F109	Lin et al. (UCLA, cBioPortal)	ESCC
hg19	hg19.chr4:g.187541642G>C	hg19.chr4:g.187541642G>C	FAT1	20264:c.6098G>C	20264:p.(Ser2033Ter)	ESCC-F109	Lin et al. (UCLA, cBioPortal)	ESCC
hg19	hg19.chr17:g.7577079C>A	hg19.chr17:g.7577079C>A	TP53	62636:c.859C>A	62636:p.(Glu287Ter)	ESCC-F10	Lin et al. (UCLA, cBioPortal)	ESCC
hg19	hg19.chr3:g.178952072A>G	hg19.chr3:g.178952072A>G	PIK3CA	14944:c.3127A>G	14944:p.(Met1043Val)	ESCC-F10	Lin et al. (UCLA, cBioPortal)	ESCC
hg19	hg19.chr17:g.7578271T>C	hg19.chr17:g.7578271T>C	TP53	62635:c.578T>C	62635:p.(His193Arg)	ESCC-F110	Lin et al. (UCLA, cBioPortal)	ESCC
hg19	hg19.chr17:g.7577532G>A	hg19.chr17:g.7577532G>A	TP53	62635:c.749G>A	62635:p.(Pro250Leu)	ESCC-F111	Lin et al. (UCLA, cBioPortal)	ESCC
hg19	hg19.chr3:g.178952085A>T	hg19.chr3:g.178952085A>T	PIK3CA	14944:c.3140A>T	14944:p.(His1047Leu)	ESCC-F111	Lin et al. (UCLA, cBioPortal)	ESCC
hg19	hg19.chr13:g.48947603C>G	hg19.chr13:g.48947603C>G	RB1	49601:c.1190C>G	49601:p.(Ser397Ter)	ESCC-F113	Lin et al. (UCLA, cBioPortal)	ESCC
hg19	hg19.chr17:g.7578263G>A	hg19.chr17:g.7578263G>A	TP53	62635:c.586G>A	62635:p.(Arg196Ter)	ESCC-F113	Lin et al. (UCLA, cBioPortal)	ESCC
hg19	hg19.chr4:g.153249385G>A	hg19.chr4:g.153249385G>A	FBXW7	20029:c.1393G>A	20029:p.(Arg465Cys)	ESCC-F114	Lin et al. (UCLA, cBioPortal)	ESCC
hg19	hg19.chr17:g.7577556C>A	hg19.chr17:g.7577556C>A	TP53	62635:c.725C>A	62635:p.(Cys242Phe)	ESCC-F115	Lin et al. (UCLA, cBioPortal)	ESCC
hg19	hg19.chr3:g.178952085A>G	hg19.chr3:g.178952085A>G	PIK3CA	14944:c.3140A>G	14944:p.(His1047Arg)	ESCC-F116	Lin et al. (UCLA, cBioPortal)	ESCC
hg19	hg19.chr4:g.187524396G>T	hg19.chr4:g.187524396G>T	FAT1	20264:c.11284G>T	20264:p.(His3762Asn)	ESCC-F116	Lin et al. (UCLA, cBioPortal)	ESCC
hg19	hg19.chr17:g.7577512G>C	hg19.chr17:g.7577512G>C	TP53	62635:c.769G>C	62635:p.(Leu257Val)	ESCC-F117	Lin et al. (UCLA, cBioPortal)	ESCC
hg19	hg19.chr17:g.7577579G>T	hg19.chr17:g.7577579G>T	TP53	62635:c.702G>T	62635:p.(Tyr234Ter)	ESCC-F118	Lin et al. (UCLA, cBioPortal)	ESCC
hg19	hg19.chr9:g.139402475C>A	hg19.chr9:g.139402475C>A	NOTCH1	37446:c.3442C>A	37446:p.(Glu1148Ter)	ESCC-F119	Lin et al. (UCLA, cBioPortal)	ESCC
hg19	hg19.chr9:g.139409770G>C	hg19.chr9:g.139409770G>C	NOTCH1	37446:c.1986G>C	37446:p.(Tyr662Ter)	ESCC-F11	Lin et al. (UCLA, cBioPortal)	ESCC
hg19	hg19.chr17:g.7578520A>T	hg19.chr17:g.7578520A>T	TP53	62635:c.410A>T	62635:p.(Leu137Gln)	ESCC-F120	Lin et al. (UCLA, cBioPortal)	ESCC
hg19	hg19.chr4:g.187518900C>T	hg19.chr4:g.187518900C>T	FAT1	20264:c.12304C>T	20264:p.(Gly4102Arg)	ESCC-F120	Lin et al. (UCLA, cBioPortal)	ESCC
hg19	hg19.chr17:g.7577536T>A	hg19.chr17:g.7577536T>A	TP53	62635:c.745T>A	62635:p.(Arg249Trp)	ESCC-F12	Lin et al. (UCLA, cBioPortal)	ESCC
hg19	hg19.chr2:g.178098945G>C	hg19.chr2:g.178098945G>C	NFE2L2	12333:c.100G>C	12333:p.(Arg34Gly)	ESCC-F12	Lin et al. (UCLA, cBioPortal)	ESCC
hg19	hg19.chr17:g.7578496A>G	hg19.chr17:g.7578496A>G	TP53	62635:c.434A>G	62635:p.(Leu145Pro)	ESCC-F17	Lin et al. (UCLA, cBioPortal)	ESCC
hg19	hg19.chr17:g.7578235T>C	hg19.chr17:g.7578235T>C	TP53	62635:c.614T>C	62635:p.(Tyr205Cys)	ESCC-F18	Lin et al. (UCLA, cBioPortal)	ESCC
hg19	hg19.chr17:g.7578404A>T	hg19.chr17:g.7578404A>T	TP53	62635:c.526A>T	62635:p.(Cys176Ser)	ESCC-F18	Lin et al. (UCLA, cBioPortal)	ESCC
hg19	hg19.chr4:g.153247289G>A	hg19.chr4:g.153247289G>A	FBXW7	20029:c.1513G>A	20029:p.(Arg505Cys)	ESCC-F18	Lin et al. (UCLA, cBioPortal)	ESCC
hg19	hg19.chr13:g.48937016C>T	hg19.chr13:g.48937016C>T	RB1	49601:c.784C>T	49601:p.(Arg262Trp)	ESCC-F19	Lin et al. (UCLA, cBioPortal)	ESCC
hg19	hg19.chr17:g.7577539G>A	hg19.chr17:g.7577539G>A	TP53	62635:c.742G>A	62635:p.(Arg248Trp)	ESCC-F1	Lin et al. (UCLA, cBioPortal)	ESCC
hg19	hg19.chr4:g.153250840G>T	hg19.chr4:g.153250840G>T	FBXW7	20029:c.1220G>T	20029:p.(Ser407Ter)	ESCC-F20	Lin et al. (UCLA, cBioPortal)	ESCC
hg19	hg19.chr4:g.187557232A>T	hg19.chr4:g.187557232A>T	FAT1	20264:c.4130A>T	20264:p.(Ile1377Asn)	ESCC-F20	Lin et al. (UCLA, cBioPortal)	ESCC
hg19	hg19.chr17:g.7579575G>A	hg19.chr17:g.7579575G>A	TP53	62651:c.157G>A	62651:p.(Gln53Ter)	ESCC-F21	Lin et al. (UCLA, cBioPortal)	ESCC
hg19	hg19.chr4:g.187539564G>A	hg19.chr4:g.187539564G>A	FAT1	20264:c.8176G>A	20264:p.(Arg2726Ter)	ESCC-F23	Lin et al. (UCLA, cBioPortal)	ESCC
hg19	hg19.chr1:g.120512163A>C	hg19.chr1:g.120512163A>C	NOTCH2	6040:c.1079A>C	6040:p.(Phe360Cys)	ESCC-F25	Lin et al. (UCLA, cBioPortal)	ESCC
hg19	hg19.chr13:g.48951123A>T	hg19.chr13:g.48951123A>T	RB1	49601:c.1285A>T	49601:p.(Lys429Ter)	ESCC-F25	Lin et al. (UCLA, cBioPortal)	ESCC
hg19	hg19.chr17:g.7578492C>T	hg19.chr17:g.7578492C>T	TP53	62635:c.438C>T	62635:p.(Trp146Ter)	ESCC-F27	Lin et al. (UCLA, cBioPortal)	ESCC
hg19	hg19.chr3:g.178936082G>A	hg19.chr3:g.178936082G>A	PIK3CA	14944:c.1624G>A	14944:p.(Glu542Lys)	ESCC-F27	Lin et al. (UCLA, cBioPortal)	ESCC
hg19	hg19.chr17:g.7578403C>A	hg19.chr17:g.7578403C>A	TP53	62635:c.527C>A	62635:p.(Cys176Phe)	ESCC-F2	Lin et al. (UCLA, cBioPortal)	ESCC
hg19	hg19.chr17:g.7578212G>A	hg19.chr17:g.7578212G>A	TP53	62635:c.637G>A	62635:p.(Arg213Ter)	ESCC-F30	Lin et al. (UCLA, cBioPortal)	ESCC
hg19	hg19.chr9:g.139412252C>T	hg19.chr9:g.139412252C>T	NOTCH1	37446:c.1393C>T	37446:p.(Ala465Thr)	ESCC-F31	Lin et al. (UCLA, cBioPortal)	ESCC
hg19	hg19.chr17:g.7578205C>A	hg19.chr17:g.7578205C>A	TP53	62635:c.644C>A	62635:p.(Ser215Ile)	ESCC-F33	Lin et al. (UCLA, cBioPortal)	ESCC
hg19	hg19.chr4:g.153247364C>T	hg19.chr4:g.153247364C>T	FBXW7	20029:c.1438C>T	20029:p.(Asp480Asn)	ESCC-F34	Lin et al. (UCLA, cBioPortal)	ESCC
hg19	hg19.chr17:g.7578442T>C	hg19.chr17:g.7578442T>C	TP53	62635:c.488T>C	62635:p.(Tyr163Cys)	ESCC-F35	Lin et al. (UCLA, cBioPortal)	ESCC
hg19	hg19.chr17:g.7578203C>A	hg19.chr17:g.7578203C>A	TP53	62635:c.646C>A	62635:p.(Val216Leu)	ESCC-F37	Lin et al. (UCLA, cBioPortal)	ESCC
hg19	hg19.chr2:g.178098960C>T	hg19.chr2:g.178098960C>T	NFE2L2	12333:c.85C>T	12333:p.(Asp29Asn)	ESCC-F37	Lin et al. (UCLA, cBioPortal)	ESCC
hg19	hg19.chr17:g.7578205C>A	hg19.chr17:g.7578205C>A	TP53	62635:c.644C>A	62635:p.(Ser215Ile)	ESCC-F40	Lin et al. (UCLA, cBioPortal)	ESCC
hg19	hg19.chr17:g.7578502A>T	hg19.chr17:g.7578502A>T	TP53	62635:c.428A>T	62635:p.(Val143Glu)	ESCC-F41	Lin et al. (UCLA, cBioPortal)	ESCC
hg19	hg19.chr17:g.7578190T>C	hg19.chr17:g.7578190T>C	TP53	62635:c.659T>C	62635:p.(Tyr220Cys)	ESCC-F42	Lin et al. (UCLA, cBioPortal)	ESCC
hg19	hg19.chr4:g.187541541C>T	hg19.chr4:g.187541541C>T	FAT1	20264:c.6199C>T	20264:p.(Val2067Met)	ESCC-F42	Lin et al. (UCLA, cBioPortal)	ESCC
hg19	hg19.chr17:g.7577105G>T	hg19.chr17:g.7577105G>T	TP53	62636:c.833G>T	62636:p.(Pro278His)	ESCC-F43	Lin et al. (UCLA, cBioPortal)	ESCC
hg19	hg19.chr17:g.7577114C>A	hg19.chr17:g.7577114C>A	TP53	62636:c.824C>A	62636:p.(Cys275Phe)	ESCC-F44	Lin et al. (UCLA, cBioPortal)	ESCC
hg19	hg19.chr2:g.178098815T>C	hg19.chr2:g.178098815T>C	NFE2L2	12333:c.230T>C	12333:p.(Asp77Gly)	ESCC-F45	Lin et al. (UCLA, cBioPortal)	ESCC
hg19	hg19.chr17:g.7577138C>G	hg19.chr17:g.7577138C>G	TP53	62636:c.800C>G	62636:p.(Arg267Pro)	ESCC-F46	Lin et al. (UCLA, cBioPortal)	ESCC
hg19	hg19.chr17:g.7579349A>G	hg19.chr17:g.7579349A>G	TP53	62651:c.383A>G	62651:p.(Phe128Ser)	ESCC-F47	Lin et al. (UCLA, cBioPortal)	ESCC
hg19	hg19.chr2:g.178098945G>C	hg19.chr2:g.178098945G>C	NFE2L2	12333:c.100G>C	12333:p.(Arg34Gly)	ESCC-F48	Lin et al. (UCLA, cBioPortal)	ESCC
hg19	hg19.chr17:g.7578271T>A	hg19.chr17:g.7578271T>A	TP53	62635:c.578T>A	62635:p.(His193Leu)	ESCC-F48	Lin et al. (UCLA, cBioPortal)	ESCC
hg19	hg19.chr17:g.7578393A>C	hg19.chr17:g.7578393A>C	TP53	62635:c.537A>C	62635:p.(His179Gln)	ESCC-F49	Lin et al. (UCLA, cBioPortal)	ESCC
hg19	hg19.chr13:g.48953760C>T	hg19.chr13:g.48953760C>T	RB1	49601:c.1363C>T	49601:p.(Arg455Ter)	ESCC-F4	Lin et al. (UCLA, cBioPortal)	ESCC
hg19	hg19.chr1:g.120547976A>G	hg19.chr1:g.120547976A>G	NOTCH2	6040:c.391A>G	6040:p.(Cys131Arg)	ESCC-F51	Lin et al. (UCLA, cBioPortal)	ESCC
hg19	hg19.chr17:g.7578188C>A	hg19.chr17:g.7578188C>A	TP53	62635:c.661C>A	62635:p.(Glu221Ter)	ESCC-F52	Lin et al. (UCLA, cBioPortal)	ESCC
hg19	hg19.chr9:g.139412278C>T	hg19.chr9:g.139412278C>T	NOTCH1	37446:c.1367C>T	37446:p.(Cys456Tyr)	ESCC-F53	Lin et al. (UCLA, cBioPortal)	ESCC
hg19	hg19.chr17:g.7578212G>A	hg19.chr17:g.7578212G>A	TP53	62635:c.637G>A	62635:p.(Arg213Ter)	ESCC-F56	Lin et al. (UCLA, cBioPortal)	ESCC
hg19	hg19.chr13:g.48921986C>T	hg19.chr13:g.48921986C>T	RB1	49601:c.526C>T	49601:p.(Gln176Ter)	ESCC-F56	Lin et al. (UCLA, cBioPortal)	ESCC
hg19	hg19.chr4:g.187539764T>C	hg19.chr4:g.187539764T>C	FAT1	20264:c.7976T>C	20264:p.(Glu2659Gly)	ESCC-F58	Lin et al. (UCLA, cBioPortal)	ESCC
hg19	hg19.chr17:g.7579377G>A	hg19.chr17:g.7579377G>A	TP53	62651:c.355G>A	62651:p.(Gln119Ter)	ESCC-F59	Lin et al. (UCLA, cBioPortal)	ESCC
hg19	hg19.chr2:g.178098957G>A	hg19.chr2:g.178098957G>A	NFE2L2	12333:c.88G>A	12333:p.(Leu30Phe)	ESCC-F59	Lin et al. (UCLA, cBioPortal)	ESCC
hg19	hg19.chr4:g.187527273T>A	hg19.chr4:g.187527273T>A	FAT1	20264:c.10301T>A	20264:p.(Asn3434Ile)	ESCC-F5	Lin et al. (UCLA, cBioPortal)	ESCC
hg19	hg19.chr17:g.7578427T>C	hg19.chr17:g.7578427T>C	TP53	62635:c.503T>C	62635:p.(His168Arg)	ESCC-F62	Lin et al. (UCLA, cBioPortal)	ESCC
hg19	hg19.chr17:g.7577097C>T	hg19.chr17:g.7577097C>T	TP53	62636:c.841C>T	62636:p.(Asp281Asn)	ESCC-F64	Lin et al. (UCLA, cBioPortal)	ESCC
hg19	hg19.chr2:g.178098814A>T	hg19.chr2:g.178098814A>T	NFE2L2	12333:c.231A>T	12333:p.(Asp77Glu)	ESCC-F64	Lin et al. (UCLA, cBioPortal)	ESCC
hg19	hg19.chr3:g.178952085A>G	hg19.chr3:g.178952085A>G	PIK3CA	14944:c.3140A>G	14944:p.(His1047Arg)	ESCC-F66	Lin et al. (UCLA, cBioPortal)	ESCC
hg19	hg19.chr4:g.187628598T>C	hg19.chr4:g.187628598T>C	FAT1	20264:c.2384T>C	20264:p.(Tyr795Cys)	ESCC-F66	Lin et al. (UCLA, cBioPortal)	ESCC
hg19	hg19.chr17:g.7578236A>C	hg19.chr17:g.7578236A>C	TP53	62635:c.613A>C	62635:p.(Tyr205Asp)	ESCC-F67	Lin et al. (UCLA, cBioPortal)	ESCC
hg19	hg19.chr3:g.178936091G>A	hg19.chr3:g.178936091G>A	PIK3CA	14944:c.1633G>A	14944:p.(Glu545Lys)	ESCC-F67	Lin et al. (UCLA, cBioPortal)	ESCC
hg19	hg19.chr17:g.7579349A>C	hg19.chr17:g.7579349A>C	TP53	62651:c.383A>C	62651:p.(Phe128Cys)	ESCC-F69	Lin et al. (UCLA, cBioPortal)	ESCC
hg19	hg19.chr17:g.7578191A>T	hg19.chr17:g.7578191A>T	TP53	62635:c.658A>T	62635:p.(Tyr220Asn)	ESCC-F70	Lin et al. (UCLA, cBioPortal)	ESCC
hg19	hg19.chr17:g.7577085C>T	hg19.chr17:g.7577085C>T	TP53	62636:c.853C>T	62636:p.(Glu285Lys)	ESCC-F71	Lin et al. (UCLA, cBioPortal)	ESCC
hg19	hg19.chr9:g.139404312C>T	hg19.chr9:g.139404312C>T	NOTCH1	37446:c.2842C>T	37446:p.(Glu948Lys)	ESCC-F72	Lin et al. (UCLA, cBioPortal)	ESCC
hg19	hg19.chr3:g.178952072A>G	hg19.chr3:g.178952072A>G	PIK3CA	14944:c.3127A>G	14944:p.(Met1043Val)	ESCC-F73	Lin et al. (UCLA, cBioPortal)	ESCC
hg19	hg19.chr17:g.7577022G>A	hg19.chr17:g.7577022G>A	TP53	62636:c.916G>A	62636:p.(Arg306Ter)	ESCC-F75	Lin et al. (UCLA, cBioPortal)	ESCC
hg19	hg19.chr4:g.153249393G>A	hg19.chr4:g.153249393G>A	FBXW7	20029:c.1385G>A	20029:p.(Ser462Phe)	ESCC-F75	Lin et al. (UCLA, cBioPortal)	ESCC
hg19	hg19.chr17:g.7577142C>G	hg19.chr17:g.7577142C>G	TP53	62636:c.796C>G	62636:p.(Gly266Arg)	ESCC-F80	Lin et al. (UCLA, cBioPortal)	ESCC
hg19	hg19.chr17:g.7577022G>A	hg19.chr17:g.7577022G>A	TP53	62636:c.916G>A	62636:p.(Arg306Ter)	ESCC-F81	Lin et al. (UCLA, cBioPortal)	ESCC
hg19	hg19.chr17:g.7578461C>A	hg19.chr17:g.7578461C>A	TP53	62635:c.469C>A	62635:p.(Val157Phe)	ESCC-F81	Lin et al. (UCLA, cBioPortal)	ESCC
hg19	hg19.chr13:g.48936996G>A	hg19.chr13:g.48936996G>A	RB1	49601:c.764G>A	49601:p.(Arg255Gln)	ESCC-F81	Lin et al. (UCLA, cBioPortal)	ESCC
hg19	hg19.chr13:g.48947603C>G	hg19.chr13:g.48947603C>G	RB1	49601:c.1190C>G	49601:p.(Ser397Ter)	ESCC-F81	Lin et al. (UCLA, cBioPortal)	ESCC
hg19	hg19.chr17:g.7579485C>A	hg19.chr17:g.7579485C>A	TP53	62651:c.247C>A	62651:p.(Glu83Ter)	ESCC-F83	Lin et al. (UCLA, cBioPortal)	ESCC
hg19	hg19.chr4:g.187510077C>G	hg19.chr4:g.187510077C>G	FAT1	20264:c.13436C>G	20264:p.(Arg4479Thr)	ESCC-F83	Lin et al. (UCLA, cBioPortal)	ESCC
hg19	hg19.chr4:g.187629184G>A	hg19.chr4:g.187629184G>A	FAT1	20264:c.1798G>A	20264:p.(Gln600Ter)	ESCC-F83	Lin et al. (UCLA, cBioPortal)	ESCC
hg19	hg19.chr17:g.7574003G>A	hg19.chr17:g.7574003G>A	TP53	62643:c.1024G>A	62643:p.(Arg342Ter)	ESCC-F84	Lin et al. (UCLA, cBioPortal)	ESCC
hg19	hg19.chr3:g.178936091G>A	hg19.chr3:g.178936091G>A	PIK3CA	14944:c.1633G>A	14944:p.(Glu545Lys)	ESCC-F84	Lin et al. (UCLA, cBioPortal)	ESCC
hg19	hg19.chr4:g.187524066G>A	hg19.chr4:g.187524066G>A	FAT1	20264:c.11473G>A	20264:p.(Gln3825Ter)	ESCC-F84	Lin et al. (UCLA, cBioPortal)	ESCC
hg19	hg19.chr17:g.7577568C>A	hg19.chr17:g.7577568C>A	TP53	62635:c.713C>A	62635:p.(Cys238Phe)	ESCC-F86	Lin et al. (UCLA, cBioPortal)	ESCC
hg19	hg19.chr17:g.7579529C>T	hg19.chr17:g.7579529C>T	TP53	62651:c.203C>T	62651:p.(Trp68Ter)	ESCC-F86	Lin et al. (UCLA, cBioPortal)	ESCC
hg19	hg19.chr17:g.7578442T>C	hg19.chr17:g.7578442T>C	TP53	62635:c.488T>C	62635:p.(Tyr163Cys)	ESCC-F92	Lin et al. (UCLA, cBioPortal)	ESCC
hg19	hg19.chr9:g.139401276C>T	hg19.chr9:g.139401276C>T	NOTCH1	37446:c.3793C>T	37446:p.(Glu1265Lys)	ESCC-F92	Lin et al. (UCLA, cBioPortal)	ESCC
hg19	hg19.chr3:g.178936091G>A	hg19.chr3:g.178936091G>A	PIK3CA	14944:c.1633G>A	14944:p.(Glu545Lys)	ESCC-F93	Lin et al. (UCLA, cBioPortal)	ESCC
hg19	hg19.chr17:g.7578475G>A	hg19.chr17:g.7578475G>A	TP53	62635:c.455G>A	62635:p.(Pro152Leu)	ESCC-F9	Lin et al. (UCLA, cBioPortal)	ESCC
hg19	hg19.chr9:g.139412694C>T	hg19.chr9:g.139412694C>T	NOTCH1	37446:c.1150C>T	37446:p.(Gly384Ser)	P1_N3	Yuan et al.	CHNE
hg19	hg19.chr17:g.7578395G>A	hg19.chr17:g.7578395G>A	TP53	62635:c.535G>A	62635:p.(His179Tyr)	P1_N1	Yuan et al.	CHNE
hg19	hg19.chr9:g.139390525A>G	hg19.chr9:g.139390525A>G	NOTCH1	37446:c.7666A>G	37446:p.(Ter2556Gln)	P1_N2	Yuan et al.	CHNE
hg19	hg19.chr4:g.153247224C>G	hg19.chr4:g.153247224C>G	FBXW7	20029:c.1578C>G	20029:p.(Trp526Cys)	P2Tumor	Yuan et al.	ESCC
hg19	hg19.chr4:g.153247289G>A	hg19.chr4:g.153247289G>A	FBXW7	20029:c.1513G>A	20029:p.(Arg505Cys)	P2Tumor	Yuan et al.	ESCC
hg19	hg19.chr4:g.153268099A>C	hg19.chr4:g.153268099A>C	FBXW7	20029:c.709A>C	20029:p.(Trp237Gly)	P2Tumor	Yuan et al.	ESCC
hg19	hg19.chr9:g.139412245C>T	hg19.chr9:g.139412245C>T	NOTCH1	37446:c.1400C>T	37446:p.(Cys467Tyr)	P2_N2	Yuan et al.	CHNE
hg19	hg19.chr9:g.139412282C>T	hg19.chr9:g.139412282C>T	NOTCH1	37446:c.1363C>T	37446:p.(Glu455Lys)	P2_N2	Yuan et al.	CHNE
hg19	hg19.chr9:g.139412327A>G	hg19.chr9:g.139412327A>G	NOTCH1	37446:c.1318A>G	37446:p.(Cys440Arg)	P2_N4	Yuan et al.	CHNE
hg19	hg19.chr9:g.139413049G>A	hg19.chr9:g.139413049G>A	NOTCH1	37446:c.1093G>A	37446:p.(Arg365Cys)	P2_N2	Yuan et al.	CHNE
hg19	hg19.chr9:g.139413214C>T	hg19.chr9:g.139413214C>T	NOTCH1	37446:c.928C>T	37446:p.(Gly310Arg)	P2_N4	Yuan et al.	CHNE
hg19	hg19.chr17:g.7577550C>T	hg19.chr17:g.7577550C>T	TP53	62635:c.731C>T	62635:p.(Gly244Asp)	P2Tumor	Yuan et al.	ESCC
hg19	hg19.chr4:g.187549396C>T	hg19.chr4:g.187549396C>T	FAT1	20264:c.4722C>T	20264:p.(Ser1574Ser)	P2Tumor	Yuan et al.	ESCC
hg19	hg19.chr17:g.7578508C>T	hg19.chr17:g.7578508C>T	TP53	62635:c.422C>T	62635:p.(Cys141Tyr)	P3Tumor	Yuan et al.	ESCC
hg19	hg19.chr9:g.139411829C>G	hg19.chr9:g.139411829C>G	NOTCH1	37446:c.1450C>G	37446:p.(Gly484Arg)	P4_N6	Yuan et al.	CHNE
hg19	hg19.chr17:g.7577093C>T	hg19.chr17:g.7577093C>T	TP53	62636:c.845C>T	62636:p.(Arg282Gln)	P5_N1	Yuan et al.	CHNE
hg19	hg19.chr17:g.7578280G>A	hg19.chr17:g.7578280G>A	TP53	62635:c.569G>A	62635:p.(Pro190Leu)	P5_N1	Yuan et al.	CHNE
hg19	hg19.chr17:g.7578395G>A	hg19.chr17:g.7578395G>A	TP53	62635:c.535G>A	62635:p.(His179Tyr)	P5_N2	Yuan et al.	CHNE
hg19	hg19.chr17:g.7578530A>G	hg19.chr17:g.7578530A>G	TP53	62635:c.400A>G	62635:p.(Phe134Leu)	P5Tumor	Yuan et al.	ESCC
hg19	hg19.chr9:g.139413049G>A	hg19.chr9:g.139413049G>A	NOTCH1	37446:c.1093G>A	37446:p.(Arg365Cys)	P6_N1	Yuan et al.	CHNE
hg19	hg19.chr17:g.7577520A>G	hg19.chr17:g.7577520A>G	TP53	62635:c.761A>G	62635:p.(Ile254Thr)	P6Tumor	Yuan et al.	ESCC
hg19	hg19.chr9:g.139412252C>T	hg19.chr9:g.139412252C>T	NOTCH1	37446:c.1393C>T	37446:p.(Ala465Thr)	P7_N1	Yuan et al.	CHNE
hg19	hg19.chr17:g.7579377G>A	hg19.chr17:g.7579377G>A	TP53	62651:c.355G>A	62651:p.(Gln119Ter)	P7Tumor	Yuan et al.	ESCC
hg19	hg19.chr9:g.139399344A>G	hg19.chr9:g.139399344A>G	NOTCH1	37446:c.4799A>G	37446:p.(Leu1600Pro)	P8Tumor	Yuan et al.	ESCC
hg19	hg19.chr17:g.7577539G>A	hg19.chr17:g.7577539G>A	TP53	62635:c.742G>A	62635:p.(Arg248Trp)	P8Tumor	Yuan et al.	ESCC
hg19	hg19.chr17:g.7578406C>T	hg19.chr17:g.7578406C>T	TP53	62635:c.524C>T	62635:p.(Arg175His)	P8_N1	Yuan et al.	CHNE
hg19	hg19.chr9:g.139412255C>T	hg19.chr9:g.139412255C>T	NOTCH1	37446:c.1390C>T	37446:p.(Asp464Asn)	P9_N2	Yuan et al.	CHNE
hg19	hg19.chr9:g.139412282C>T	hg19.chr9:g.139412282C>T	NOTCH1	37446:c.1363C>T	37446:p.(Glu455Lys)	P9_N1	Yuan et al.	CHNE
hg19	hg19.chr9:g.139412375C>T	hg19.chr9:g.139412375C>T	NOTCH1	37446:c.1270C>T	37446:p.(Glu424Lys)	P9_N2	Yuan et al.	CHNE
hg19	hg19.chr17:g.7578406C>T	hg19.chr17:g.7578406C>T	TP53	62635:c.524C>T	62635:p.(Arg175His)	P9Tumor	Yuan et al.	ESCC
hg19	hg19.chr17:g.7578475G>A	hg19.chr17:g.7578475G>A	TP53	62635:c.455G>A	62635:p.(Pro152Leu)	P9_N2	Yuan et al.	CHNE
hg19	hg19.chr4:g.187519154G>A	hg19.chr4:g.187519154G>A	FAT1	20264:c.12229G>A	20264:p.(Gln4077Ter)	P9_N2	Yuan et al.	CHNE
hg19	hg19.chr4:g.187524414C>A	hg19.chr4:g.187524414C>A	FAT1	20264:c.11266C>A	20264:p.(Glu3756Ter)	P9_N2	Yuan et al.	CHNE
hg19	hg19.chr2:g.178098810C>G	hg19.chr2:g.178098810C>G	NFE2L2	12333:c.235C>G	12333:p.(Glu79Gln)	P10Tumor	Yuan et al.	ESCC
hg19	hg19.chr4:g.187542005G>A	hg19.chr4:g.187542005G>A	FAT1	20264:c.5735G>A	20264:p.(Ser1912Leu)	P10Tumor	Yuan et al.	ESCC
hg19	hg19.chr17:g.7578413C>A	hg19.chr17:g.7578413C>A	TP53	62635:c.517C>A	62635:p.(Val173Leu)	P10Tumor	Yuan et al.	ESCC
hg19	hg19.chr3:g.178928097A>G	hg19.chr3:g.178928097A>G	PIK3CA	14944:c.1375A>G	14944:p.(Ile459Val)	UPN1_ND	Yokoyama et al.	CHNE
hg19	hg19.chr4:g.187628578T>A	hg19.chr4:g.187628578T>A	FAT1	20264:c.2404T>A	20264:p.(Lys802Ter)	UPN1_ND	Yokoyama et al.	CHNE
hg19	hg19.chr17:g.7578522T>A	hg19.chr17:g.7578522T>A	TP53	62635:c.408T>A	62635:p.(Gln136His)	UPN6_ND	Yokoyama et al.	CHNE
hg19	hg19.chr17:g.7579312C>T	hg19.chr17:g.7579312C>T	TP53	62651:c.420C>T	62651:p.(Thr140Thr)	UPN6_ND	Yokoyama et al.	CHNE
hg19	hg19.chr9:g.139409770G>C	hg19.chr9:g.139409770G>C	NOTCH1	37446:c.1986G>C	37446:p.(Tyr662Ter)	UPN6_ND	Yokoyama et al.	CHNE
hg19	hg19.chr9:g.139412375C>T	hg19.chr9:g.139412375C>T	NOTCH1	37446:c.1270C>T	37446:p.(Glu424Lys)	UPN6_ND	Yokoyama et al.	CHNE
hg19	hg19.chr17:g.7577100T>A	hg19.chr17:g.7577100T>A	TP53	62636:c.838T>A	62636:p.(Arg280Ter)	UPN7_ND	Yokoyama et al.	CHNE
hg19	hg19.chr9:g.139399924T>C	hg19.chr9:g.139399924T>C	NOTCH1	37446:c.4424T>C	37446:p.(Asp1475Gly)	UPN7_ND	Yokoyama et al.	CHNE
hg19	hg19.chr9:g.139412627C>T	hg19.chr9:g.139412627C>T	NOTCH1	37446:c.1217C>T	37446:p.(Gly406Asp)	UPN7_ND	Yokoyama et al.	CHNE
hg19	hg19.chr9:g.139413161C>A	hg19.chr9:g.139413161C>A	NOTCH1	37446:c.981C>A	37446:p.(Trp327Cys)	UPN7_ND	Yokoyama et al.	CHNE
hg19	hg19.chr9:g.139413167G>T	hg19.chr9:g.139413167G>T	NOTCH1	37446:c.975G>T	37446:p.(Asn325Lys)	UPN7_ND	Yokoyama et al.	CHNE
hg19	hg19.chr17:g.7578190T>C	hg19.chr17:g.7578190T>C	TP53	62635:c.659T>C	62635:p.(Tyr220Cys)	UPN8_ND	Yokoyama et al.	CHNE
hg19	hg19.chr2:g.178098968T>C	hg19.chr2:g.178098968T>C	NFE2L2	12333:c.77T>C	12333:p.(Gln26Arg)	UPN8_ND	Yokoyama et al.	CHNE
hg19	hg19.chr17:g.7577121G>A	hg19.chr17:g.7577121G>A	TP53	62636:c.817G>A	62636:p.(Arg273Cys)	UPN9_ND	Yokoyama et al.	CHNE
hg19	hg19.chr4:g.187628101G>A	hg19.chr4:g.187628101G>A	FAT1	20264:c.2881G>A	20264:p.(Gln961Ter)	UPN9_ND	Yokoyama et al.	CHNE
hg19	hg19.chr9:g.139412219A>G	hg19.chr9:g.139412219A>G	NOTCH1	37446:c.1426A>G	37446:p.(Cys476Arg)	UPN10_ND	Yokoyama et al.	CHNE
hg19	hg19.chr9:g.139412252C>T	hg19.chr9:g.139412252C>T	NOTCH1	37446:c.1393C>T	37446:p.(Ala465Thr)	UPN10_ND	Yokoyama et al.	CHNE
hg19	hg19.chr9:g.139412297C>T	hg19.chr9:g.139412297C>T	NOTCH1	37446:c.1348C>T	37446:p.(Glu450Lys)	UPN10_ND	Yokoyama et al.	CHNE
hg19	hg19.chr9:g.139413085G>A	hg19.chr9:g.139413085G>A	NOTCH1	37446:c.1057G>A	37446:p.(Arg353Cys)	UPN10_ND	Yokoyama et al.	CHNE
hg19	hg19.chr17:g.7577058C>A	hg19.chr17:g.7577058C>A	TP53	62636:c.880C>A	62636:p.(Glu294Ter)	UPN11_ND	Yokoyama et al.	CHNE
hg19	hg19.chr17:g.7577124C>A	hg19.chr17:g.7577124C>A	TP53	62636:c.814C>A	62636:p.(Val272Leu)	UPN11_ND	Yokoyama et al.	CHNE
hg19	hg19.chr17:g.7578406C>T	hg19.chr17:g.7578406C>T	TP53	62635:c.524C>T	62635:p.(Arg175His)	UPN11_ND	Yokoyama et al.	CHNE
hg19	hg19.chr9:g.139412742G>C	hg19.chr9:g.139412742G>C	NOTCH1	37446:c.1102G>C	37446:p.(Leu368Val)	UPN11_ND	Yokoyama et al.	CHNE
hg19	hg19.chr9:g.139413072A>G	hg19.chr9:g.139413072A>G	NOTCH1	37446:c.1070A>G	37446:p.(Phe357Ser)	UPN11_ND	Yokoyama et al.	CHNE
hg19	hg19.chr9:g.139413214C>T	hg19.chr9:g.139413214C>T	NOTCH1	37446:c.928C>T	37446:p.(Gly310Arg)	UPN11_ND	Yokoyama et al.	CHNE
hg19	hg19.chr9:g.139412375C>T	hg19.chr9:g.139412375C>T	NOTCH1	37446:c.1270C>T	37446:p.(Glu424Lys)	UPN13_ND	Yokoyama et al.	CHNE
hg19	hg19.chr9:g.139412742G>C	hg19.chr9:g.139412742G>C	NOTCH1	37446:c.1102G>C	37446:p.(Leu368Val)	UPN13_ND	Yokoyama et al.	CHNE
hg19	hg19.chr1:g.120508085A>G	hg19.chr1:g.120508085A>G	NOTCH2	6040:c.1672A>G	6040:p.(Cys558Arg)	UPN14_ND	Yokoyama et al.	CHNE
hg19	hg19.chr9:g.139412664C>A	hg19.chr9:g.139412664C>A	NOTCH1	37446:c.1180C>A	37446:p.(Gly394Cys)	UPN14_ND	Yokoyama et al.	CHNE
hg19	hg19.chr9:g.139418383G>T	hg19.chr9:g.139418383G>T	NOTCH1	37446:c.189G>T	37446:p.(Cys63Ter)	UPN14_ND	Yokoyama et al.	CHNE
hg19	hg19.chr17:g.7577530T>A	hg19.chr17:g.7577530T>A	TP53	62635:c.751T>A	62635:p.(Ile251Phe)	UPN15_ND	Yokoyama et al.	CHNE
hg19	hg19.chr17:g.7578190T>C	hg19.chr17:g.7578190T>C	TP53	62635:c.659T>C	62635:p.(Tyr220Cys)	UPN2_ND	Yokoyama et al.	CHNE
hg19	hg19.chr9:g.139401337G>T	hg19.chr9:g.139401337G>T	NOTCH1	37446:c.3732G>T	37446:p.(Cys1244Ter)	UPN2_ND	Yokoyama et al.	CHNE
hg19	hg19.chr9:g.139412245C>A	hg19.chr9:g.139412245C>A	NOTCH1	37446:c.1400C>A	37446:p.(Cys467Phe)	UPN2_ND	Yokoyama et al.	CHNE
hg19	hg19.chr9:g.139412598A>C	hg19.chr9:g.139412598A>C	NOTCH1	37446:c.1246A>C	37446:p.(Cys416Gly)	UPN2_ND	Yokoyama et al.	CHNE
hg19	hg19.chr9:g.139412219A>G	hg19.chr9:g.139412219A>G	NOTCH1	37446:c.1426A>G	37446:p.(Cys476Arg)	UPN16_ND	Yokoyama et al.	CHNE
hg19	hg19.chr9:g.139412375C>T	hg19.chr9:g.139412375C>T	NOTCH1	37446:c.1270C>T	37446:p.(Glu424Lys)	UPN16_ND	Yokoyama et al.	CHNE
hg19	hg19.chr9:g.139412618C>T	hg19.chr9:g.139412618C>T	NOTCH1	37446:c.1226C>T	37446:p.(Cys409Tyr)	UPN16_ND	Yokoyama et al.	CHNE
hg19	hg19.chr9:g.139411819C>A	hg19.chr9:g.139411819C>A	NOTCH1	37446:c.1460C>A	37446:p.(Cys487Phe)	UPN17_ND	Yokoyama et al.	CHNE
hg19	hg19.chr9:g.139412664C>T	hg19.chr9:g.139412664C>T	NOTCH1	37446:c.1180C>T	37446:p.(Gly394Ser)	UPN17_ND	Yokoyama et al.	CHNE
hg19	hg19.chr9:g.139412673G>A	hg19.chr9:g.139412673G>A	NOTCH1	37446:c.1171G>A	37446:p.(Pro391Ser)	UPN17_ND	Yokoyama et al.	CHNE
hg19	hg19.chr17:g.7578203C>A	hg19.chr17:g.7578203C>A	TP53	62635:c.646C>A	62635:p.(Val216Leu)	UPN3_ND	Yokoyama et al.	CHNE
hg19	hg19.chr17:g.7578268A>T	hg19.chr17:g.7578268A>T	TP53	62635:c.581A>T	62635:p.(Leu194His)	UPN20_ND	Yokoyama et al.	CHNE
hg19	hg19.chr9:g.139412252C>T	hg19.chr9:g.139412252C>T	NOTCH1	37446:c.1393C>T	37446:p.(Ala465Thr)	UPN20_ND	Yokoyama et al.	CHNE
hg19	hg19.chr9:g.139412690G>A	hg19.chr9:g.139412690G>A	NOTCH1	37446:c.1154G>A	37446:p.(Ser385Phe)	UPN20_ND	Yokoyama et al.	CHNE
hg19	hg19.chr17:g.7578190T>C	hg19.chr17:g.7578190T>C	TP53	62635:c.659T>C	62635:p.(Tyr220Cys)	UPN22_ND	Yokoyama et al.	CHNE
hg19	hg19.chr9:g.139401337G>T	hg19.chr9:g.139401337G>T	NOTCH1	37446:c.3732G>T	37446:p.(Cys1244Ter)	UPN22_ND	Yokoyama et al.	CHNE
hg19	hg19.chr9:g.139412245C>A	hg19.chr9:g.139412245C>A	NOTCH1	37446:c.1400C>A	37446:p.(Cys467Phe)	UPN22_ND	Yokoyama et al.	CHNE
hg19	hg19.chr9:g.139412353T>A	hg19.chr9:g.139412353T>A	NOTCH1	37446:c.1292T>A	37446:p.(Asn431Ile)	UPN23_ND	Yokoyama et al.	CHNE
hg19	hg19.chr9:g.139412377C>T	hg19.chr9:g.139412377C>T	NOTCH1	37446:c.1268C>T	37446:p.(Cys423Tyr)	UPN23_ND	Yokoyama et al.	CHNE
hg19	hg19.chr9:g.139413244G>A	hg19.chr9:g.139413244G>A	NOTCH1	37446:c.898G>A	37446:p.(Gln300Ter)	UPN23_ND	Yokoyama et al.	CHNE
hg19	hg19.chr9:g.139412278C>T	hg19.chr9:g.139412278C>T	NOTCH1	37446:c.1367C>T	37446:p.(Cys456Tyr)	UPN24_ND	Yokoyama et al.	CHNE
hg19	hg19.chr9:g.139412651C>T	hg19.chr9:g.139412651C>T	NOTCH1	37446:c.1193C>T	37446:p.(Cys398Tyr)	UPN24_ND	Yokoyama et al.	CHNE
hg19	hg19.chr9:g.139413130C>A	hg19.chr9:g.139413130C>A	NOTCH1	37446:c.1012C>A	37446:p.(Asp338Tyr)	UPN24_ND	Yokoyama et al.	CHNE
hg19	hg19.chr9:g.139412242A>G	hg19.chr9:g.139412242A>G	NOTCH1	37446:c.1403A>G	37446:p.(Leu468Pro)	UPN25_ND	Yokoyama et al.	CHNE
hg19	hg19.chr9:g.139412282C>T	hg19.chr9:g.139412282C>T	NOTCH1	37446:c.1363C>T	37446:p.(Glu455Lys)	UPN25_ND	Yokoyama et al.	CHNE
hg19	hg19.chr9:g.139412326C>A	hg19.chr9:g.139412326C>A	NOTCH1	37446:c.1319C>A	37446:p.(Cys440Phe)	UPN25_ND	Yokoyama et al.	CHNE
hg19	hg19.chr9:g.139412598A>C	hg19.chr9:g.139412598A>C	NOTCH1	37446:c.1246A>C	37446:p.(Cys416Gly)	UPN25_ND	Yokoyama et al.	CHNE
hg19	hg19.chr9:g.139412664C>T	hg19.chr9:g.139412664C>T	NOTCH1	37446:c.1180C>T	37446:p.(Gly394Ser)	UPN25_ND	Yokoyama et al.	CHNE
hg19	hg19.chr9:g.139440238T>C	hg19.chr9:g.139440238T>C	NOTCH1	37446:c.1T>C	37446:p.(Met1Val)	UPN25_ND	Yokoyama et al.	CHNE
hg19	hg19.chr4:g.187510049C>T	hg19.chr4:g.187510049C>T	FAT1	20264:c.13464C>T	20264:p.(Gln4488Gln)	UPN26_ND	Yokoyama et al.	CHNE
hg19	hg19.chr4:g.187527243T>C	hg19.chr4:g.187527243T>C	FAT1	20264:c.10331T>C	20264:p.(Asn3444Ser)	UPN26_ND	Yokoyama et al.	CHNE
hg19	hg19.chr9:g.139412218C>T	hg19.chr9:g.139412218C>T	NOTCH1	37446:c.1427C>T	37446:p.(Cys476Tyr)	UPN26_ND	Yokoyama et al.	CHNE
hg19	hg19.chr17:g.7577524T>C	hg19.chr17:g.7577524T>C	TP53	62635:c.757T>C	62635:p.(Thr253Ala)	UPN27_ND	Yokoyama et al.	CHNE
hg19	hg19.chr17:g.7577530T>A	hg19.chr17:g.7577530T>A	TP53	62635:c.751T>A	62635:p.(Ile251Phe)	UPN27_ND	Yokoyama et al.	CHNE
hg19	hg19.chr9:g.139401872G>A	hg19.chr9:g.139401872G>A	NOTCH1	37446:c.3528G>A	37446:p.(His1176His)	UPN27_ND	Yokoyama et al.	CHNE
hg19	hg19.chr9:g.139411828C>A	hg19.chr9:g.139411828C>A	NOTCH1	37446:c.1451C>A	37446:p.(Gly484Val)	UPN27_ND	Yokoyama et al.	CHNE
hg19	hg19.chr9:g.139412278C>A	hg19.chr9:g.139412278C>A	NOTCH1	37446:c.1367C>A	37446:p.(Cys456Phe)	UPN27_ND	Yokoyama et al.	CHNE
hg19	hg19.chr9:g.139412326C>T	hg19.chr9:g.139412326C>T	NOTCH1	37446:c.1319C>T	37446:p.(Cys440Tyr)	UPN27_ND	Yokoyama et al.	CHNE
hg19	hg19.chr9:g.139412360A>G	hg19.chr9:g.139412360A>G	NOTCH1	37446:c.1285A>G	37446:p.(Cys429Arg)	UPN27_ND	Yokoyama et al.	CHNE
hg19	hg19.chr17:g.7578235T>C	hg19.chr17:g.7578235T>C	TP53	62635:c.614T>C	62635:p.(Tyr205Cys)	UPN28_ND	Yokoyama et al.	CHNE
hg19	hg19.chr17:g.7578266T>A	hg19.chr17:g.7578266T>A	TP53	62635:c.583T>A	62635:p.(Ile195Phe)	UPN28_ND	Yokoyama et al.	CHNE
hg19	hg19.chr17:g.7578269G>A	hg19.chr17:g.7578269G>A	TP53	62635:c.580G>A	62635:p.(Leu194Phe)	UPN28_ND	Yokoyama et al.	CHNE
hg19	hg19.chr4:g.187538198T>C	hg19.chr4:g.187538198T>C	FAT1	20264:c.9036T>C	20264:p.(Lys3012Lys)	UPN28_ND	Yokoyama et al.	CHNE
hg19	hg19.chr9:g.139411829C>A	hg19.chr9:g.139411829C>A	NOTCH1	37446:c.1450C>A	37446:p.(Gly484Cys)	UPN28_ND	Yokoyama et al.	CHNE
hg19	hg19.chr9:g.139412239T>C	hg19.chr9:g.139412239T>C	NOTCH1	37446:c.1406T>C	37446:p.(Asp469Gly)	UPN28_ND	Yokoyama et al.	CHNE
hg19	hg19.chr9:g.139399519C>A	hg19.chr9:g.139399519C>A	NOTCH1	37446:c.4624C>A	37446:p.(Asp1542Tyr)	UPN4_ND	Yokoyama et al.	CHNE
hg19	hg19.chr9:g.139399912C>G	hg19.chr9:g.139399912C>G	NOTCH1	37446:c.4436C>G	37446:p.(Cys1479Ser)	UPN29_ND	Yokoyama et al.	CHNE
hg19	hg19.chr9:g.139401281C>A	hg19.chr9:g.139401281C>A	NOTCH1	37446:c.3788C>A	37446:p.(Arg1263Leu)	UPN29_ND	Yokoyama et al.	CHNE
hg19	hg19.chr9:g.139412627C>A	hg19.chr9:g.139412627C>A	NOTCH1	37446:c.1217C>A	37446:p.(Gly406Val)	UPN29_ND	Yokoyama et al.	CHNE
hg19	hg19.chr9:g.139413214C>T	hg19.chr9:g.139413214C>T	NOTCH1	37446:c.928C>T	37446:p.(Gly310Arg)	UPN29_ND	Yokoyama et al.	CHNE
hg19	hg19.chr9:g.139403438G>A	hg19.chr9:g.139403438G>A	NOTCH1	37446:c.3055G>A	37446:p.(Gln1019Ter)	UPN30_ND	Yokoyama et al.	CHNE
hg19	hg19.chr9:g.139412297C>T	hg19.chr9:g.139412297C>T	NOTCH1	37446:c.1348C>T	37446:p.(Glu450Lys)	UPN30_ND	Yokoyama et al.	CHNE
hg19	hg19.chr9:g.139412381G>T	hg19.chr9:g.139412381G>T	NOTCH1	37446:c.1264G>T	37446:p.(Pro422Thr)	UPN30_ND	Yokoyama et al.	CHNE
hg19	hg19.chr9:g.139412245C>A	hg19.chr9:g.139412245C>A	NOTCH1	37446:c.1400C>A	37446:p.(Cys467Phe)	UPN31_ND	Yokoyama et al.	CHNE
hg19	hg19.chr9:g.139413085G>A	hg19.chr9:g.139413085G>A	NOTCH1	37446:c.1057G>A	37446:p.(Arg353Cys)	UPN31_ND	Yokoyama et al.	CHNE
hg19	hg19.chr17:g.7577539G>A	hg19.chr17:g.7577539G>A	TP53	62635:c.742G>A	62635:p.(Arg248Trp)	UPN5_ND	Yokoyama et al.	CHNE
hg19	hg19.chr9:g.139412327A>C	hg19.chr9:g.139412327A>C	NOTCH1	37446:c.1318A>C	37446:p.(Cys440Gly)	UPN5_ND	Yokoyama et al.	CHNE
hg19	hg19.chr9:g.139413085G>A	hg19.chr9:g.139413085G>A	NOTCH1	37446:c.1057G>A	37446:p.(Arg353Cys)	UPN5_ND	Yokoyama et al.	CHNE
hg19	hg19.chr9:g.139413103C>A	hg19.chr9:g.139413103C>A	NOTCH1	37446:c.1039C>A	37446:p.(Gly347Cys)	UPN5_ND	Yokoyama et al.	CHNE
hg19	hg19.chr3:g.178952085A>G	hg19.chr3:g.178952085A>G	PIK3CA	14944:c.3140A>G	14944:p.(His1047Arg)	UPN99_ND	Yokoyama et al.	CHNE
hg19	hg19.chr1:g.120510853G>A	hg19.chr1:g.120510853G>A	NOTCH2	6040:c.1111G>A	6040:p.(Leu371Phe)	UPN131_ND	Yokoyama et al.	CHNE
hg19	hg19.chr17:g.7577120C>T	hg19.chr17:g.7577120C>T	TP53	62636:c.818C>T	62636:p.(Arg273His)	UPN131_ND	Yokoyama et al.	CHNE
hg19	hg19.chr9:g.139412240C>A	hg19.chr9:g.139412240C>A	NOTCH1	37446:c.1405C>A	37446:p.(Asp469Tyr)	UPN131_ND	Yokoyama et al.	CHNE
hg19	hg19.chr1:g.120510091T>A	hg19.chr1:g.120510091T>A	NOTCH2	6040:c.1418T>A	6040:p.(Asp473Val)	UPN100_ND	Yokoyama et al.	CHNE
hg19	hg19.chr3:g.178952085A>G	hg19.chr3:g.178952085A>G	PIK3CA	14944:c.3140A>G	14944:p.(His1047Arg)	UPN100_ND	Yokoyama et al.	CHNE
hg19	hg19.chr9:g.139391988G>T	hg19.chr9:g.139391988G>T	NOTCH1	37446:c.6203G>T	37446:p.(Ala2068Asp)	UPN100_ND	Yokoyama et al.	CHNE
hg19	hg19.chr9:g.139412375C>T	hg19.chr9:g.139412375C>T	NOTCH1	37446:c.1270C>T	37446:p.(Glu424Lys)	UPN101_ND	Yokoyama et al.	CHNE
hg19	hg19.chr4:g.187540086C>T	hg19.chr4:g.187540086C>T	FAT1	20264:c.7654C>T	20264:p.(Glu2552Lys)	UPN102_ND	Yokoyama et al.	CHNE
hg19	hg19.chr4:g.187630297T>C	hg19.chr4:g.187630297T>C	FAT1	20264:c.685T>C	20264:p.(Met229Val)	UPN102_ND	Yokoyama et al.	CHNE
hg19	hg19.chr9:g.139413225C>G	hg19.chr9:g.139413225C>G	NOTCH1	37446:c.917C>G	37446:p.(Cys306Ser)	UPN102_ND	Yokoyama et al.	CHNE
hg19	hg19.chr9:g.139412278C>T	hg19.chr9:g.139412278C>T	NOTCH1	37446:c.1367C>T	37446:p.(Cys456Tyr)	UPN132_ND	Yokoyama et al.	CHNE
hg19	hg19.chr9:g.139412619A>T	hg19.chr9:g.139412619A>T	NOTCH1	37446:c.1225A>T	37446:p.(Cys409Ser)	UPN132_ND	Yokoyama et al.	CHNE
hg19	hg19.chr9:g.139413130C>A	hg19.chr9:g.139413130C>A	NOTCH1	37446:c.1012C>A	37446:p.(Asp338Tyr)	UPN133_ND	Yokoyama et al.	CHNE
hg19	hg19.chr9:g.139412231C>A	hg19.chr9:g.139412231C>A	NOTCH1	37446:c.1414C>A	37446:p.(Gly472Trp)	UPN103_ND	Yokoyama et al.	CHNE
hg19	hg19.chr9:g.139412662G>A	hg19.chr9:g.139412662G>A	NOTCH1	37446:c.1182G>A	37446:p.(Gly394Gly)	UPN103_ND	Yokoyama et al.	CHNE
hg19	hg19.chr9:g.139418400G>A	hg19.chr9:g.139418400G>A	NOTCH1	37446:c.172G>A	37446:p.(Gln58Ter)	UPN103_ND	Yokoyama et al.	CHNE
hg19	hg19.chr9:g.139438523G>T	hg19.chr9:g.139438523G>T	NOTCH1	37446:c.93G>T	37446:p.(Cys31Ter)	UPN103_ND	Yokoyama et al.	CHNE
hg19	hg19.chr17:g.7577095G>C	hg19.chr17:g.7577095G>C	TP53	62636:c.843G>C	62636:p.(Asp281Glu)	UPN104_ND	Yokoyama et al.	CHNE
hg19	hg19.chr17:g.7577573G>T	hg19.chr17:g.7577573G>T	TP53	62635:c.708G>T	62635:p.(Tyr236Ter)	UPN104_ND	Yokoyama et al.	CHNE
hg19	hg19.chr9:g.139411828C>A	hg19.chr9:g.139411828C>A	NOTCH1	37446:c.1451C>A	37446:p.(Gly484Val)	UPN104_ND	Yokoyama et al.	CHNE
hg19	hg19.chr17:g.7577559G>A	hg19.chr17:g.7577559G>A	TP53	62635:c.722G>A	62635:p.(Ser241Phe)	UPN105_ND	Yokoyama et al.	CHNE
hg19	hg19.chr9:g.139412282C>T	hg19.chr9:g.139412282C>T	NOTCH1	37446:c.1363C>T	37446:p.(Glu455Lys)	UPN106_ND	Yokoyama et al.	CHNE
hg19	hg19.chr9:g.139412736A>T	hg19.chr9:g.139412736A>T	NOTCH1	37446:c.1108A>T	37446:p.(Cys370Ser)	UPN106_ND	Yokoyama et al.	CHNE
hg19	hg19.chr17:g.7577539G>A	hg19.chr17:g.7577539G>A	TP53	62635:c.742G>A	62635:p.(Arg248Trp)	UPN107_ND	Yokoyama et al.	CHNE
hg19	hg19.chr17:g.7578190T>C	hg19.chr17:g.7578190T>C	TP53	62635:c.659T>C	62635:p.(Tyr220Cys)	UPN107_ND	Yokoyama et al.	CHNE
hg19	hg19.chr9:g.139396755C>A	hg19.chr9:g.139396755C>A	NOTCH1	37446:c.5353C>A	37446:p.(Glu1785Ter)	UPN107_ND	Yokoyama et al.	CHNE
hg19	hg19.chr9:g.139401203T>A	hg19.chr9:g.139401203T>A	NOTCH1	37446:c.3866T>A	37446:p.(Asn1289Ile)	UPN107_ND	Yokoyama et al.	CHNE
hg19	hg19.chr4:g.187542092A>C	hg19.chr4:g.187542092A>C	FAT1	20264:c.5648A>C	20264:p.(Leu1883Ter)	UPN108_ND	Yokoyama et al.	CHNE
hg19	hg19.chr9:g.139407931C>A	hg19.chr9:g.139407931C>A	NOTCH1	37446:c.2266C>A	37446:p.(Glu756Ter)	UPN108_ND	Yokoyama et al.	CHNE
hg19	hg19.chr9:g.139412326C>A	hg19.chr9:g.139412326C>A	NOTCH1	37446:c.1319C>A	37446:p.(Cys440Phe)	UPN108_ND	Yokoyama et al.	CHNE
hg19	hg19.chr17:g.7578190T>C	hg19.chr17:g.7578190T>C	TP53	62635:c.659T>C	62635:p.(Tyr220Cys)	UPN109_ND	Yokoyama et al.	CHNE
hg19	hg19.chr17:g.7578418T>C	hg19.chr17:g.7578418T>C	TP53	62635:c.512T>C	62635:p.(Glu171Gly)	UPN109_ND	Yokoyama et al.	CHNE
hg19	hg19.chr9:g.139412326C>A	hg19.chr9:g.139412326C>A	NOTCH1	37446:c.1319C>A	37446:p.(Cys440Phe)	UPN109_ND	Yokoyama et al.	CHNE
hg19	hg19.chr17:g.7578190T>C	hg19.chr17:g.7578190T>C	TP53	62635:c.659T>C	62635:p.(Tyr220Cys)	UPN98_ND	Yokoyama et al.	CHNE
hg19	hg19.chr17:g.7578536T>G	hg19.chr17:g.7578536T>G	TP53	62635:c.394T>G	62635:p.(Lys132Gln)	UPN98_ND	Yokoyama et al.	CHNE
hg19	hg19.chr9:g.139412651C>A	hg19.chr9:g.139412651C>A	NOTCH1	37446:c.1193C>A	37446:p.(Cys398Phe)	UPN98_ND	Yokoyama et al.	CHNE
hg19	hg19.chr9:g.139412375C>T	hg19.chr9:g.139412375C>T	NOTCH1	37446:c.1270C>T	37446:p.(Glu424Lys)	UPN111_ND	Yokoyama et al.	CHNE
hg19	hg19.chr9:g.139413214C>T	hg19.chr9:g.139413214C>T	NOTCH1	37446:c.928C>T	37446:p.(Gly310Arg)	UPN111_ND	Yokoyama et al.	CHNE
hg19	hg19.chr17:g.7577096T>A	hg19.chr17:g.7577096T>A	TP53	62636:c.842T>A	62636:p.(Asp281Val)	UPN112_ND	Yokoyama et al.	CHNE
hg19	hg19.chr9:g.139412218C>A	hg19.chr9:g.139412218C>A	NOTCH1	37446:c.1427C>A	37446:p.(Cys476Phe)	UPN112_ND	Yokoyama et al.	CHNE
hg19	hg19.chr9:g.139412326C>A	hg19.chr9:g.139412326C>A	NOTCH1	37446:c.1319C>A	37446:p.(Cys440Phe)	UPN112_ND	Yokoyama et al.	CHNE
hg19	hg19.chr9:g.139412690G>T	hg19.chr9:g.139412690G>T	NOTCH1	37446:c.1154G>T	37446:p.(Ser385Tyr)	UPN112_ND	Yokoyama et al.	CHNE
hg19	hg19.chr9:g.139412744C>T	hg19.chr9:g.139412744C>T	NOTCH1	37446:c.1100C>T	37446:p.(Gly367Asp)	UPN112_ND	Yokoyama et al.	CHNE
hg19	hg19.chr17:g.7577536T>A	hg19.chr17:g.7577536T>A	TP53	62635:c.745T>A	62635:p.(Arg249Trp)	UPN113_ND	Yokoyama et al.	CHNE
hg19	hg19.chr9:g.139412333A>T	hg19.chr9:g.139412333A>T	NOTCH1	37446:c.1312A>T	37446:p.(Cys438Ser)	UPN113_ND	Yokoyama et al.	CHNE
hg19	hg19.chr17:g.7578235T>C	hg19.chr17:g.7578235T>C	TP53	62635:c.614T>C	62635:p.(Tyr205Cys)	UPN114_ND	Yokoyama et al.	CHNE
hg19	hg19.chr17:g.7578446T>A	hg19.chr17:g.7578446T>A	TP53	62635:c.484T>A	62635:p.(Ile162Phe)	UPN114_ND	Yokoyama et al.	CHNE
hg19	hg19.chr9:g.139412326C>T	hg19.chr9:g.139412326C>T	NOTCH1	37446:c.1319C>T	37446:p.(Cys440Tyr)	UPN114_ND	Yokoyama et al.	CHNE
hg19	hg19.chr9:g.139418254G>T	hg19.chr9:g.139418254G>T	NOTCH1	37446:c.318G>T	37446:p.(Cys106Ter)	UPN114_ND	Yokoyama et al.	CHNE
hg19	hg19.chr9:g.139412282C>T	hg19.chr9:g.139412282C>T	NOTCH1	37446:c.1363C>T	37446:p.(Glu455Lys)	UPN115_ND	Yokoyama et al.	CHNE
hg19	hg19.chr9:g.139412326C>A	hg19.chr9:g.139412326C>A	NOTCH1	37446:c.1319C>A	37446:p.(Cys440Phe)	UPN115_ND	Yokoyama et al.	CHNE
hg19	hg19.chr9:g.139413087T>C	hg19.chr9:g.139413087T>C	NOTCH1	37446:c.1055T>C	37446:p.(Asp352Gly)	UPN115_ND	Yokoyama et al.	CHNE
hg19	hg19.chr9:g.139417477G>C	hg19.chr9:g.139417477G>C	NOTCH1	37446:c.567G>C	37446:p.(Cys189Trp)	UPN115_ND	Yokoyama et al.	CHNE
hg19	hg19.chr9:g.139395004C>A	hg19.chr9:g.139395004C>A	NOTCH1	37446:c.5934C>A	37446:p.(Gln1978His)	UPN116_ND	Yokoyama et al.	CHNE
hg19	hg19.chr9:g.139413214C>T	hg19.chr9:g.139413214C>T	NOTCH1	37446:c.928C>T	37446:p.(Gly310Arg)	UPN116_ND	Yokoyama et al.	CHNE
hg19	hg19.chr17:g.7578289C>A	hg19.chr17:g.7578289C>A	TP53	62635:c.560C>A	62635:p.(Gly187Val)	UPN117_ND	Yokoyama et al.	CHNE
hg19	hg19.chr9:g.139401261C>A	hg19.chr9:g.139401261C>A	NOTCH1	37446:c.3808C>A	37446:p.(Glu1270Ter)	UPN117_ND	Yokoyama et al.	CHNE
hg19	hg19.chr9:g.139402693G>A	hg19.chr9:g.139402693G>A	NOTCH1	37446:c.3316G>A	37446:p.(Gln1106Ter)	UPN117_ND	Yokoyama et al.	CHNE
hg19	hg19.chr9:g.139412326C>A	hg19.chr9:g.139412326C>A	NOTCH1	37446:c.1319C>A	37446:p.(Cys440Phe)	UPN117_ND	Yokoyama et al.	CHNE
hg19	hg19.chr9:g.139412375C>T	hg19.chr9:g.139412375C>T	NOTCH1	37446:c.1270C>T	37446:p.(Glu424Lys)	UPN117_ND	Yokoyama et al.	CHNE
hg19	hg19.chr9:g.139413084C>T	hg19.chr9:g.139413084C>T	NOTCH1	37446:c.1058C>T	37446:p.(Arg353His)	UPN117_ND	Yokoyama et al.	CHNE
hg19	hg19.chr17:g.7578205C>A	hg19.chr17:g.7578205C>A	TP53	62635:c.644C>A	62635:p.(Ser215Ile)	UPN118_ND	Yokoyama et al.	CHNE
hg19	hg19.chr9:g.139412627C>T	hg19.chr9:g.139412627C>T	NOTCH1	37446:c.1217C>T	37446:p.(Gly406Asp)	UPN118_ND	Yokoyama et al.	CHNE
hg19	hg19.chr9:g.139413111C>T	hg19.chr9:g.139413111C>T	NOTCH1	37446:c.1031C>T	37446:p.(Cys344Tyr)	UPN118_ND	Yokoyama et al.	CHNE
hg19	hg19.chr9:g.139393605A>C	hg19.chr9:g.139393605A>C	NOTCH1	37446:c.6041A>C	37446:p.(Leu2014Arg)	UPN119_ND	Yokoyama et al.	CHNE
hg19	hg19.chr9:g.139412278C>T	hg19.chr9:g.139412278C>T	NOTCH1	37446:c.1367C>T	37446:p.(Cys456Tyr)	UPN119_ND	Yokoyama et al.	CHNE
hg19	hg19.chr9:g.139412326C>G	hg19.chr9:g.139412326C>G	NOTCH1	37446:c.1319C>G	37446:p.(Cys440Ser)	UPN119_ND	Yokoyama et al.	CHNE
hg19	hg19.chr9:g.139412618C>A	hg19.chr9:g.139412618C>A	NOTCH1	37446:c.1226C>A	37446:p.(Cys409Phe)	UPN119_ND	Yokoyama et al.	CHNE
hg19	hg19.chr9:g.139411819C>A	hg19.chr9:g.139411819C>A	NOTCH1	37446:c.1460C>A	37446:p.(Cys487Phe)	UPN120_ND	Yokoyama et al.	CHNE
hg19	hg19.chr9:g.139412299C>T	hg19.chr9:g.139412299C>T	NOTCH1	37446:c.1346C>T	37446:p.(Cys449Tyr)	UPN120_ND	Yokoyama et al.	CHNE
hg19	hg19.chr17:g.7577124C>T	hg19.chr17:g.7577124C>T	TP53	62636:c.814C>T	62636:p.(Val272Met)	UPN121_ND	Yokoyama et al.	CHNE
hg19	hg19.chr9:g.139412724C>A	hg19.chr9:g.139412724C>A	NOTCH1	37446:c.1120C>A	37446:p.(Asp374Tyr)	UPN121_ND	Yokoyama et al.	CHNE
hg19	hg19.chr17:g.7578271T>A	hg19.chr17:g.7578271T>A	TP53	62635:c.578T>A	62635:p.(His193Leu)	UPN122_ND	Yokoyama et al.	CHNE
hg19	hg19.chr9:g.139411828C>A	hg19.chr9:g.139411828C>A	NOTCH1	37446:c.1451C>A	37446:p.(Gly484Val)	UPN122_ND	Yokoyama et al.	CHNE
hg19	hg19.chr9:g.139412278C>A	hg19.chr9:g.139412278C>A	NOTCH1	37446:c.1367C>A	37446:p.(Cys456Phe)	UPN123_ND	Yokoyama et al.	CHNE
hg19	hg19.chr9:g.139412618C>T	hg19.chr9:g.139412618C>T	NOTCH1	37446:c.1226C>T	37446:p.(Cys409Tyr)	UPN123_ND	Yokoyama et al.	CHNE
hg19	hg19.chr9:g.139412597C>T	hg19.chr9:g.139412597C>T	NOTCH1	37446:c.1247C>T	37446:p.(Cys416Tyr)	UPN124_ND	Yokoyama et al.	CHNE
hg19	hg19.chr9:g.139412618C>T	hg19.chr9:g.139412618C>T	NOTCH1	37446:c.1226C>T	37446:p.(Cys409Tyr)	UPN124_ND	Yokoyama et al.	CHNE
hg19	hg19.chr17:g.7578235T>C	hg19.chr17:g.7578235T>C	TP53	62635:c.614T>C	62635:p.(Tyr205Cys)	UPN125_ND	Yokoyama et al.	CHNE
hg19	hg19.chr9:g.139410022C>A	hg19.chr9:g.139410022C>A	NOTCH1	37446:c.1816C>A	37446:p.(Glu606Ter)	UPN125_ND	Yokoyama et al.	CHNE
hg19	hg19.chr9:g.139413085G>A	hg19.chr9:g.139413085G>A	NOTCH1	37446:c.1057G>A	37446:p.(Arg353Cys)	UPN125_ND	Yokoyama et al.	CHNE
hg19	hg19.chr9:g.139411837C>A	hg19.chr9:g.139411837C>A	NOTCH1	37446:c.1442C>A	37446:p.(Gly481Val)	UPN126_ND	Yokoyama et al.	CHNE
hg19	hg19.chr9:g.139412215A>T	hg19.chr9:g.139412215A>T	NOTCH1	37446:c.1430A>T	37446:p.(Ile477Asn)	UPN126_ND	Yokoyama et al.	CHNE
hg19	hg19.chr9:g.139399229C>T	hg19.chr9:g.139399229C>T	NOTCH1	37446:c.4914C>T	37446:p.(Trp1638Ter)	UPN127_ND	Yokoyama et al.	CHNE
hg19	hg19.chr9:g.139412591A>G	hg19.chr9:g.139412591A>G	NOTCH1	37446:c.1253A>G	37446:p.(Leu418Pro)	UPN127_ND	Yokoyama et al.	CHNE
hg19	hg19.chr17:g.7577541T>A	hg19.chr17:g.7577541T>A	TP53	62635:c.740T>A	62635:p.(Asn247Ile)	UPN128_ND	Yokoyama et al.	CHNE
hg19	hg19.chr17:g.7577550C>T	hg19.chr17:g.7577550C>T	TP53	62635:c.731C>T	62635:p.(Gly244Asp)	UPN128_ND	Yokoyama et al.	CHNE
hg19	hg19.chr17:g.7578496A>T	hg19.chr17:g.7578496A>T	TP53	62635:c.434A>T	62635:p.(Leu145Gln)	UPN128_ND	Yokoyama et al.	CHNE
hg19	hg19.chr17:g.7577120C>A	hg19.chr17:g.7577120C>A	TP53	62636:c.818C>A	62636:p.(Arg273Leu)	UPN129_ND	Yokoyama et al.	CHNE
hg19	hg19.chr17:g.7577547C>A	hg19.chr17:g.7577547C>A	TP53	62635:c.734C>A	62635:p.(Gly245Val)	UPN129_ND	Yokoyama et al.	CHNE
hg19	hg19.chr17:g.7578190T>C	hg19.chr17:g.7578190T>C	TP53	62635:c.659T>C	62635:p.(Tyr220Cys)	UPN129_ND	Yokoyama et al.	CHNE
hg19	hg19.chr17:g.7578212G>A	hg19.chr17:g.7578212G>A	TP53	62635:c.637G>A	62635:p.(Arg213Ter)	UPN129_ND	Yokoyama et al.	CHNE
hg19	hg19.chr17:g.7579414C>T	hg19.chr17:g.7579414C>T	TP53	62651:c.318C>T	62651:p.(Trp106Ter)	UPN129_ND	Yokoyama et al.	CHNE
hg19	hg19.chr9:g.139413049G>A	hg19.chr9:g.139413049G>A	NOTCH1	37446:c.1093G>A	37446:p.(Arg365Cys)	UPN129_ND	Yokoyama et al.	CHNE
hg19	hg19.chr9:g.139413214C>T	hg19.chr9:g.139413214C>T	NOTCH1	37446:c.928C>T	37446:p.(Gly310Arg)	UPN129_ND	Yokoyama et al.	CHNE
hg19	hg19.chr17:g.7578530A>T	hg19.chr17:g.7578530A>T	TP53	62635:c.400A>T	62635:p.(Phe134Ile)	UPN130_ND	Yokoyama et al.	CHNE
hg19	hg19.chr17:g.7578535T>C	hg19.chr17:g.7578535T>C	TP53	62635:c.395T>C	62635:p.(Lys132Arg)	UPN130_ND	Yokoyama et al.	CHNE
hg19	hg19.chr4:g.187584663C>A	hg19.chr4:g.187584663C>A	FAT1	20264:c.3370C>A	20264:p.(Glu1124Ter)	UPN130_ND	Yokoyama et al.	CHNE
hg19	hg19.chr4:g.187629190C>A	hg19.chr4:g.187629190C>A	FAT1	20264:c.1792C>A	20264:p.(Glu598Ter)	UPN130_ND	Yokoyama et al.	CHNE
hg19	hg19.chr9:g.139396797C>A	hg19.chr9:g.139396797C>A	NOTCH1	37446:c.5311C>A	37446:p.(Glu1771Ter)	UPN130_ND	Yokoyama et al.	CHNE
hg19	hg19.chr9:g.139397698T>A	hg19.chr9:g.139397698T>A	NOTCH1	37446:c.5103T>A	37446:p.(Ala1701Ala)	UPN130_ND	Yokoyama et al.	CHNE
hg19	hg19.chr9:g.139412326C>A	hg19.chr9:g.139412326C>A	NOTCH1	37446:c.1319C>A	37446:p.(Cys440Phe)	UPN130_ND	Yokoyama et al.	CHNE
hg19	hg19.chr9:g.139412633T>C	hg19.chr9:g.139412633T>C	NOTCH1	37446:c.1211T>C	37446:p.(Tyr404Cys)	UPN130_ND	Yokoyama et al.	CHNE
hg19	hg19.chr9:g.139418384C>T	hg19.chr9:g.139418384C>T	NOTCH1	37446:c.188C>T	37446:p.(Cys63Tyr)	UPN130_ND	Yokoyama et al.	CHNE
hg19	hg19.chr1:g.120468090C>A	hg19.chr1:g.120468090C>A	NOTCH2	6040:c.4349C>A	6040:p.(Trp1450Leu)	UPN49_1_1	Yokoyama et al.	CHNE
hg19	hg19.chr1:g.120548058G>C	hg19.chr1:g.120548058G>C	NOTCH2	6040:c.309G>C	6040:p.(Tyr103Ter)	UPN49_1_1	Yokoyama et al.	CHNE
hg19	hg19.chr9:g.139412717C>A	hg19.chr9:g.139412717C>A	NOTCH1	37446:c.1127C>A	37446:p.(Cys376Phe)	UPN49_1_1	Yokoyama et al.	CHNE
hg19	hg19.chr1:g.120496201T>C	hg19.chr1:g.120496201T>C	NOTCH2	6040:c.2330T>C	6040:p.(Asn777Ser)	UPN49_1_2	Yokoyama et al.	CHNE
hg19	hg19.chr1:g.120512252C>A	hg19.chr1:g.120512252C>A	NOTCH2	6040:c.990C>A	6040:p.(Trp330Cys)	UPN49_1_2	Yokoyama et al.	CHNE
hg19	hg19.chr9:g.139412674G>T	hg19.chr9:g.139412674G>T	NOTCH1	37446:c.1170G>T	37446:p.(Asn390Lys)	UPN49_1_2	Yokoyama et al.	CHNE
hg19	hg19.chr9:g.139412282C>T	hg19.chr9:g.139412282C>T	NOTCH1	37446:c.1363C>T	37446:p.(Glu455Lys)	UPN49_1_3	Yokoyama et al.	CHNE
hg19	hg19.chr9:g.139412717C>A	hg19.chr9:g.139412717C>A	NOTCH1	37446:c.1127C>A	37446:p.(Cys376Phe)	UPN49_1_3	Yokoyama et al.	CHNE
hg19	hg19.chr1:g.120539659G>A	hg19.chr1:g.120539659G>A	NOTCH2	6040:c.712G>A	6040:p.(Gln238Ter)	UPN49_1_4	Yokoyama et al.	CHNE
hg19	hg19.chr9:g.139391968C>A	hg19.chr9:g.139391968C>A	NOTCH1	37446:c.6223C>A	37446:p.(Glu2075Ter)	UPN49_1_4	Yokoyama et al.	CHNE
hg19	hg19.chr4:g.187517825T>A	hg19.chr4:g.187517825T>A	FAT1	20264:c.12869T>A	20264:p.(Glu4290Val)	UPN49_1_5	Yokoyama et al.	CHNE
hg19	hg19.chr4:g.187630038T>C	hg19.chr4:g.187630038T>C	FAT1	20264:c.944T>C	20264:p.(Tyr315Cys)	UPN49_1_5	Yokoyama et al.	CHNE
hg19	hg19.chr9:g.139413048C>G	hg19.chr9:g.139413048C>G	NOTCH1	37446:c.1094C>G	37446:p.(Arg365Pro)	UPN49_1_5	Yokoyama et al.	CHNE
hg19	hg19.chr9:g.139412252C>T	hg19.chr9:g.139412252C>T	NOTCH1	37446:c.1393C>T	37446:p.(Ala465Thr)	UPN49_1_7	Yokoyama et al.	CHNE
hg19	hg19.chr9:g.139413048C>G	hg19.chr9:g.139413048C>G	NOTCH1	37446:c.1094C>G	37446:p.(Arg365Pro)	UPN49_1_7	Yokoyama et al.	CHNE
hg19	hg19.chr9:g.139397771T>C	hg19.chr9:g.139397771T>C	NOTCH1	37446:c.5030T>C	37446:p.(Tyr1677Cys)	UPN49_1_8	Yokoyama et al.	CHNE
hg19	hg19.chr1:g.120465267G>T	hg19.chr1:g.120465267G>T	NOTCH2	6040:c.4994G>T	6040:p.(Ser1665Tyr)	UPN49_1_9	Yokoyama et al.	CHNE
hg19	hg19.chr1:g.120529611G>T	hg19.chr1:g.120529611G>T	NOTCH2	6040:c.846G>T	6040:p.(Tyr282Ter)	UPN49_1_9	Yokoyama et al.	CHNE
hg19	hg19.chr9:g.139413048C>G	hg19.chr9:g.139413048C>G	NOTCH1	37446:c.1094C>G	37446:p.(Arg365Pro)	UPN49_1_9	Yokoyama et al.	CHNE
hg19	hg19.chr17:g.7578190T>C	hg19.chr17:g.7578190T>C	TP53	62635:c.659T>C	62635:p.(Tyr220Cys)	UPN36_1_4	Yokoyama et al.	CHNE
hg19	hg19.chr9:g.139412326C>A	hg19.chr9:g.139412326C>A	NOTCH1	37446:c.1319C>A	37446:p.(Cys440Phe)	UPN36_1_4	Yokoyama et al.	CHNE
hg19	hg19.chr1:g.120539944G>A	hg19.chr1:g.120539944G>A	NOTCH2	6040:c.427G>A	6040:p.(Gln143Ter)	UPN36_1_6	Yokoyama et al.	CHNE
hg19	hg19.chr9:g.139404324C>A	hg19.chr9:g.139404324C>A	NOTCH1	37446:c.2830C>A	37446:p.(Glu944Ter)	UPN36_1_6	Yokoyama et al.	CHNE
hg19	hg19.chr9:g.139412683G>C	hg19.chr9:g.139412683G>C	NOTCH1	37446:c.1161G>C	37446:p.(Cys387Trp)	UPN36_1_7	Yokoyama et al.	CHNE
hg19	hg19.chr17:g.7578457C>A	hg19.chr17:g.7578457C>A	TP53	62635:c.473C>A	62635:p.(Arg158Leu)	UPN36_1_15	Yokoyama et al.	CHNE
hg19	hg19.chr9:g.139404324C>A	hg19.chr9:g.139404324C>A	NOTCH1	37446:c.2830C>A	37446:p.(Glu944Ter)	UPN36_1_15	Yokoyama et al.	CHNE
hg19	hg19.chr17:g.7578389G>A	hg19.chr17:g.7578389G>A	TP53	62635:c.541G>A	62635:p.(Arg181Cys)	UPN36_1_10	Yokoyama et al.	CHNE
hg19	hg19.chr4:g.187539704C>T	hg19.chr4:g.187539704C>T	FAT1	20264:c.8036C>T	20264:p.(Gly2679Glu)	UPN36_1_10	Yokoyama et al.	CHNE
hg19	hg19.chr9:g.139395124G>C	hg19.chr9:g.139395124G>C	NOTCH1	37446:c.5814G>C	37446:p.(Tyr1938Ter)	UPN36_1_10	Yokoyama et al.	CHNE
hg19	hg19.chr17:g.7577078T>A	hg19.chr17:g.7577078T>A	TP53	62636:c.860T>A	62636:p.(Glu287Val)	UPN36_1_14	Yokoyama et al.	CHNE
hg19	hg19.chr17:g.7578526C>T	hg19.chr17:g.7578526C>T	TP53	62635:c.404C>T	62635:p.(Cys135Tyr)	UPN36_1_14	Yokoyama et al.	CHNE
hg19	hg19.chr17:g.7578389G>A	hg19.chr17:g.7578389G>A	TP53	62635:c.541G>A	62635:p.(Arg181Cys)	UPN36_1_11	Yokoyama et al.	CHNE
hg19	hg19.chr17:g.7578406C>T	hg19.chr17:g.7578406C>T	TP53	62635:c.524C>T	62635:p.(Arg175His)	UPN36_1_11	Yokoyama et al.	CHNE
hg19	hg19.chr9:g.139417584G>A	hg19.chr9:g.139417584G>A	NOTCH1	37446:c.460G>A	37446:p.(Gln154Ter)	UPN36_1_11	Yokoyama et al.	CHNE
hg19	hg19.chr9:g.139413167G>T	hg19.chr9:g.139413167G>T	NOTCH1	37446:c.975G>T	37446:p.(Asn325Lys)	UPN36_1_13	Yokoyama et al.	CHNE
hg19	hg19.chr9:g.139391982C>G	hg19.chr9:g.139391982C>G	NOTCH1	37446:c.6209C>G	37446:p.(Arg2070Pro)	UPN36_1_5	Yokoyama et al.	CHNE
hg19	hg19.chr9:g.139401804A>C	hg19.chr9:g.139401804A>C	NOTCH1	37446:c.3596A>C	37446:p.(Leu1199Arg)	UPN36_1_5	Yokoyama et al.	CHNE
hg19	hg19.chr9:g.139390525A>T	hg19.chr9:g.139390525A>T	NOTCH1	37446:c.7666A>T	37446:p.(Ter2556Lys)	UPN36_1_17	Yokoyama et al.	CHNE
hg19	hg19.chr17:g.7578263G>A	hg19.chr17:g.7578263G>A	TP53	62635:c.586G>A	62635:p.(Arg196Ter)	UPN36_1_18	Yokoyama et al.	CHNE
hg19	hg19.chr9:g.139396206C>T	hg19.chr9:g.139396206C>T	NOTCH1	37446:c.5632C>T	37446:p.(Gly1878Arg)	UPN36_1_18	Yokoyama et al.	CHNE
hg19	hg19.chr4:g.187524708C>A	hg19.chr4:g.187524708C>A	FAT1	20264:c.10972C>A	20264:p.(Asp3658Tyr)	UPN37_1_9	Yokoyama et al.	CHNE
hg19	hg19.chr4:g.187531143C>A	hg19.chr4:g.187531143C>A	FAT1	20264:c.9880C>A	20264:p.(Asp3294Tyr)	UPN37_1_9	Yokoyama et al.	CHNE
hg19	hg19.chr9:g.139391969G>T	hg19.chr9:g.139391969G>T	NOTCH1	37446:c.6222G>T	37446:p.(Tyr2074Ter)	UPN37_1_9	Yokoyama et al.	CHNE
hg19	hg19.chr1:g.120459284C>T	hg19.chr1:g.120459284C>T	NOTCH2	6040:c.6061C>T	6040:p.(Gly2021Arg)	UPN37_1_10	Yokoyama et al.	CHNE
hg19	hg19.chr17:g.7577093C>T	hg19.chr17:g.7577093C>T	TP53	62636:c.845C>T	62636:p.(Arg282Gln)	UPN37_1_10	Yokoyama et al.	CHNE
hg19	hg19.chr17:g.7578212G>A	hg19.chr17:g.7578212G>A	TP53	62635:c.637G>A	62635:p.(Arg213Ter)	UPN37_1_10	Yokoyama et al.	CHNE
hg19	hg19.chr9:g.139400175G>T	hg19.chr9:g.139400175G>T	NOTCH1	37446:c.4173G>T	37446:p.(Cys1391Ter)	UPN37_1_10	Yokoyama et al.	CHNE
hg19	hg19.chr4:g.187519138T>C	hg19.chr4:g.187519138T>C	FAT1	20264:c.12245T>C	20264:p.(Tyr4082Cys)	UPN37_1_11	Yokoyama et al.	CHNE
hg19	hg19.chr4:g.187524708C>A	hg19.chr4:g.187524708C>A	FAT1	20264:c.10972C>A	20264:p.(Asp3658Tyr)	UPN37_1_11	Yokoyama et al.	CHNE
hg19	hg19.chr4:g.187531143C>A	hg19.chr4:g.187531143C>A	FAT1	20264:c.9880C>A	20264:p.(Asp3294Tyr)	UPN37_1_11	Yokoyama et al.	CHNE
hg19	hg19.chr9:g.139391969G>T	hg19.chr9:g.139391969G>T	NOTCH1	37446:c.6222G>T	37446:p.(Tyr2074Ter)	UPN37_1_11	Yokoyama et al.	CHNE
hg19	hg19.chr1:g.120548022G>C	hg19.chr1:g.120548022G>C	NOTCH2	6040:c.345G>C	6040:p.(Cys115Trp)	UPN37_1_1	Yokoyama et al.	CHNE
hg19	hg19.chr17:g.7577025T>A	hg19.chr17:g.7577025T>A	TP53	62636:c.913T>A	62636:p.(Lys305Ter)	UPN37_1_1	Yokoyama et al.	CHNE
hg19	hg19.chr17:g.7577130A>T	hg19.chr17:g.7577130A>T	TP53	62636:c.808A>T	62636:p.(Phe270Ile)	UPN37_1_1	Yokoyama et al.	CHNE
hg19	hg19.chr4:g.187524789T>C	hg19.chr4:g.187524789T>C	FAT1	20264:c.10891T>C	20264:p.(Ile3631Val)	UPN37_1_1	Yokoyama et al.	CHNE
hg19	hg19.chr9:g.139412332C>A	hg19.chr9:g.139412332C>A	NOTCH1	37446:c.1313C>A	37446:p.(Cys438Phe)	UPN37_1_1	Yokoyama et al.	CHNE
hg19	hg19.chr17:g.7578538T>C	hg19.chr17:g.7578538T>C	TP53	62635:c.392T>C	62635:p.(Asn131Ser)	UPN37_2_13	Yokoyama et al.	CHNE
hg19	hg19.chr9:g.139412297C>T	hg19.chr9:g.139412297C>T	NOTCH1	37446:c.1348C>T	37446:p.(Glu450Lys)	UPN37_2_13	Yokoyama et al.	CHNE
hg19	hg19.chr4:g.187628235G>C	hg19.chr4:g.187628235G>C	FAT1	20264:c.2747G>C	20264:p.(Ser916Ter)	UPN37_2_9	Yokoyama et al.	CHNE
hg19	hg19.chr9:g.139412215A>T	hg19.chr9:g.139412215A>T	NOTCH1	37446:c.1430A>T	37446:p.(Ile477Asn)	UPN37_2_9	Yokoyama et al.	CHNE
hg19	hg19.chr9:g.139412219A>G	hg19.chr9:g.139412219A>G	NOTCH1	37446:c.1426A>G	37446:p.(Cys476Arg)	UPN37_2_9	Yokoyama et al.	CHNE
hg19	hg19.chr4:g.187628235G>C	hg19.chr4:g.187628235G>C	FAT1	20264:c.2747G>C	20264:p.(Ser916Ter)	UPN37_2_2	Yokoyama et al.	CHNE
hg19	hg19.chr9:g.139412219A>G	hg19.chr9:g.139412219A>G	NOTCH1	37446:c.1426A>G	37446:p.(Cys476Arg)	UPN37_2_2	Yokoyama et al.	CHNE
hg19	hg19.chr9:g.139412252C>T	hg19.chr9:g.139412252C>T	NOTCH1	37446:c.1393C>T	37446:p.(Ala465Thr)	UPN37_2_19	Yokoyama et al.	CHNE
hg19	hg19.chr17:g.7578412A>C	hg19.chr17:g.7578412A>C	TP53	62635:c.518A>C	62635:p.(Val173Gly)	UPN37_2_11	Yokoyama et al.	CHNE
hg19	hg19.chr9:g.139412252C>T	hg19.chr9:g.139412252C>T	NOTCH1	37446:c.1393C>T	37446:p.(Ala465Thr)	UPN37_2_11	Yokoyama et al.	CHNE
hg19	hg19.chr17:g.7578190T>C	hg19.chr17:g.7578190T>C	TP53	62635:c.659T>C	62635:p.(Tyr220Cys)	UPN55_1_11	Yokoyama et al.	CHNE
hg19	hg19.chr4:g.187534263C>T	hg19.chr4:g.187534263C>T	FAT1	20264:c.9463C>T	20264:p.(Gly3155Arg)	UPN55_1_12	Yokoyama et al.	CHNE
hg19	hg19.chr17:g.7579406G>C	hg19.chr17:g.7579406G>C	TP53	62651:c.326G>C	62651:p.(Ser109Ter)	UPN55_1_13	Yokoyama et al.	CHNE
hg19	hg19.chr4:g.187519236A>C	hg19.chr4:g.187519236A>C	FAT1	20264:c.12147A>C	20264:p.(Cys4049Trp)	UPN55_1_13	Yokoyama et al.	CHNE
hg19	hg19.chr9:g.139412673G>T	hg19.chr9:g.139412673G>T	NOTCH1	37446:c.1171G>T	37446:p.(Pro391Thr)	UPN55_1_13	Yokoyama et al.	CHNE
hg19	hg19.chr1:g.120510211C>A	hg19.chr1:g.120510211C>A	NOTCH2	6040:c.1298C>A	6040:p.(Cys433Phe)	UPN55_1_15	Yokoyama et al.	CHNE
hg19	hg19.chr9:g.139401189C>A	hg19.chr9:g.139401189C>A	NOTCH1	37446:c.3880C>A	37446:p.(Glu1294Ter)	UPN55_1_15	Yokoyama et al.	CHNE
hg19	hg19.chr9:g.139395282T>A	hg19.chr9:g.139395282T>A	NOTCH1	37446:c.5656T>A	37446:p.(Met1886Leu)	UPN55_1_16	Yokoyama et al.	CHNE
hg19	hg19.chr9:g.139412365C>T	hg19.chr9:g.139412365C>T	NOTCH1	37446:c.1280C>T	37446:p.(Gly427Asp)	UPN55_1_16	Yokoyama et al.	CHNE
hg19	hg19.chr1:g.120484272C>T	hg19.chr1:g.120484272C>T	NOTCH2	6040:c.2858C>T	6040:p.(Cys953Tyr)	UPN55_1_20	Yokoyama et al.	CHNE
hg19	hg19.chr1:g.120512179C>T	hg19.chr1:g.120512179C>T	NOTCH2	6040:c.1063C>T	6040:p.(Asp355Asn)	UPN55_1_20	Yokoyama et al.	CHNE
hg19	hg19.chr4:g.187509992A>C	hg19.chr4:g.187509992A>C	FAT1	20264:c.13521A>C	20264:p.(Gly4507Gly)	UPN55_1_20	Yokoyama et al.	CHNE
hg19	hg19.chr9:g.139395129G>A	hg19.chr9:g.139395129G>A	NOTCH1	37446:c.5809G>A	37446:p.(Arg1937Cys)	UPN55_1_23	Yokoyama et al.	CHNE
hg19	hg19.chr1:g.120548022G>C	hg19.chr1:g.120548022G>C	NOTCH2	6040:c.345G>C	6040:p.(Cys115Trp)	UPN58_1_1	Yokoyama et al.	CHNE
hg19	hg19.chr9:g.139401825C>T	hg19.chr9:g.139401825C>T	NOTCH1	37446:c.3575C>T	37446:p.(Cys1192Tyr)	UPN58_1_10	Yokoyama et al.	CHNE
hg19	hg19.chr9:g.139411819C>T	hg19.chr9:g.139411819C>T	NOTCH1	37446:c.1460C>T	37446:p.(Cys487Tyr)	UPN58_1_10	Yokoyama et al.	CHNE
hg19	hg19.chr3:g.178952044A>C	hg19.chr3:g.178952044A>C	PIK3CA	14944:c.3099A>C	14944:p.(Gln1033His)	UPN58_1_11	Yokoyama et al.	CHNE
hg19	hg19.chr17:g.7577548C>T	hg19.chr17:g.7577548C>T	TP53	62635:c.733C>T	62635:p.(Gly245Ser)	UPN58_1_15	Yokoyama et al.	CHNE
hg19	hg19.chr17:g.7578535T>C	hg19.chr17:g.7578535T>C	TP53	62635:c.395T>C	62635:p.(Lys132Arg)	UPN58_1_15	Yokoyama et al.	CHNE
hg19	hg19.chr4:g.187532863A>T	hg19.chr4:g.187532863A>T	FAT1	20264:c.9530A>T	20264:p.(Leu3177Ter)	UPN58_1_18	Yokoyama et al.	CHNE
hg19	hg19.chr17:g.7577548C>T	hg19.chr17:g.7577548C>T	TP53	62635:c.733C>T	62635:p.(Gly245Ser)	UPN58_1_20	Yokoyama et al.	CHNE
hg19	hg19.chr17:g.7578257C>A	hg19.chr17:g.7578257C>A	TP53	62635:c.592C>A	62635:p.(Glu198Ter)	UPN58_1_20	Yokoyama et al.	CHNE
hg19	hg19.chr9:g.139411819C>T	hg19.chr9:g.139411819C>T	NOTCH1	37446:c.1460C>T	37446:p.(Cys487Tyr)	UPN58_1_21	Yokoyama et al.	CHNE
hg19	hg19.chr1:g.120512170C>T	hg19.chr1:g.120512170C>T	NOTCH2	6040:c.1072C>T	6040:p.(Ala358Thr)	UPN58_1_6	Yokoyama et al.	CHNE
hg19	hg19.chr1:g.120512170C>T	hg19.chr1:g.120512170C>T	NOTCH2	6040:c.1072C>T	6040:p.(Ala358Thr)	UPN58_1_8	Yokoyama et al.	CHNE
hg19	hg19.chr4:g.187518251G>C	hg19.chr4:g.187518251G>C	FAT1	20264:c.12443G>C	20264:p.(Ser4148Cys)	UPN58_1_9	Yokoyama et al.	CHNE
hg19	hg19.chr4:g.187630287T>C	hg19.chr4:g.187630287T>C	FAT1	20264:c.695T>C	20264:p.(Tyr232Cys)	UPN58_1_9	Yokoyama et al.	CHNE
hg19	hg19.chr1:g.120510133T>A	hg19.chr1:g.120510133T>A	NOTCH2	6040:c.1376T>A	6040:p.(Glu459Val)	UPN1_PC	Yokoyama et al.	ESCC
hg19	hg19.chr4:g.187532682G>A	hg19.chr4:g.187532682G>A	FAT1	20264:c.9711G>A	20264:p.(Ala3237Ala)	UPN1_PC	Yokoyama et al.	ESCC
hg19	hg19.chr9:g.139412318C>A	hg19.chr9:g.139412318C>A	NOTCH1	37446:c.1327C>A	37446:p.(Gly443Cys)	UPN1_PC	Yokoyama et al.	ESCC
hg19	hg19.chr9:g.139417432G>T	hg19.chr9:g.139417432G>T	NOTCH1	37446:c.612G>T	37446:p.(Cys204Ter)	UPN1_PC	Yokoyama et al.	ESCC
hg19	hg19.chr17:g.7578406C>T	hg19.chr17:g.7578406C>T	TP53	62635:c.524C>T	62635:p.(Arg175His)	UPN6_PC	Yokoyama et al.	ESCC
hg19	hg19.chr9:g.139413085G>A	hg19.chr9:g.139413085G>A	NOTCH1	37446:c.1057G>A	37446:p.(Arg353Cys)	UPN6_PC	Yokoyama et al.	ESCC
hg19	hg19.chr17:g.7578382G>C	hg19.chr17:g.7578382G>C	TP53	62635:c.548G>C	62635:p.(Ser183Ter)	UPN8_PC	Yokoyama et al.	ESCC
hg19	hg19.chr17:g.7577518T>A	hg19.chr17:g.7577518T>A	TP53	62635:c.763T>A	62635:p.(Ile255Phe)	UPN9_PC	Yokoyama et al.	ESCC
hg19	hg19.chr17:g.7577535C>A	hg19.chr17:g.7577535C>A	TP53	62635:c.746C>A	62635:p.(Arg249Met)	UPN9_PC	Yokoyama et al.	ESCC
hg19	hg19.chr17:g.7577538C>T	hg19.chr17:g.7577538C>T	TP53	62635:c.743C>T	62635:p.(Arg248Gln)	UPN9_PC	Yokoyama et al.	ESCC
hg19	hg19.chr17:g.7578266T>A	hg19.chr17:g.7578266T>A	TP53	62635:c.583T>A	62635:p.(Ile195Phe)	UPN10_PC	Yokoyama et al.	ESCC
hg19	hg19.chr2:g.178098954C>T	hg19.chr2:g.178098954C>T	NFE2L2	12333:c.91C>T	12333:p.(Gly31Arg)	UPN10_PC	Yokoyama et al.	ESCC
hg19	hg19.chr17:g.7574003G>A	hg19.chr17:g.7574003G>A	TP53	62643:c.1024G>A	62643:p.(Arg342Ter)	UPN11_PC	Yokoyama et al.	ESCC
hg19	hg19.chr17:g.7577570C>T	hg19.chr17:g.7577570C>T	TP53	62635:c.711C>T	62635:p.(Met237Ile)	UPN12_PC	Yokoyama et al.	ESCC
hg19	hg19.chr17:g.7578263G>A	hg19.chr17:g.7578263G>A	TP53	62635:c.586G>A	62635:p.(Arg196Ter)	UPN12_PC	Yokoyama et al.	ESCC
hg19	hg19.chr17:g.7578492C>T	hg19.chr17:g.7578492C>T	TP53	62635:c.438C>T	62635:p.(Trp146Ter)	UPN14_PC	Yokoyama et al.	ESCC
hg19	hg19.chr17:g.7579529C>T	hg19.chr17:g.7579529C>T	TP53	62651:c.203C>T	62651:p.(Trp68Ter)	UPN2_PC	Yokoyama et al.	ESCC
hg19	hg19.chr2:g.178098810C>T	hg19.chr2:g.178098810C>T	NFE2L2	12333:c.235C>T	12333:p.(Glu79Lys)	UPN2_PC	Yokoyama et al.	ESCC
hg19	hg19.chr17:g.7577518T>A	hg19.chr17:g.7577518T>A	TP53	62635:c.763T>A	62635:p.(Ile255Phe)	UPN16_PC	Yokoyama et al.	ESCC
hg19	hg19.chr2:g.178098954C>G	hg19.chr2:g.178098954C>G	NFE2L2	12333:c.91C>G	12333:p.(Gly31Arg)	UPN16_PC	Yokoyama et al.	ESCC
hg19	hg19.chr9:g.139402574G>A	hg19.chr9:g.139402574G>A	NOTCH1	37446:c.3343G>A	37446:p.(Leu1115Leu)	UPN16_PC	Yokoyama et al.	ESCC
hg19	hg19.chr17:g.7579350A>C	hg19.chr17:g.7579350A>C	TP53	62651:c.382A>C	62651:p.(Phe128Val)	UPN17_PC	Yokoyama et al.	ESCC
hg19	hg19.chr2:g.178098809T>C	hg19.chr2:g.178098809T>C	NFE2L2	12333:c.236T>C	12333:p.(Glu79Gly)	UPN17_PC	Yokoyama et al.	ESCC
hg19	hg19.chr9:g.139413085G>A	hg19.chr9:g.139413085G>A	NOTCH1	37446:c.1057G>A	37446:p.(Arg353Cys)	UPN17_PC	Yokoyama et al.	ESCC
hg19	hg19.chr17:g.7578507G>T	hg19.chr17:g.7578507G>T	TP53	62635:c.423G>T	62635:p.(Cys141Ter)	UPN18_PC	Yokoyama et al.	ESCC
hg19	hg19.chr17:g.7578511G>T	hg19.chr17:g.7578511G>T	TP53	62635:c.419G>T	62635:p.(Thr140Asn)	UPN18_PC	Yokoyama et al.	ESCC
hg19	hg19.chr17:g.7577570C>A	hg19.chr17:g.7577570C>A	TP53	62635:c.711C>A	62635:p.(Met237Ile)	UPN19_PC	Yokoyama et al.	ESCC
hg19	hg19.chr9:g.139413085G>A	hg19.chr9:g.139413085G>A	NOTCH1	37446:c.1057G>A	37446:p.(Arg353Cys)	UPN19_PC	Yokoyama et al.	ESCC
hg19	hg19.chr2:g.178098944C>T	hg19.chr2:g.178098944C>T	NFE2L2	12333:c.101C>T	12333:p.(Arg34Gln)	UPN3_PC	Yokoyama et al.	ESCC
hg19	hg19.chr17:g.7578271T>C	hg19.chr17:g.7578271T>C	TP53	62635:c.578T>C	62635:p.(His193Arg)	UPN20_PC	Yokoyama et al.	ESCC
hg19	hg19.chr4:g.153268138G>A	hg19.chr4:g.153268138G>A	FBXW7	20029:c.670G>A	20029:p.(Arg224Ter)	UPN20_PC	Yokoyama et al.	ESCC
hg19	hg19.chr1:g.120468024C>A	hg19.chr1:g.120468024C>A	NOTCH2	6040:c.4415C>A	6040:p.(Cys1472Phe)	UPN22_PC	Yokoyama et al.	ESCC
hg19	hg19.chr17:g.7578212G>A	hg19.chr17:g.7578212G>A	TP53	62635:c.637G>A	62635:p.(Arg213Ter)	UPN22_PC	Yokoyama et al.	ESCC
hg19	hg19.chr2:g.178098959T>C	hg19.chr2:g.178098959T>C	NFE2L2	12333:c.86T>C	12333:p.(Asp29Gly)	UPN22_PC	Yokoyama et al.	ESCC
hg19	hg19.chr3:g.178916917A>T	hg19.chr3:g.178916917A>T	PIK3CA	14944:c.304A>T	14944:p.(Ile102Phe)	UPN22_PC	Yokoyama et al.	ESCC
hg19	hg19.chr9:g.139412299C>A	hg19.chr9:g.139412299C>A	NOTCH1	37446:c.1346C>A	37446:p.(Cys449Phe)	UPN22_PC	Yokoyama et al.	ESCC
hg19	hg19.chr9:g.139412741A>T	hg19.chr9:g.139412741A>T	NOTCH1	37446:c.1103A>T	37446:p.(Leu368Gln)	UPN22_PC	Yokoyama et al.	ESCC
hg19	hg19.chr17:g.7578406C>T	hg19.chr17:g.7578406C>T	TP53	62635:c.524C>T	62635:p.(Arg175His)	UPN23_PC	Yokoyama et al.	ESCC
hg19	hg19.chr2:g.178098799T>G	hg19.chr2:g.178098799T>G	NFE2L2	12333:c.246T>G	12333:p.(Glu82Asp)	UPN23_PC	Yokoyama et al.	ESCC
hg19	hg19.chr17:g.7578394T>C	hg19.chr17:g.7578394T>C	TP53	62635:c.536T>C	62635:p.(His179Arg)	UPN24_PC	Yokoyama et al.	ESCC
hg19	hg19.chr2:g.178097997G>T	hg19.chr2:g.178097997G>T	NFE2L2	12333:c.383G>T	12333:p.(Pro128Gln)	UPN24_PC	Yokoyama et al.	ESCC
hg19	hg19.chr17:g.7579536C>A	hg19.chr17:g.7579536C>A	TP53	62651:c.196C>A	62651:p.(Glu66Ter)	UPN26_PC	Yokoyama et al.	ESCC
hg19	hg19.chr4:g.187510049C>T	hg19.chr4:g.187510049C>T	FAT1	20264:c.13464C>T	20264:p.(Gln4488Gln)	UPN26_PC	Yokoyama et al.	ESCC
hg19	hg19.chr4:g.187527243T>C	hg19.chr4:g.187527243T>C	FAT1	20264:c.10331T>C	20264:p.(Asn3444Ser)	UPN26_PC	Yokoyama et al.	ESCC
hg19	hg19.chr17:g.7578235T>C	hg19.chr17:g.7578235T>C	TP53	62635:c.614T>C	62635:p.(Tyr205Cys)	UPN27_PC	Yokoyama et al.	ESCC
hg19	hg19.chr9:g.139401872G>A	hg19.chr9:g.139401872G>A	NOTCH1	37446:c.3528G>A	37446:p.(His1176His)	UPN27_PC	Yokoyama et al.	ESCC
hg19	hg19.chr17:g.7578271T>A	hg19.chr17:g.7578271T>A	TP53	62635:c.578T>A	62635:p.(His193Leu)	UPN28_PC	Yokoyama et al.	ESCC
hg19	hg19.chr17:g.7578404A>T	hg19.chr17:g.7578404A>T	TP53	62635:c.526A>T	62635:p.(Cys176Ser)	UPN28_PC	Yokoyama et al.	ESCC
hg19	hg19.chr4:g.187538198T>C	hg19.chr4:g.187538198T>C	FAT1	20264:c.9036T>C	20264:p.(Lys3012Lys)	UPN28_PC	Yokoyama et al.	ESCC
hg19	hg19.chr9:g.139404329C>G	hg19.chr9:g.139404329C>G	NOTCH1	37446:c.2825C>G	37446:p.(Cys942Ser)	UPN4_PC	Yokoyama et al.	ESCC
hg19	hg19.chr17:g.7578281G>T	hg19.chr17:g.7578281G>T	TP53	62635:c.568G>T	62635:p.(Pro190Thr)	UPN29_PC	Yokoyama et al.	ESCC
hg19	hg19.chr1:g.120497816T>C	hg19.chr1:g.120497816T>C	NOTCH2	6040:c.2066T>C	6040:p.(Asn689Ser)	UPN30_PC	Yokoyama et al.	ESCC
hg19	hg19.chr17:g.7578190T>C	hg19.chr17:g.7578190T>C	TP53	62635:c.659T>C	62635:p.(Tyr220Cys)	UPN30_PC	Yokoyama et al.	ESCC
hg19	hg19.chr17:g.7578190T>C	hg19.chr17:g.7578190T>C	TP53	62635:c.659T>C	62635:p.(Tyr220Cys)	UPN31_PC	Yokoyama et al.	ESCC
hg19	hg19.chr2:g.178098960C>G	hg19.chr2:g.178098960C>G	NFE2L2	12333:c.85C>G	12333:p.(Asp29His)	UPN31_PC	Yokoyama et al.	ESCC
hg19	hg19.chr17:g.7578263G>A	hg19.chr17:g.7578263G>A	TP53	62635:c.586G>A	62635:p.(Arg196Ter)	UPN5_PC	Yokoyama et al.	ESCC
hg19	hg19.chr4:g.187532631T>A	hg19.chr4:g.187532631T>A	FAT1	20264:c.9762T>A	20264:p.(Ala3254Ala)	UPN5_PC	Yokoyama et al.	ESCC
hg19	hg19.chr17:g.7574003G>A	hg19.chr17:g.7574003G>A	TP53	62643:c.1024G>A	62643:p.(Arg342Ter)	UPN99_PC	Yokoyama et al.	ESCC
hg19	hg19.chr17:g.7577539G>A	hg19.chr17:g.7577539G>A	TP53	62635:c.742G>A	62635:p.(Arg248Trp)	UPN131_PC	Yokoyama et al.	ESCC
hg19	hg19.chr17:g.7578496A>G	hg19.chr17:g.7578496A>G	TP53	62635:c.434A>G	62635:p.(Leu145Pro)	UPN100_PC	Yokoyama et al.	ESCC
hg19	hg19.chr2:g.178098953C>A	hg19.chr2:g.178098953C>A	NFE2L2	12333:c.92C>A	12333:p.(Gly31Val)	UPN100_PC	Yokoyama et al.	ESCC
hg19	hg19.chr17:g.7579378G>T	hg19.chr17:g.7579378G>T	TP53	62651:c.354G>T	62651:p.(Tyr118Ter)	UPN101_PC	Yokoyama et al.	ESCC
hg19	hg19.chr17:g.7577121G>A	hg19.chr17:g.7577121G>A	TP53	62636:c.817G>A	62636:p.(Arg273Cys)	UPN102_PC	Yokoyama et al.	ESCC
hg19	hg19.chr17:g.7574017C>A	hg19.chr17:g.7574017C>A	TP53	62643:c.1010C>A	62643:p.(Arg337Leu)	UPN97_PC	Yokoyama et al.	ESCC
hg19	hg19.chr9:g.139412245C>A	hg19.chr9:g.139412245C>A	NOTCH1	37446:c.1400C>A	37446:p.(Cys467Phe)	UPN97_PC	Yokoyama et al.	ESCC
hg19	hg19.chr17:g.7578266T>A	hg19.chr17:g.7578266T>A	TP53	62635:c.583T>A	62635:p.(Ile195Phe)	UPN132_PC	Yokoyama et al.	ESCC
hg19	hg19.chr17:g.7578235T>C	hg19.chr17:g.7578235T>C	TP53	62635:c.614T>C	62635:p.(Tyr205Cys)	UPN133_PC	Yokoyama et al.	ESCC
hg19	hg19.chr17:g.7578445A>C	hg19.chr17:g.7578445A>C	TP53	62635:c.485A>C	62635:p.(Ile162Ser)	UPN133_PC	Yokoyama et al.	ESCC
hg19	hg19.chr2:g.178098944C>G	hg19.chr2:g.178098944C>G	NFE2L2	12333:c.101C>G	12333:p.(Arg34Pro)	UPN133_PC	Yokoyama et al.	ESCC
hg19	hg19.chr17:g.7578445A>T	hg19.chr17:g.7578445A>T	TP53	62635:c.485A>T	62635:p.(Ile162Asn)	UPN104_PC	Yokoyama et al.	ESCC
hg19	hg19.chr4:g.187524342A>G	hg19.chr4:g.187524342A>G	FAT1	20264:c.11338A>G	20264:p.(Cys3780Arg)	UPN104_PC	Yokoyama et al.	ESCC
hg19	hg19.chr17:g.7577551C>A	hg19.chr17:g.7577551C>A	TP53	62635:c.730C>A	62635:p.(Gly244Cys)	UPN106_PC	Yokoyama et al.	ESCC
hg19	hg19.chr9:g.139412240C>G	hg19.chr9:g.139412240C>G	NOTCH1	37446:c.1405C>G	37446:p.(Asp469His)	UPN106_PC	Yokoyama et al.	ESCC
hg19	hg19.chr9:g.139412317C>T	hg19.chr9:g.139412317C>T	NOTCH1	37446:c.1328C>T	37446:p.(Gly443Asp)	UPN106_PC	Yokoyama et al.	ESCC
hg19	hg19.chr9:g.139412597C>A	hg19.chr9:g.139412597C>A	NOTCH1	37446:c.1247C>A	37446:p.(Cys416Phe)	UPN106_PC	Yokoyama et al.	ESCC
hg19	hg19.chr9:g.139412646A>G	hg19.chr9:g.139412646A>G	NOTCH1	37446:c.1198A>G	37446:p.(Cys400Arg)	UPN106_PC	Yokoyama et al.	ESCC
hg19	hg19.chr4:g.187532585T>C	hg19.chr4:g.187532585T>C	FAT1	20264:c.9808T>C	20264:p.(Ile3270Val)	UPN107_PC	Yokoyama et al.	ESCC
hg19	hg19.chr4:g.187532882G>A	hg19.chr4:g.187532882G>A	FAT1	20264:c.9511G>A	20264:p.(Gln3171Ter)	UPN107_PC	Yokoyama et al.	ESCC
hg19	hg19.chr17:g.7578211C>A	hg19.chr17:g.7578211C>A	TP53	62635:c.638C>A	62635:p.(Arg213Leu)	UPN108_PC	Yokoyama et al.	ESCC
hg19	hg19.chr17:g.7577575A>T	hg19.chr17:g.7577575A>T	TP53	62635:c.706A>T	62635:p.(Tyr236Asn)	UPN109_PC	Yokoyama et al.	ESCC
hg19	hg19.chr2:g.178098956A>G	hg19.chr2:g.178098956A>G	NFE2L2	12333:c.89A>G	12333:p.(Leu30Pro)	UPN109_PC	Yokoyama et al.	ESCC
hg19	hg19.chr17:g.7578271T>C	hg19.chr17:g.7578271T>C	TP53	62635:c.578T>C	62635:p.(His193Arg)	UPN98_PC	Yokoyama et al.	ESCC
hg19	hg19.chr17:g.7577574T>C	hg19.chr17:g.7577574T>C	TP53	62635:c.707T>C	62635:p.(Tyr236Cys)	UPN110_PC	Yokoyama et al.	ESCC
hg19	hg19.chr17:g.7578393A>T	hg19.chr17:g.7578393A>T	TP53	62635:c.537A>T	62635:p.(His179Gln)	UPN111_PC	Yokoyama et al.	ESCC
hg19	hg19.chr17:g.7578190T>C	hg19.chr17:g.7578190T>C	TP53	62635:c.659T>C	62635:p.(Tyr220Cys)	UPN114_PC	Yokoyama et al.	ESCC
hg19	hg19.chr3:g.178952085A>G	hg19.chr3:g.178952085A>G	PIK3CA	14944:c.3140A>G	14944:p.(His1047Arg)	UPN114_PC	Yokoyama et al.	ESCC
hg19	hg19.chr17:g.7577539G>A	hg19.chr17:g.7577539G>A	TP53	62635:c.742G>A	62635:p.(Arg248Trp)	UPN115_PC	Yokoyama et al.	ESCC
hg19	hg19.chr2:g.178098803C>A	hg19.chr2:g.178098803C>A	NFE2L2	12333:c.242C>A	12333:p.(Gly81Val)	UPN115_PC	Yokoyama et al.	ESCC
hg19	hg19.chr17:g.7578394T>C	hg19.chr17:g.7578394T>C	TP53	62635:c.536T>C	62635:p.(His179Arg)	UPN116_PC	Yokoyama et al.	ESCC
hg19	hg19.chr9:g.139396833T>A	hg19.chr9:g.139396833T>A	NOTCH1	37446:c.5275T>A	37446:p.(Lys1759Ter)	UPN116_PC	Yokoyama et al.	ESCC
hg19	hg19.chr9:g.139412252C>T	hg19.chr9:g.139412252C>T	NOTCH1	37446:c.1393C>T	37446:p.(Ala465Thr)	UPN116_PC	Yokoyama et al.	ESCC
hg19	hg19.chr17:g.7577548C>A	hg19.chr17:g.7577548C>A	TP53	62635:c.733C>A	62635:p.(Gly245Cys)	UPN117_PC	Yokoyama et al.	ESCC
hg19	hg19.chr17:g.7578479G>T	hg19.chr17:g.7578479G>T	TP53	62635:c.451G>T	62635:p.(Pro151Thr)	UPN118_PC	Yokoyama et al.	ESCC
hg19	hg19.chr17:g.7577094G>A	hg19.chr17:g.7577094G>A	TP53	62636:c.844G>A	62636:p.(Arg282Trp)	UPN119_PC	Yokoyama et al.	ESCC
hg19	hg19.chr2:g.178098806G>T	hg19.chr2:g.178098806G>T	NFE2L2	12333:c.239G>T	12333:p.(Thr80Lys)	UPN119_PC	Yokoyama et al.	ESCC
hg19	hg19.chr17:g.7577094G>A	hg19.chr17:g.7577094G>A	TP53	62636:c.844G>A	62636:p.(Arg282Trp)	UPN120_PC	Yokoyama et al.	ESCC
hg19	hg19.chr9:g.139417631C>A	hg19.chr9:g.139417631C>A	NOTCH1	37446:c.413C>A	37446:p.(Cys138Phe)	UPN120_PC	Yokoyama et al.	ESCC
hg19	hg19.chr17:g.7577105G>C	hg19.chr17:g.7577105G>C	TP53	62636:c.833G>C	62636:p.(Pro278Arg)	UPN121_PC	Yokoyama et al.	ESCC
hg19	hg19.chr17:g.7578394T>C	hg19.chr17:g.7578394T>C	TP53	62635:c.536T>C	62635:p.(His179Arg)	UPN121_PC	Yokoyama et al.	ESCC
hg19	hg19.chr17:g.7578406C>T	hg19.chr17:g.7578406C>T	TP53	62635:c.524C>T	62635:p.(Arg175His)	UPN123_PC	Yokoyama et al.	ESCC
hg19	hg19.chr1:g.120484153C>G	hg19.chr1:g.120484153C>G	NOTCH2	6040:c.2977C>G	6040:p.(Glu993Gln)	UPN124_PC	Yokoyama et al.	ESCC
hg19	hg19.chr1:g.120484253C>G	hg19.chr1:g.120484253C>G	NOTCH2	6040:c.2877C>G	6040:p.(Lys959Asn)	UPN124_PC	Yokoyama et al.	ESCC
hg19	hg19.chr17:g.7577574T>C	hg19.chr17:g.7577574T>C	TP53	62635:c.707T>C	62635:p.(Tyr236Cys)	UPN124_PC	Yokoyama et al.	ESCC
hg19	hg19.chr17:g.7577046C>A	hg19.chr17:g.7577046C>A	TP53	62636:c.892C>A	62636:p.(Glu298Ter)	UPN126_PC	Yokoyama et al.	ESCC
hg19	hg19.chr2:g.178098975A>T	hg19.chr2:g.178098975A>T	NFE2L2	12333:c.70A>T	12333:p.(Trp24Arg)	UPN126_PC	Yokoyama et al.	ESCC
hg19	hg19.chr17:g.7577559G>T	hg19.chr17:g.7577559G>T	TP53	62635:c.722G>T	62635:p.(Ser241Tyr)	UPN127_PC	Yokoyama et al.	ESCC
hg19	hg19.chr17:g.7577511A>G	hg19.chr17:g.7577511A>G	TP53	62635:c.770A>G	62635:p.(Leu257Pro)	UPN128_PC	Yokoyama et al.	ESCC
hg19	hg19.chr17:g.7578257C>A	hg19.chr17:g.7578257C>A	TP53	62635:c.592C>A	62635:p.(Glu198Ter)	UPN129_PC	Yokoyama et al.	ESCC
hg19	hg19.chr9:g.139409016T>C	hg19.chr9:g.139409016T>C	NOTCH1	37446:c.2153T>C	37446:p.(Asn718Ser)	UPN129_PC	Yokoyama et al.	ESCC
hg19	hg19.chr17:g.7578212G>A	hg19.chr17:g.7578212G>A	TP53	62635:c.637G>A	62635:p.(Arg213Ter)	UPN130_PC	Yokoyama et al.	ESCC
hg19	hg19.chr17:g.7579536C>A	hg19.chr17:g.7579536C>A	TP53	62651:c.196C>A	62651:p.(Glu66Ter)	UPN130_PC	Yokoyama et al.	ESCC
hg19	hg19.chr4:g.153259045A>G	hg19.chr4:g.153259045A>G	FBXW7	20029:c.770A>G	20029:p.(Ile257Thr)	UPN130_PC	Yokoyama et al.	ESCC
hg19	hg19.chr4:g.187525620T>A	hg19.chr4:g.187525620T>A	FAT1	20264:c.10459T>A	20264:p.(Lys3487Ter)	PD30272ab	Martincorena et al.	CHNE
hg19	hg19.chr9:g.139399934A>G	hg19.chr9:g.139399934A>G	NOTCH1	37446:c.4414A>G	37446:p.(Cys1472Arg)	PD30272ad	Martincorena et al.	CHNE
hg19	hg19.chr9:g.139412359C>T	hg19.chr9:g.139412359C>T	NOTCH1	37446:c.1286C>T	37446:p.(Cys429Tyr)	PD30272ad	Martincorena et al.	CHNE
hg19	hg19.chr9:g.139413130C>T	hg19.chr9:g.139413130C>T	NOTCH1	37446:c.1012C>T	37446:p.(Asp338Asn)	PD30272ad	Martincorena et al.	CHNE
hg19	hg19.chr9:g.139412272G>T	hg19.chr9:g.139412272G>T	NOTCH1	37446:c.1373G>T	37446:p.(Ser458Ter)	PD30272ae	Martincorena et al.	CHNE
hg19	hg19.chr4:g.187527291A>T	hg19.chr4:g.187527291A>T	FAT1	20264:c.10283A>T	20264:p.(Ile3428Asn)	PD30272af	Martincorena et al.	CHNE
hg19	hg19.chr9:g.139412724C>A	hg19.chr9:g.139412724C>A	NOTCH1	37446:c.1120C>A	37446:p.(Asp374Tyr)	PD30272af	Martincorena et al.	CHNE
hg19	hg19.chr1:g.120484197C>A	hg19.chr1:g.120484197C>A	NOTCH2	6040:c.2933C>A	6040:p.(Gly978Val)	PD30272ag	Martincorena et al.	CHNE
hg19	hg19.chr9:g.139405226G>T	hg19.chr9:g.139405226G>T	NOTCH1	37446:c.2619G>T	37446:p.(Cys873Ter)	PD30272ah	Martincorena et al.	CHNE
hg19	hg19.chr4:g.187527273T>C	hg19.chr4:g.187527273T>C	FAT1	20264:c.10301T>C	20264:p.(Asn3434Ser)	PD30272aj	Martincorena et al.	CHNE
hg19	hg19.chr4:g.187541516T>C	hg19.chr4:g.187541516T>C	FAT1	20264:c.6224T>C	20264:p.(Asn2075Ser)	PD30272al	Martincorena et al.	CHNE
hg19	hg19.chr9:g.139412373C>A	hg19.chr9:g.139412373C>A	NOTCH1	37446:c.1272C>A	37446:p.(Glu424Asp)	PD30272an	Martincorena et al.	CHNE
hg19	hg19.chr2:g.178098965T>C	hg19.chr2:g.178098965T>C	NFE2L2	12333:c.80T>C	12333:p.(Asp27Gly)	PD30272ao	Martincorena et al.	CHNE
hg19	hg19.chr9:g.139399471C>T	hg19.chr9:g.139399471C>T	NOTCH1	37446:c.4672C>T	37446:p.(Gly1558Arg)	PD30272ap	Martincorena et al.	CHNE
hg19	hg19.chr9:g.139412257T>G	hg19.chr9:g.139412257T>G	NOTCH1	37446:c.1388T>G	37446:p.(Asn463Thr)	PD30272ap	Martincorena et al.	CHNE
hg19	hg19.chr9:g.139413130C>A	hg19.chr9:g.139413130C>A	NOTCH1	37446:c.1012C>A	37446:p.(Asp338Tyr)	PD30272ap	Martincorena et al.	CHNE
hg19	hg19.chr9:g.139417413T>G	hg19.chr9:g.139417413T>G	NOTCH1	37446:c.631T>G	37446:p.(Thr211Pro)	PD30272ap	Martincorena et al.	CHNE
hg19	hg19.chr9:g.139412204C>A	hg19.chr9:g.139412204C>A	NOTCH1	37446:c.1441C>A	37446:p.(Gly481Cys)	PD30272aq	Martincorena et al.	CHNE
hg19	hg19.chr2:g.178095652A>T	hg19.chr2:g.178095652A>T	NFE2L2	12333:c.1679A>T	12333:p.(Leu560Ter)	PD30272ar	Martincorena et al.	CHNE
hg19	hg19.chr4:g.187539951G>A	hg19.chr4:g.187539951G>A	FAT1	20264:c.7789G>A	20264:p.(Arg2597Ter)	PD30272ar	Martincorena et al.	CHNE
hg19	hg19.chr9:g.139399306G>A	hg19.chr9:g.139399306G>A	NOTCH1	37446:c.4837G>A	37446:p.(Gln1613Ter)	PD30272ar	Martincorena et al.	CHNE
hg19	hg19.chr1:g.120529611G>T	hg19.chr1:g.120529611G>T	NOTCH2	6040:c.846G>T	6040:p.(Tyr282Ter)	PD30272as	Martincorena et al.	CHNE
hg19	hg19.chr9:g.139412690G>A	hg19.chr9:g.139412690G>A	NOTCH1	37446:c.1154G>A	37446:p.(Ser385Phe)	PD30272as	Martincorena et al.	CHNE
hg19	hg19.chr9:g.139417409C>T	hg19.chr9:g.139417409C>T	NOTCH1	37446:c.635C>T	37446:p.(Gly212Asp)	PD30272as	Martincorena et al.	CHNE
hg19	hg19.chr9:g.139401080C>A	hg19.chr9:g.139401080C>A	NOTCH1	37446:c.3913C>A	37446:p.(Glu1305Ter)	PD30272au	Martincorena et al.	CHNE
hg19	hg19.chr4:g.187524984T>A	hg19.chr4:g.187524984T>A	FAT1	20264:c.10696T>A	20264:p.(Lys3566Ter)	PD30272aw	Martincorena et al.	CHNE
hg19	hg19.chr4:g.187549796T>A	hg19.chr4:g.187549796T>A	FAT1	20264:c.4445T>A	20264:p.(Asp1482Val)	PD30272aw	Martincorena et al.	CHNE
hg19	hg19.chr9:g.139413108A>C	hg19.chr9:g.139413108A>C	NOTCH1	37446:c.1034A>C	37446:p.(Phe345Cys)	PD30272ay	Martincorena et al.	CHNE
hg19	hg19.chr17:g.7576853C>T	hg19.chr17:g.7576853C>T	TP53	62636:c.993C>T	62636:p.(Gln331Gln)	PD30272az	Martincorena et al.	CHNE
hg19	hg19.chr17:g.7578208T>C	hg19.chr17:g.7578208T>C	TP53	62635:c.641T>C	62635:p.(His214Arg)	PD30272b	Martincorena et al.	CHNE
hg19	hg19.chr1:g.120510161C>T	hg19.chr1:g.120510161C>T	NOTCH2	6040:c.1348C>T	6040:p.(Gly450Arg)	PD30272bd	Martincorena et al.	CHNE
hg19	hg19.chr2:g.178098887T>A	hg19.chr2:g.178098887T>A	NFE2L2	12333:c.158T>A	12333:p.(Lys53Ile)	PD30272bd	Martincorena et al.	CHNE
hg19	hg19.chr4:g.187524696T>A	hg19.chr4:g.187524696T>A	FAT1	20264:c.10984T>A	20264:p.(Asn3662Tyr)	PD30272bd	Martincorena et al.	CHNE
hg19	hg19.chr4:g.187535439G>T	hg19.chr4:g.187535439G>T	FAT1	20264:c.9135G>T	20264:p.(Ile3045Ile)	PD30272be	Martincorena et al.	CHNE
hg19	hg19.chr9:g.139411828C>A	hg19.chr9:g.139411828C>A	NOTCH1	37446:c.1451C>A	37446:p.(Gly484Val)	PD30272be	Martincorena et al.	CHNE
hg19	hg19.chr4:g.187525016G>C	hg19.chr4:g.187525016G>C	FAT1	20264:c.10664G>C	20264:p.(Ser3555Cys)	PD30272bf	Martincorena et al.	CHNE
hg19	hg19.chr1:g.120478192A>C	hg19.chr1:g.120478192A>C	NOTCH2	6040:c.3558A>C	6040:p.(Tyr1186Ter)	PD30272bm	Martincorena et al.	CHNE
hg19	hg19.chr1:g.120479909C>T	hg19.chr1:g.120479909C>T	NOTCH2	6040:c.3518C>T	6040:p.(Cys1173Tyr)	PD30272bn	Martincorena et al.	CHNE
hg19	hg19.chr9:g.139417530C>T	hg19.chr9:g.139417530C>T	NOTCH1	37446:c.514C>T	37446:p.(Gly172Ser)	PD30272bn	Martincorena et al.	CHNE
hg19	hg19.chr1:g.120468150C>T	hg19.chr1:g.120468150C>T	NOTCH2	6040:c.4289C>T	6040:p.(Cys1430Tyr)	PD30272bo	Martincorena et al.	CHNE
hg19	hg19.chr1:g.120460358G>T	hg19.chr1:g.120460358G>T	NOTCH2	6040:c.5957G>T	6040:p.(Ala1986Asp)	PD30272bq	Martincorena et al.	CHNE
hg19	hg19.chr1:g.120480557C>T	hg19.chr1:g.120480557C>T	NOTCH2	6040:c.3260C>T	6040:p.(Cys1087Tyr)	PD30272br	Martincorena et al.	CHNE
hg19	hg19.chr2:g.178098815T>A	hg19.chr2:g.178098815T>A	NFE2L2	12333:c.230T>A	12333:p.(Asp77Val)	PD30272br	Martincorena et al.	CHNE
hg19	hg19.chr1:g.120512173C>T	hg19.chr1:g.120512173C>T	NOTCH2	6040:c.1069C>T	6040:p.(Val357Met)	PD30272bs	Martincorena et al.	CHNE
hg19	hg19.chr1:g.120510083C>T	hg19.chr1:g.120510083C>T	NOTCH2	6040:c.1426C>T	6040:p.(Gly476Arg)	PD30272bu	Martincorena et al.	CHNE
hg19	hg19.chr4:g.187629049T>C	hg19.chr4:g.187629049T>C	FAT1	20264:c.1933T>C	20264:p.(Ile645Val)	PD30272bv	Martincorena et al.	CHNE
hg19	hg19.chr9:g.139412297C>A	hg19.chr9:g.139412297C>A	NOTCH1	37446:c.1348C>A	37446:p.(Glu450Ter)	PD30272bv	Martincorena et al.	CHNE
hg19	hg19.chr9:g.139417447G>T	hg19.chr9:g.139417447G>T	NOTCH1	37446:c.597G>T	37446:p.(Val199Val)	PD30272bv	Martincorena et al.	CHNE
hg19	hg19.chr1:g.120509086C>A	hg19.chr1:g.120509086C>A	NOTCH2	6040:c.1480C>A	6040:p.(Glu494Ter)	PD30272bw	Martincorena et al.	CHNE
hg19	hg19.chr4:g.153249393G>T	hg19.chr4:g.153249393G>T	FBXW7	20029:c.1385G>T	20029:p.(Ser462Tyr)	PD30272bw	Martincorena et al.	CHNE
hg19	hg19.chr1:g.120506380G>C	hg19.chr1:g.120506380G>C	NOTCH2	6040:c.1732G>C	6040:p.(Pro578Ala)	PD30272bx	Martincorena et al.	CHNE
hg19	hg19.chr4:g.187629697G>A	hg19.chr4:g.187629697G>A	FAT1	20264:c.1285G>A	20264:p.(Gln429Ter)	PD30272bx	Martincorena et al.	CHNE
hg19	hg19.chr9:g.139412721C>T	hg19.chr9:g.139412721C>T	NOTCH1	37446:c.1123C>T	37446:p.(Ala375Thr)	PD30272bx	Martincorena et al.	CHNE
hg19	hg19.chr17:g.7578208T>C	hg19.chr17:g.7578208T>C	TP53	62635:c.641T>C	62635:p.(His214Arg)	PD30272by	Martincorena et al.	CHNE
hg19	hg19.chr4:g.187630228C>A	hg19.chr4:g.187630228C>A	FAT1	20264:c.754C>A	20264:p.(Glu252Ter)	PD30272c	Martincorena et al.	CHNE
hg19	hg19.chr9:g.139393625C>T	hg19.chr9:g.139393625C>T	NOTCH1	37446:c.6021C>T	37446:p.(Val2007Val)	PD30272c	Martincorena et al.	CHNE
hg19	hg19.chr9:g.139396806A>C	hg19.chr9:g.139396806A>C	NOTCH1	37446:c.5302A>C	37446:p.(Trp1768Gly)	PD30272cb	Martincorena et al.	CHNE
hg19	hg19.chr1:g.120480480C>T	hg19.chr1:g.120480480C>T	NOTCH2	6040:c.3337C>T	6040:p.(Gly1113Ser)	PD30272cc	Martincorena et al.	CHNE
hg19	hg19.chr2:g.178096381A>G	hg19.chr2:g.178096381A>G	NFE2L2	12333:c.950A>G	12333:p.(Ile317Thr)	PD30272cc	Martincorena et al.	CHNE
hg19	hg19.chr9:g.139413049G>A	hg19.chr9:g.139413049G>A	NOTCH1	37446:c.1093G>A	37446:p.(Arg365Cys)	PD30272cd	Martincorena et al.	CHNE
hg19	hg19.chr9:g.139396455G>A	hg19.chr9:g.139396455G>A	NOTCH1	37446:c.5470G>A	37446:p.(Arg1824Trp)	PD30272ce	Martincorena et al.	CHNE
hg19	hg19.chr17:g.7577556C>T	hg19.chr17:g.7577556C>T	TP53	62635:c.725C>T	62635:p.(Cys242Tyr)	PD30272ci	Martincorena et al.	CHNE
hg19	hg19.chr3:g.178916924C>T	hg19.chr3:g.178916924C>T	PIK3CA	14944:c.311C>T	14944:p.(Pro104Leu)	PD30272cj	Martincorena et al.	CHNE
hg19	hg19.chr1:g.120484365T>A	hg19.chr1:g.120484365T>A	NOTCH2	6040:c.2765T>A	6040:p.(Asn922Ile)	PD30272cl	Martincorena et al.	CHNE
hg19	hg19.chr17:g.7578395G>T	hg19.chr17:g.7578395G>T	TP53	62635:c.535G>T	62635:p.(His179Asn)	PD30272cm	Martincorena et al.	CHNE
hg19	hg19.chr4:g.187630588G>A	hg19.chr4:g.187630588G>A	FAT1	20264:c.394G>A	20264:p.(Arg132Ter)	PD30272cn	Martincorena et al.	CHNE
hg19	hg19.chr4:g.153244233C>T	hg19.chr4:g.153244233C>T	FBXW7	20029:c.1924C>T	20029:p.(Asp642Asn)	PD30272cq	Martincorena et al.	CHNE
hg19	hg19.chr4:g.153247264C>G	hg19.chr4:g.153247264C>G	FBXW7	20029:c.1538C>G	20029:p.(Arg513Thr)	PD30272cr	Martincorena et al.	CHNE
hg19	hg19.chr9:g.139399879C>A	hg19.chr9:g.139399879C>A	NOTCH1	37446:c.4469C>A	37446:p.(Cys1490Phe)	PD30272ct	Martincorena et al.	CHNE
hg19	hg19.chr9:g.139411736C>A	hg19.chr9:g.139411736C>A	NOTCH1	37446:c.1543C>A	37446:p.(Glu515Ter)	PD30272cv	Martincorena et al.	CHNE
hg19	hg19.chr9:g.139412233A>T	hg19.chr9:g.139412233A>T	NOTCH1	37446:c.1412A>T	37446:p.(Ile471Asn)	PD30272d	Martincorena et al.	CHNE
hg19	hg19.chr9:g.139412627C>A	hg19.chr9:g.139412627C>A	NOTCH1	37446:c.1217C>A	37446:p.(Gly406Val)	PD30272d	Martincorena et al.	CHNE
hg19	hg19.chr9:g.139418282A>C	hg19.chr9:g.139418282A>C	NOTCH1	37446:c.290A>C	37446:p.(Leu97Arg)	PD30272d	Martincorena et al.	CHNE
hg19	hg19.chr9:g.139404327C>A	hg19.chr9:g.139404327C>A	NOTCH1	37446:c.2827C>A	37446:p.(Glu943Ter)	PD30272e	Martincorena et al.	CHNE
hg19	hg19.chr9:g.139413130C>T	hg19.chr9:g.139413130C>T	NOTCH1	37446:c.1012C>T	37446:p.(Asp338Asn)	PD30272f	Martincorena et al.	CHNE
hg19	hg19.chr4:g.187630411G>A	hg19.chr4:g.187630411G>A	FAT1	20264:c.571G>A	20264:p.(Arg191Ter)	PD30272g	Martincorena et al.	CHNE
hg19	hg19.chr9:g.139412297C>T	hg19.chr9:g.139412297C>T	NOTCH1	37446:c.1348C>T	37446:p.(Glu450Lys)	PD30272h	Martincorena et al.	CHNE
hg19	hg19.chr4:g.187628542C>A	hg19.chr4:g.187628542C>A	FAT1	20264:c.2440C>A	20264:p.(Asp814Tyr)	PD30272i	Martincorena et al.	CHNE
hg19	hg19.chr4:g.153247175T>C	hg19.chr4:g.153247175T>C	FBXW7	20029:c.1627T>C	20029:p.(Arg543Gly)	PD30272j	Martincorena et al.	CHNE
hg19	hg19.chr4:g.187630427G>C	hg19.chr4:g.187630427G>C	FAT1	20264:c.555G>C	20264:p.(Tyr185Ter)	PD30272j	Martincorena et al.	CHNE
hg19	hg19.chr9:g.139412705G>A	hg19.chr9:g.139412705G>A	NOTCH1	37446:c.1139G>A	37446:p.(Pro380Leu)	PD30272k	Martincorena et al.	CHNE
hg19	hg19.chr1:g.120510059G>C	hg19.chr1:g.120510059G>C	NOTCH2	6040:c.1450G>C	6040:p.(Pro484Ala)	PD30272m	Martincorena et al.	CHNE
hg19	hg19.chr4:g.153247175T>C	hg19.chr4:g.153247175T>C	FBXW7	20029:c.1627T>C	20029:p.(Arg543Gly)	PD30272m	Martincorena et al.	CHNE
hg19	hg19.chr2:g.178098945G>C	hg19.chr2:g.178098945G>C	NFE2L2	12333:c.100G>C	12333:p.(Arg34Gly)	PD30272n	Martincorena et al.	CHNE
hg19	hg19.chr4:g.187629883A>C	hg19.chr4:g.187629883A>C	FAT1	20264:c.1099A>C	20264:p.(Phe367Val)	PD30272o	Martincorena et al.	CHNE
hg19	hg19.chr9:g.139404186T>G	hg19.chr9:g.139404186T>G	NOTCH1	37446:c.2968T>G	37446:p.(Ser990Arg)	PD30272p	Martincorena et al.	CHNE
hg19	hg19.chr17:g.7577121G>A	hg19.chr17:g.7577121G>A	TP53	62636:c.817G>A	62636:p.(Arg273Cys)	PD30272q	Martincorena et al.	CHNE
hg19	hg19.chr4:g.187518021T>C	hg19.chr4:g.187518021T>C	FAT1	20264:c.12673T>C	20264:p.(Thr4225Ala)	PD30272q	Martincorena et al.	CHNE
hg19	hg19.chr1:g.120462000G>A	hg19.chr1:g.120462000G>A	NOTCH2	6040:c.5716G>A	6040:p.(Gln1906Ter)	PD30272r	Martincorena et al.	CHNE
hg19	hg19.chr9:g.139412353T>A	hg19.chr9:g.139412353T>A	NOTCH1	37446:c.1292T>A	37446:p.(Asn431Ile)	PD30272r	Martincorena et al.	CHNE
hg19	hg19.chr9:g.139412262G>C	hg19.chr9:g.139412262G>C	NOTCH1	37446:c.1383G>C	37446:p.(Cys461Trp)	PD30272s	Martincorena et al.	CHNE
hg19	hg19.chr9:g.139404293C>T	hg19.chr9:g.139404293C>T	NOTCH1	37446:c.2861C>T	37446:p.(Cys954Tyr)	PD30272u	Martincorena et al.	CHNE
hg19	hg19.chr4:g.153245504T>G	hg19.chr4:g.153245504T>G	FBXW7	20029:c.1687T>G	20029:p.(Ile563Leu)	PD30272w	Martincorena et al.	CHNE
hg19	hg19.chr4:g.187542005G>C	hg19.chr4:g.187542005G>C	FAT1	20264:c.5735G>C	20264:p.(Ser1912Ter)	PD30272w	Martincorena et al.	CHNE
hg19	hg19.chr9:g.139392003G>T	hg19.chr9:g.139392003G>T	NOTCH1	37446:c.6188G>T	37446:p.(Thr2063Lys)	PD30272x	Martincorena et al.	CHNE
hg19	hg19.chr9:g.139399784G>A	hg19.chr9:g.139399784G>A	NOTCH1	37446:c.4564G>A	37446:p.(Gln1522Ter)	PD30272x	Martincorena et al.	CHNE
hg19	hg19.chr1:g.120463014C>A	hg19.chr1:g.120463014C>A	NOTCH2	6040:c.5317C>A	6040:p.(Asp1773Tyr)	PD30272y	Martincorena et al.	CHNE
hg19	hg19.chr4:g.187521202G>A	hg19.chr4:g.187521202G>A	FAT1	20264:c.11953G>A	20264:p.(Gln3985Ter)	PD30272y	Martincorena et al.	CHNE
hg19	hg19.chr4:g.187542005G>C	hg19.chr4:g.187542005G>C	FAT1	20264:c.5735G>C	20264:p.(Ser1912Ter)	PD30272z	Martincorena et al.	CHNE
hg19	hg19.chr4:g.187542717C>T	hg19.chr4:g.187542717C>T	FAT1	20264:c.5023C>T	20264:p.(Glu1675Lys)	PD30272z	Martincorena et al.	CHNE
hg19	hg19.chr9:g.139412589C>A	hg19.chr9:g.139412589C>A	NOTCH1	37446:c.1255C>A	37446:p.(Gly419Cys)	PD30272z	Martincorena et al.	CHNE
hg19	hg19.chr17:g.7578406C>T	hg19.chr17:g.7578406C>T	TP53	62635:c.524C>T	62635:p.(Arg175His)	PD30273b	Martincorena et al.	CHNE
hg19	hg19.chr17:g.7578500G>A	hg19.chr17:g.7578500G>A	TP53	62635:c.430G>A	62635:p.(Gln144Ter)	PD30273b	Martincorena et al.	CHNE
hg19	hg19.chr4:g.187541740G>A	hg19.chr4:g.187541740G>A	FAT1	20264:c.6000G>A	20264:p.(Val2000Val)	PD30273b	Martincorena et al.	CHNE
hg19	hg19.chr9:g.139401262G>C	hg19.chr9:g.139401262G>C	NOTCH1	37446:c.3807G>C	37446:p.(Asn1269Lys)	PD30273b	Martincorena et al.	CHNE
hg19	hg19.chr9:g.139411828C>A	hg19.chr9:g.139411828C>A	NOTCH1	37446:c.1451C>A	37446:p.(Gly484Val)	PD30273b	Martincorena et al.	CHNE
hg19	hg19.chr9:g.139412610C>A	hg19.chr9:g.139412610C>A	NOTCH1	37446:c.1234C>A	37446:p.(Asp412Tyr)	PD30273b	Martincorena et al.	CHNE
hg19	hg19.chr17:g.7577118C>A	hg19.chr17:g.7577118C>A	TP53	62636:c.820C>A	62636:p.(Val274Phe)	PD30274b	Martincorena et al.	CHNE
hg19	hg19.chr4:g.187539891T>A	hg19.chr4:g.187539891T>A	FAT1	20264:c.7849T>A	20264:p.(Lys2617Ter)	PD30274b	Martincorena et al.	CHNE
hg19	hg19.chr9:g.139413147C>A	hg19.chr9:g.139413147C>A	NOTCH1	37446:c.995C>A	37446:p.(Cys332Phe)	PD30274b	Martincorena et al.	CHNE
hg19	hg19.chr4:g.187539071G>C	hg19.chr4:g.187539071G>C	FAT1	20264:c.8669G>C	20264:p.(Ser2890Ter)	PD30274ch	Martincorena et al.	CHNE
hg19	hg19.chr4:g.187539564G>A	hg19.chr4:g.187539564G>A	FAT1	20264:c.8176G>A	20264:p.(Arg2726Ter)	PD30274ct	Martincorena et al.	CHNE
hg19	hg19.chr9:g.139417631C>A	hg19.chr9:g.139417631C>A	NOTCH1	37446:c.413C>A	37446:p.(Cys138Phe)	PD30274ct	Martincorena et al.	CHNE
hg19	hg19.chr17:g.7578266T>A	hg19.chr17:g.7578266T>A	TP53	62635:c.583T>A	62635:p.(Ile195Phe)	PD30987af	Martincorena et al.	CHNE
hg19	hg19.chr9:g.139413213C>A	hg19.chr9:g.139413213C>A	NOTCH1	37446:c.929C>A	37446:p.(Gly310Val)	PD30987af	Martincorena et al.	CHNE
hg19	hg19.chr17:g.7577127C>A	hg19.chr17:g.7577127C>A	TP53	62636:c.811C>A	62636:p.(Glu271Ter)	PD30987ag	Martincorena et al.	CHNE
hg19	hg19.chr9:g.139412278C>T	hg19.chr9:g.139412278C>T	NOTCH1	37446:c.1367C>T	37446:p.(Cys456Tyr)	PD30987ag	Martincorena et al.	CHNE
hg19	hg19.chr9:g.139412345C>A	hg19.chr9:g.139412345C>A	NOTCH1	37446:c.1300C>A	37446:p.(Gly434Cys)	PD30987ag	Martincorena et al.	CHNE
hg19	hg19.chr9:g.139413206G>T	hg19.chr9:g.139413206G>T	NOTCH1	37446:c.936G>T	37446:p.(Cys312Ter)	PD30987ag	Martincorena et al.	CHNE
hg19	hg19.chr9:g.139395252C>A	hg19.chr9:g.139395252C>A	NOTCH1	37446:c.5686C>A	37446:p.(Glu1896Ter)	PD30987al	Martincorena et al.	CHNE
hg19	hg19.chr9:g.139412332C>T	hg19.chr9:g.139412332C>T	NOTCH1	37446:c.1313C>T	37446:p.(Cys438Tyr)	PD30987al	Martincorena et al.	CHNE
hg19	hg19.chr17:g.7577506C>A	hg19.chr17:g.7577506C>A	TP53	62635:c.775C>A	62635:p.(Asp259Tyr)	PD30987am	Martincorena et al.	CHNE
hg19	hg19.chr17:g.7578404A>G	hg19.chr17:g.7578404A>G	TP53	62635:c.526A>G	62635:p.(Cys176Arg)	PD30987am	Martincorena et al.	CHNE
hg19	hg19.chr9:g.139399230C>T	hg19.chr9:g.139399230C>T	NOTCH1	37446:c.4913C>T	37446:p.(Trp1638Ter)	PD30987am	Martincorena et al.	CHNE
hg19	hg19.chr9:g.139412264A>T	hg19.chr9:g.139412264A>T	NOTCH1	37446:c.1381A>T	37446:p.(Cys461Ser)	PD30987am	Martincorena et al.	CHNE
hg19	hg19.chr2:g.178098815T>C	hg19.chr2:g.178098815T>C	NFE2L2	12333:c.230T>C	12333:p.(Asp77Gly)	PD30987ap	Martincorena et al.	CHNE
hg19	hg19.chr9:g.139399988A>C	hg19.chr9:g.139399988A>C	NOTCH1	37446:c.4360A>C	37446:p.(Cys1454Gly)	PD30987ap	Martincorena et al.	CHNE
hg19	hg19.chr1:g.120468376C>A	hg19.chr1:g.120468376C>A	NOTCH2	6040:c.4063C>A	6040:p.(Glu1355Ter)	PD30987aw	Martincorena et al.	CHNE
hg19	hg19.chr4:g.187519200G>T	hg19.chr4:g.187519200G>T	FAT1	20264:c.12183G>T	20264:p.(Cys4061Ter)	PD30987aw	Martincorena et al.	CHNE
hg19	hg19.chr4:g.187540887G>A	hg19.chr4:g.187540887G>A	FAT1	20264:c.6853G>A	20264:p.(Gln2285Ter)	PD30987aw	Martincorena et al.	CHNE
hg19	hg19.chr9:g.139402454G>A	hg19.chr9:g.139402454G>A	NOTCH1	37446:c.3463G>A	37446:p.(Gln1155Ter)	PD30987aw	Martincorena et al.	CHNE
hg19	hg19.chr9:g.139402475C>A	hg19.chr9:g.139402475C>A	NOTCH1	37446:c.3442C>A	37446:p.(Glu1148Ter)	PD30987aw	Martincorena et al.	CHNE
hg19	hg19.chr9:g.139402485G>A	hg19.chr9:g.139402485G>A	NOTCH1	37446:c.3432G>A	37446:p.(Asp1144Asp)	PD30987aw	Martincorena et al.	CHNE
hg19	hg19.chr9:g.139402570C>T	hg19.chr9:g.139402570C>T	NOTCH1	37446:c.3347C>T	37446:p.(Cys1116Tyr)	PD30987aw	Martincorena et al.	CHNE
hg19	hg19.chr9:g.139411829C>A	hg19.chr9:g.139411829C>A	NOTCH1	37446:c.1450C>A	37446:p.(Gly484Cys)	PD30987aw	Martincorena et al.	CHNE
hg19	hg19.chr9:g.139417446C>T	hg19.chr9:g.139417446C>T	NOTCH1	37446:c.598C>T	37446:p.(Gly200Ser)	PD30987aw	Martincorena et al.	CHNE
hg19	hg19.chr1:g.120465038G>A	hg19.chr1:g.120465038G>A	NOTCH2	6040:c.5034G>A	6040:p.(Leu1678Leu)	PD30987bl	Martincorena et al.	CHNE
hg19	hg19.chr13:g.48881418T>G	hg19.chr13:g.48881418T>G	RB1	49601:c.140T>G	49601:p.(Leu47Arg)	PD30987bl	Martincorena et al.	CHNE
hg19	hg19.chr9:g.139412317C>T	hg19.chr9:g.139412317C>T	NOTCH1	37446:c.1328C>T	37446:p.(Gly443Asp)	PD30987bn	Martincorena et al.	CHNE
hg19	hg19.chr9:g.139412645C>A	hg19.chr9:g.139412645C>A	NOTCH1	37446:c.1199C>A	37446:p.(Cys400Phe)	PD30987bn	Martincorena et al.	CHNE
hg19	hg19.chr1:g.120510184C>T	hg19.chr1:g.120510184C>T	NOTCH2	6040:c.1325C>T	6040:p.(Cys442Tyr)	PD30987bo	Martincorena et al.	CHNE
hg19	hg19.chr17:g.7577108C>A	hg19.chr17:g.7577108C>A	TP53	62636:c.830C>A	62636:p.(Cys277Phe)	PD30987bo	Martincorena et al.	CHNE
hg19	hg19.chr9:g.139411828C>T	hg19.chr9:g.139411828C>T	NOTCH1	37446:c.1451C>T	37446:p.(Gly484Asp)	PD30987bo	Martincorena et al.	CHNE
hg19	hg19.chr1:g.120478143T>C	hg19.chr1:g.120478143T>C	NOTCH2	6040:c.3607T>C	6040:p.(Ile1203Val)	PD30987bt	Martincorena et al.	CHNE
hg19	hg19.chr4:g.187549794G>A	hg19.chr4:g.187549794G>A	FAT1	20264:c.4447G>A	20264:p.(Gln1483Ter)	PD30987bt	Martincorena et al.	CHNE
hg19	hg19.chr9:g.139412252C>T	hg19.chr9:g.139412252C>T	NOTCH1	37446:c.1393C>T	37446:p.(Ala465Thr)	PD30987bt	Martincorena et al.	CHNE
hg19	hg19.chr9:g.139412676T>G	hg19.chr9:g.139412676T>G	NOTCH1	37446:c.1168T>G	37446:p.(Asn390His)	PD30987bt	Martincorena et al.	CHNE
hg19	hg19.chr3:g.178952085A>G	hg19.chr3:g.178952085A>G	PIK3CA	14944:c.3140A>G	14944:p.(His1047Arg)	PD30987bu	Martincorena et al.	CHNE
hg19	hg19.chr4:g.187539192G>A	hg19.chr4:g.187539192G>A	FAT1	20264:c.8548G>A	20264:p.(Gln2850Ter)	PD30987bu	Martincorena et al.	CHNE
hg19	hg19.chr9:g.139412218C>T	hg19.chr9:g.139412218C>T	NOTCH1	37446:c.1427C>T	37446:p.(Cys476Tyr)	PD30987bu	Martincorena et al.	CHNE
hg19	hg19.chr9:g.139412332C>T	hg19.chr9:g.139412332C>T	NOTCH1	37446:c.1313C>T	37446:p.(Cys438Tyr)	PD30987bu	Martincorena et al.	CHNE
hg19	hg19.chr4:g.187532704A>C	hg19.chr4:g.187532704A>C	FAT1	20264:c.9689A>C	20264:p.(Phe3230Cys)	PD30987bv	Martincorena et al.	CHNE
hg19	hg19.chr9:g.139402805G>C	hg19.chr9:g.139402805G>C	NOTCH1	37446:c.3204G>C	37446:p.(Cys1068Trp)	PD30987bv	Martincorena et al.	CHNE
hg19	hg19.chr9:g.139412261G>A	hg19.chr9:g.139412261G>A	NOTCH1	37446:c.1384G>A	37446:p.(Gln462Ter)	PD30987bv	Martincorena et al.	CHNE
hg19	hg19.chr9:g.139412332C>T	hg19.chr9:g.139412332C>T	NOTCH1	37446:c.1313C>T	37446:p.(Cys438Tyr)	PD30987bv	Martincorena et al.	CHNE
hg19	hg19.chr1:g.120502117A>G	hg19.chr1:g.120502117A>G	NOTCH2	6040:c.1924A>G	6040:p.(Cys642Arg)	PD30987bw	Martincorena et al.	CHNE
hg19	hg19.chr9:g.139397637G>A	hg19.chr9:g.139397637G>A	NOTCH1	37446:c.5164G>A	37446:p.(Gln1722Ter)	PD30987bw	Martincorena et al.	CHNE
hg19	hg19.chr9:g.139412332C>T	hg19.chr9:g.139412332C>T	NOTCH1	37446:c.1313C>T	37446:p.(Cys438Tyr)	PD30987bw	Martincorena et al.	CHNE
hg19	hg19.chr9:g.139412639G>T	hg19.chr9:g.139412639G>T	NOTCH1	37446:c.1205G>T	37446:p.(Ser402Ter)	PD30987bw	Martincorena et al.	CHNE
hg19	hg19.chr9:g.139396767T>A	hg19.chr9:g.139396767T>A	NOTCH1	37446:c.5341T>A	37446:p.(Lys1781Ter)	PD30987bz	Martincorena et al.	CHNE
hg19	hg19.chr3:g.178919230C>A	hg19.chr3:g.178919230C>A	PIK3CA	14944:c.715C>A	14944:p.(Leu239Ile)	PD30987cd	Martincorena et al.	CHNE
hg19	hg19.chr4:g.187538991G>A	hg19.chr4:g.187538991G>A	FAT1	20264:c.8749G>A	20264:p.(Arg2917Ter)	PD30987cd	Martincorena et al.	CHNE
hg19	hg19.chr4:g.187549880G>C	hg19.chr4:g.187549880G>C	FAT1	20264:c.4361G>C	20264:p.(Pro1454Arg)	PD30987cd	Martincorena et al.	CHNE
hg19	hg19.chr4:g.187584671G>T	hg19.chr4:g.187584671G>T	FAT1	20264:c.3362G>T	20264:p.(Ser1121Ter)	PD30987cd	Martincorena et al.	CHNE
hg19	hg19.chr9:g.139403423C>A	hg19.chr9:g.139403423C>A	NOTCH1	37446:c.3070C>A	37446:p.(Glu1024Ter)	PD30987cd	Martincorena et al.	CHNE
hg19	hg19.chr9:g.139412282C>T	hg19.chr9:g.139412282C>T	NOTCH1	37446:c.1363C>T	37446:p.(Glu455Lys)	PD30987cd	Martincorena et al.	CHNE
hg19	hg19.chr17:g.7577106G>A	hg19.chr17:g.7577106G>A	TP53	62636:c.832G>A	62636:p.(Pro278Ser)	PD30987ce	Martincorena et al.	CHNE
hg19	hg19.chr9:g.139403423C>A	hg19.chr9:g.139403423C>A	NOTCH1	37446:c.3070C>A	37446:p.(Glu1024Ter)	PD30987ce	Martincorena et al.	CHNE
hg19	hg19.chr9:g.139412228C>A	hg19.chr9:g.139412228C>A	NOTCH1	37446:c.1417C>A	37446:p.(Glu473Ter)	PD30987ce	Martincorena et al.	CHNE
hg19	hg19.chr9:g.139412378A>C	hg19.chr9:g.139412378A>C	NOTCH1	37446:c.1267A>C	37446:p.(Cys423Gly)	PD30987ce	Martincorena et al.	CHNE
hg19	hg19.chr9:g.139418229C>T	hg19.chr9:g.139418229C>T	NOTCH1	37446:c.343C>T	37446:p.(Gly115Ser)	PD30987ce	Martincorena et al.	CHNE
hg19	hg19.chr9:g.139396822C>A	hg19.chr9:g.139396822C>A	NOTCH1	37446:c.5286C>A	37446:p.(Arg1762Arg)	PD30987ck	Martincorena et al.	CHNE
hg19	hg19.chr9:g.139412618C>T	hg19.chr9:g.139412618C>T	NOTCH1	37446:c.1226C>T	37446:p.(Cys409Tyr)	PD30987ck	Martincorena et al.	CHNE
hg19	hg19.chr17:g.7578405G>C	hg19.chr17:g.7578405G>C	TP53	62635:c.525G>C	62635:p.(Arg175Arg)	PD30987cs	Martincorena et al.	CHNE
hg19	hg19.chr3:g.178952072A>G	hg19.chr3:g.178952072A>G	PIK3CA	14944:c.3127A>G	14944:p.(Met1043Val)	PD30987cs	Martincorena et al.	CHNE
hg19	hg19.chr9:g.139392000G>A	hg19.chr9:g.139392000G>A	NOTCH1	37446:c.6191G>A	37446:p.(Pro2064Leu)	PD30987cs	Martincorena et al.	CHNE
hg19	hg19.chr9:g.139399799C>A	hg19.chr9:g.139399799C>A	NOTCH1	37446:c.4549C>A	37446:p.(Asp1517Tyr)	PD30987cs	Martincorena et al.	CHNE
hg19	hg19.chr9:g.139403517G>T	hg19.chr9:g.139403517G>T	NOTCH1	37446:c.2976G>T	37446:p.(Cys992Ter)	PD30987cs	Martincorena et al.	CHNE
hg19	hg19.chr9:g.139413130C>A	hg19.chr9:g.139413130C>A	NOTCH1	37446:c.1012C>A	37446:p.(Asp338Tyr)	PD30987cs	Martincorena et al.	CHNE
hg19	hg19.chr17:g.7578190T>C	hg19.chr17:g.7578190T>C	TP53	62635:c.659T>C	62635:p.(Tyr220Cys)	PD30987cu	Martincorena et al.	CHNE
hg19	hg19.chr4:g.187542441G>A	hg19.chr4:g.187542441G>A	FAT1	20264:c.5299G>A	20264:p.(Gln1767Ter)	PD30987cu	Martincorena et al.	CHNE
hg19	hg19.chr9:g.139393603T>C	hg19.chr9:g.139393603T>C	NOTCH1	37446:c.6043T>C	37446:p.(Ile2015Val)	PD30987cu	Martincorena et al.	CHNE
hg19	hg19.chr1:g.120469171C>A	hg19.chr1:g.120469171C>A	NOTCH2	6040:c.3956C>A	6040:p.(Cys1319Phe)	PD30987e	Martincorena et al.	CHNE
hg19	hg19.chr17:g.7577114C>T	hg19.chr17:g.7577114C>T	TP53	62636:c.824C>T	62636:p.(Cys275Tyr)	PD30987i	Martincorena et al.	CHNE
hg19	hg19.chr9:g.139413225C>A	hg19.chr9:g.139413225C>A	NOTCH1	37446:c.917C>A	37446:p.(Cys306Phe)	PD30987i	Martincorena et al.	CHNE
hg19	hg19.chr9:g.139412729A>C	hg19.chr9:g.139412729A>C	NOTCH1	37446:c.1115A>C	37446:p.(Leu372Arg)	PD30987n	Martincorena et al.	CHNE
hg19	hg19.chr9:g.139413072A>G	hg19.chr9:g.139413072A>G	NOTCH1	37446:c.1070A>G	37446:p.(Phe357Ser)	PD30987n	Martincorena et al.	CHNE
hg19	hg19.chr17:g.7577533G>C	hg19.chr17:g.7577533G>C	TP53	62635:c.748G>C	62635:p.(Pro250Ala)	PD30987o	Martincorena et al.	CHNE
hg19	hg19.chr4:g.187629462T>A	hg19.chr4:g.187629462T>A	FAT1	20264:c.1520T>A	20264:p.(His507Leu)	PD30987o	Martincorena et al.	CHNE
hg19	hg19.chr9:g.139412723T>C	hg19.chr9:g.139412723T>C	NOTCH1	37446:c.1121T>C	37446:p.(Asp374Gly)	PD30987o	Martincorena et al.	CHNE
hg19	hg19.chr17:g.7578536T>C	hg19.chr17:g.7578536T>C	TP53	62635:c.394T>C	62635:p.(Lys132Glu)	PD30987s	Martincorena et al.	CHNE
hg19	hg19.chr9:g.139396767T>A	hg19.chr9:g.139396767T>A	NOTCH1	37446:c.5341T>A	37446:p.(Lys1781Ter)	PD30987s	Martincorena et al.	CHNE
hg19	hg19.chr9:g.139412300A>T	hg19.chr9:g.139412300A>T	NOTCH1	37446:c.1345A>T	37446:p.(Cys449Ser)	PD30987s	Martincorena et al.	CHNE
hg19	hg19.chr9:g.139412649T>G	hg19.chr9:g.139412649T>G	NOTCH1	37446:c.1195T>G	37446:p.(Thr399Pro)	PD30987s	Martincorena et al.	CHNE
hg19	hg19.chr9:g.139418282A>G	hg19.chr9:g.139418282A>G	NOTCH1	37446:c.290A>G	37446:p.(Leu97Pro)	PD30987s	Martincorena et al.	CHNE
hg19	hg19.chr4:g.187630649T>A	hg19.chr4:g.187630649T>A	FAT1	20264:c.333T>A	20264:p.(Glu111Asp)	PD30987t	Martincorena et al.	CHNE
hg19	hg19.chr9:g.139399534T>A	hg19.chr9:g.139399534T>A	NOTCH1	37446:c.4609T>A	37446:p.(Lys1537Ter)	PD30987t	Martincorena et al.	CHNE
hg19	hg19.chr17:g.7578190T>C	hg19.chr17:g.7578190T>C	TP53	62635:c.659T>C	62635:p.(Tyr220Cys)	PD30987u	Martincorena et al.	CHNE
hg19	hg19.chr17:g.7578403C>A	hg19.chr17:g.7578403C>A	TP53	62635:c.527C>A	62635:p.(Cys176Phe)	PD30987u	Martincorena et al.	CHNE
hg19	hg19.chr9:g.139401184G>T	hg19.chr9:g.139401184G>T	NOTCH1	37446:c.3885G>T	37446:p.(Cys1295Ter)	PD30987u	Martincorena et al.	CHNE
hg19	hg19.chr17:g.7577545T>C	hg19.chr17:g.7577545T>C	TP53	62635:c.736T>C	62635:p.(Met246Val)	PD30987w	Martincorena et al.	CHNE
hg19	hg19.chr3:g.178916930G>T	hg19.chr3:g.178916930G>T	PIK3CA	14944:c.317G>T	14944:p.(Gly106Val)	PD30987w	Martincorena et al.	CHNE
hg19	hg19.chr4:g.153247174C>T	hg19.chr4:g.153247174C>T	FBXW7	20029:c.1628C>T	20029:p.(Arg543Lys)	PD30987w	Martincorena et al.	CHNE
hg19	hg19.chr9:g.139393391A>G	hg19.chr9:g.139393391A>G	NOTCH1	37446:c.6140A>G	37446:p.(Leu2047Pro)	PD30987w	Martincorena et al.	CHNE
hg19	hg19.chr9:g.139402729A>T	hg19.chr9:g.139402729A>T	NOTCH1	37446:c.3280A>T	37446:p.(Cys1094Ser)	PD30987w	Martincorena et al.	CHNE
hg19	hg19.chr4:g.187630464G>T	hg19.chr4:g.187630464G>T	FAT1	20264:c.518G>T	20264:p.(Ala173Asp)	PD30988ak	Martincorena et al.	CHNE
hg19	hg19.chr9:g.139413180C>A	hg19.chr9:g.139413180C>A	NOTCH1	37446:c.962C>A	37446:p.(Cys321Phe)	PD30988ak	Martincorena et al.	CHNE
hg19	hg19.chr13:g.49039238T>G	hg19.chr13:g.49039238T>G	RB1	49601:c.2316T>G	49601:p.(Ala772Ala)	PD30988al	Martincorena et al.	CHNE
hg19	hg19.chr4:g.187630804C>A	hg19.chr4:g.187630804C>A	FAT1	20264:c.178C>A	20264:p.(Gly60Cys)	PD30988al	Martincorena et al.	CHNE
hg19	hg19.chr9:g.139412297C>T	hg19.chr9:g.139412297C>T	NOTCH1	37446:c.1348C>T	37446:p.(Glu450Lys)	PD30988al	Martincorena et al.	CHNE
hg19	hg19.chr9:g.139413085G>T	hg19.chr9:g.139413085G>T	NOTCH1	37446:c.1057G>T	37446:p.(Arg353Ser)	PD30988al	Martincorena et al.	CHNE
hg19	hg19.chr17:g.7577121G>A	hg19.chr17:g.7577121G>A	TP53	62636:c.817G>A	62636:p.(Arg273Cys)	PD30988am	Martincorena et al.	CHNE
hg19	hg19.chr9:g.139395187G>A	hg19.chr9:g.139395187G>A	NOTCH1	37446:c.5751G>A	37446:p.(Gly1917Gly)	PD30988am	Martincorena et al.	CHNE
hg19	hg19.chr9:g.139404327C>A	hg19.chr9:g.139404327C>A	NOTCH1	37446:c.2827C>A	37446:p.(Glu943Ter)	PD30988am	Martincorena et al.	CHNE
hg19	hg19.chr9:g.139411738C>T	hg19.chr9:g.139411738C>T	NOTCH1	37446:c.1541C>T	37446:p.(Cys514Tyr)	PD30988am	Martincorena et al.	CHNE
hg19	hg19.chr9:g.139412627C>T	hg19.chr9:g.139412627C>T	NOTCH1	37446:c.1217C>T	37446:p.(Gly406Asp)	PD30988am	Martincorena et al.	CHNE
hg19	hg19.chr9:g.139413180C>A	hg19.chr9:g.139413180C>A	NOTCH1	37446:c.962C>A	37446:p.(Cys321Phe)	PD30988am	Martincorena et al.	CHNE
hg19	hg19.chr9:g.139404225C>T	hg19.chr9:g.139404225C>T	NOTCH1	37446:c.2929C>T	37446:p.(Gly977Arg)	PD30988bs	Martincorena et al.	CHNE
hg19	hg19.chr9:g.139412269T>G	hg19.chr9:g.139412269T>G	NOTCH1	37446:c.1376T>G	37446:p.(Asn459Thr)	PD30988bs	Martincorena et al.	CHNE
hg19	hg19.chr13:g.48936981C>T	hg19.chr13:g.48936981C>T	RB1	49601:c.749C>T	49601:p.(Pro250Leu)	PD30988ck	Martincorena et al.	CHNE
hg19	hg19.chr17:g.7573991C>A	hg19.chr17:g.7573991C>A	TP53	62643:c.1036C>A	62643:p.(Glu346Ter)	PD30988ck	Martincorena et al.	CHNE
hg19	hg19.chr1:g.120466398T>G	hg19.chr1:g.120466398T>G	NOTCH2	6040:c.4721T>G	6040:p.(His1574Pro)	PD30988p	Martincorena et al.	CHNE
hg19	hg19.chr1:g.120496268C>A	hg19.chr1:g.120496268C>A	NOTCH2	6040:c.2263C>A	6040:p.(Glu755Ter)	PD30988p	Martincorena et al.	CHNE
hg19	hg19.chr2:g.178095903G>A	hg19.chr2:g.178095903G>A	NFE2L2	12333:c.1428G>A	12333:p.(Leu476Leu)	PD30988p	Martincorena et al.	CHNE
hg19	hg19.chr9:g.139412318C>G	hg19.chr9:g.139412318C>G	NOTCH1	37446:c.1327C>G	37446:p.(Gly443Arg)	PD30988p	Martincorena et al.	CHNE
hg19	hg19.chr9:g.139412645C>A	hg19.chr9:g.139412645C>A	NOTCH1	37446:c.1199C>A	37446:p.(Cys400Phe)	PD30988p	Martincorena et al.	CHNE
hg19	hg19.chr9:g.139413087T>C	hg19.chr9:g.139413087T>C	NOTCH1	37446:c.1055T>C	37446:p.(Asp352Gly)	PD30988p	Martincorena et al.	CHNE
hg19	hg19.chr1:g.120468123C>T	hg19.chr1:g.120468123C>T	NOTCH2	6040:c.4316C>T	6040:p.(Cys1439Tyr)	PD30988v	Martincorena et al.	CHNE
hg19	hg19.chr17:g.7579337C>A	hg19.chr17:g.7579337C>A	TP53	62651:c.395C>A	62651:p.(Gly132Val)	PD30988v	Martincorena et al.	CHNE
hg19	hg19.chr9:g.139393636G>A	hg19.chr9:g.139393636G>A	NOTCH1	37446:c.6010G>A	37446:p.(Arg2004Cys)	PD30988v	Martincorena et al.	CHNE
hg19	hg19.chr9:g.139412330G>C	hg19.chr9:g.139412330G>C	NOTCH1	37446:c.1315G>C	37446:p.(Gln439Glu)	PD30988v	Martincorena et al.	CHNE
hg19	hg19.chr9:g.139412675T>C	hg19.chr9:g.139412675T>C	NOTCH1	37446:c.1169T>C	37446:p.(Asn390Ser)	PD30988v	Martincorena et al.	CHNE
hg19	hg19.chr9:g.139418412C>A	hg19.chr9:g.139418412C>A	NOTCH1	37446:c.160C>A	37446:p.(Gly54Cys)	PD30988v	Martincorena et al.	CHNE
hg19	hg19.chr1:g.120468240C>G	hg19.chr1:g.120468240C>G	NOTCH2	6040:c.4199C>G	6040:p.(Cys1400Ser)	PD31182cv	Martincorena et al.	CHNE
hg19	hg19.chr9:g.139412618C>T	hg19.chr9:g.139412618C>T	NOTCH1	37446:c.1226C>T	37446:p.(Cys409Tyr)	PD31182cv	Martincorena et al.	CHNE
hg19	hg19.chr9:g.139412690G>A	hg19.chr9:g.139412690G>A	NOTCH1	37446:c.1154G>A	37446:p.(Ser385Phe)	PD31182cv	Martincorena et al.	CHNE
hg19	hg19.chr1:g.120491652G>T	hg19.chr1:g.120491652G>T	NOTCH2	6040:c.2577G>T	6040:p.(Cys859Ter)	PD36712ab	Martincorena et al.	CHNE
hg19	hg19.chr9:g.139393658C>T	hg19.chr9:g.139393658C>T	NOTCH1	37446:c.5988C>T	37446:p.(Thr1996Thr)	PD36712ac	Martincorena et al.	CHNE
hg19	hg19.chr9:g.139412378A>G	hg19.chr9:g.139412378A>G	NOTCH1	37446:c.1267A>G	37446:p.(Cys423Arg)	PD36712ae	Martincorena et al.	CHNE
hg19	hg19.chr9:g.139413085G>A	hg19.chr9:g.139413085G>A	NOTCH1	37446:c.1057G>A	37446:p.(Arg353Cys)	PD36712ae	Martincorena et al.	CHNE
hg19	hg19.chr1:g.120491652G>T	hg19.chr1:g.120491652G>T	NOTCH2	6040:c.2577G>T	6040:p.(Cys859Ter)	PD36712af	Martincorena et al.	CHNE
hg19	hg19.chr3:g.178922328C>G	hg19.chr3:g.178922328C>G	PIK3CA	14944:c.1097C>G	14944:p.(Pro366Arg)	PD36712af	Martincorena et al.	CHNE
hg19	hg19.chr1:g.120466363C>A	hg19.chr1:g.120466363C>A	NOTCH2	6040:c.4756C>A	6040:p.(Glu1586Ter)	PD36712ag	Martincorena et al.	CHNE
hg19	hg19.chr1:g.120480504A>C	hg19.chr1:g.120480504A>C	NOTCH2	6040:c.3313A>C	6040:p.(Cys1105Gly)	PD36712ag	Martincorena et al.	CHNE
hg19	hg19.chr4:g.187518153C>A	hg19.chr4:g.187518153C>A	FAT1	20264:c.12541C>A	20264:p.(Glu4181Ter)	PD36712ah	Martincorena et al.	CHNE
hg19	hg19.chr9:g.139413214C>T	hg19.chr9:g.139413214C>T	NOTCH1	37446:c.928C>T	37446:p.(Gly310Arg)	PD36712ai	Martincorena et al.	CHNE
hg19	hg19.chr9:g.139412315A>T	hg19.chr9:g.139412315A>T	NOTCH1	37446:c.1330A>T	37446:p.(Tyr444Asn)	PD36712ak	Martincorena et al.	CHNE
hg19	hg19.chr4:g.187517808G>A	hg19.chr4:g.187517808G>A	FAT1	20264:c.12886G>A	20264:p.(Arg4296Ter)	PD36712al	Martincorena et al.	CHNE
hg19	hg19.chr9:g.139412744C>T	hg19.chr9:g.139412744C>T	NOTCH1	37446:c.1100C>T	37446:p.(Gly367Asp)	PD36712al	Martincorena et al.	CHNE
hg19	hg19.chr2:g.178098966C>A	hg19.chr2:g.178098966C>A	NFE2L2	12333:c.79C>A	12333:p.(Asp27Tyr)	PD36712am	Martincorena et al.	CHNE
hg19	hg19.chr9:g.139412744C>T	hg19.chr9:g.139412744C>T	NOTCH1	37446:c.1100C>T	37446:p.(Gly367Asp)	PD36712am	Martincorena et al.	CHNE
hg19	hg19.chr9:g.139412618C>T	hg19.chr9:g.139412618C>T	NOTCH1	37446:c.1226C>T	37446:p.(Cys409Tyr)	PD36712an	Martincorena et al.	CHNE
hg19	hg19.chr17:g.7578396G>C	hg19.chr17:g.7578396G>C	TP53	62635:c.534G>C	62635:p.(His178Gln)	PD36712ao	Martincorena et al.	CHNE
hg19	hg19.chr9:g.139410038G>C	hg19.chr9:g.139410038G>C	NOTCH1	37446:c.1800G>C	37446:p.(Cys600Trp)	PD36712ao	Martincorena et al.	CHNE
hg19	hg19.chr9:g.139412290T>G	hg19.chr9:g.139412290T>G	NOTCH1	37446:c.1355T>G	37446:p.(Asp452Ala)	PD36712ap	Martincorena et al.	CHNE
hg19	hg19.chr1:g.120461029C>G	hg19.chr1:g.120461029C>G	NOTCH2	6040:c.5929C>G	6040:p.(Gly1977Arg)	PD36712aq	Martincorena et al.	CHNE
hg19	hg19.chr1:g.120529640C>T	hg19.chr1:g.120529640C>T	NOTCH2	6040:c.817C>T	6040:p.(Gly273Arg)	PD36712as	Martincorena et al.	CHNE
hg19	hg19.chr17:g.7578242C>T	hg19.chr17:g.7578242C>T	TP53	62635:c.607C>T	62635:p.(Val203Met)	PD36712as	Martincorena et al.	CHNE
hg19	hg19.chr4:g.187518153C>A	hg19.chr4:g.187518153C>A	FAT1	20264:c.12541C>A	20264:p.(Glu4181Ter)	PD36712at	Martincorena et al.	CHNE
hg19	hg19.chr9:g.139412277G>C	hg19.chr9:g.139412277G>C	NOTCH1	37446:c.1368G>C	37446:p.(Cys456Trp)	PD36712at	Martincorena et al.	CHNE
hg19	hg19.chr1:g.120483210A>G	hg19.chr1:g.120483210A>G	NOTCH2	6040:c.3151A>G	6040:p.(Cys1051Arg)	PD36712au	Martincorena et al.	CHNE
hg19	hg19.chr4:g.187630561C>A	hg19.chr4:g.187630561C>A	FAT1	20264:c.421C>A	20264:p.(Asp141Tyr)	PD36712au	Martincorena et al.	CHNE
hg19	hg19.chr1:g.120483182C>G	hg19.chr1:g.120483182C>G	NOTCH2	6040:c.3179C>G	6040:p.(Cys1060Ser)	PD36712aw	Martincorena et al.	CHNE
hg19	hg19.chr13:g.48951079G>C	hg19.chr13:g.48951079G>C	RB1	49601:c.1241G>C	49601:p.(Ser414Thr)	PD36712ax	Martincorena et al.	CHNE
hg19	hg19.chr9:g.139411741T>G	hg19.chr9:g.139411741T>G	NOTCH1	37446:c.1538T>G	37446:p.(Gln513Pro)	PD36712ax	Martincorena et al.	CHNE
hg19	hg19.chr1:g.120483210A>G	hg19.chr1:g.120483210A>G	NOTCH2	6040:c.3151A>G	6040:p.(Cys1051Arg)	PD36712ay	Martincorena et al.	CHNE
hg19	hg19.chr17:g.7578413C>T	hg19.chr17:g.7578413C>T	TP53	62635:c.517C>T	62635:p.(Val173Met)	PD36712ay	Martincorena et al.	CHNE
hg19	hg19.chr2:g.178096664C>T	hg19.chr2:g.178096664C>T	NFE2L2	12333:c.667C>T	12333:p.(Val223Ile)	PD36712az	Martincorena et al.	CHNE
hg19	hg19.chr1:g.120496298A>C	hg19.chr1:g.120496298A>C	NOTCH2	6040:c.2233A>C	6040:p.(Cys745Gly)	PD36712bc	Martincorena et al.	CHNE
hg19	hg19.chr4:g.187531143C>A	hg19.chr4:g.187531143C>A	FAT1	20264:c.9880C>A	20264:p.(Asp3294Tyr)	PD36712bc	Martincorena et al.	CHNE
hg19	hg19.chr9:g.139401205G>A	hg19.chr9:g.139401205G>A	NOTCH1	37446:c.3864G>A	37446:p.(Val1288Val)	PD36712bc	Martincorena et al.	CHNE
hg19	hg19.chr17:g.7578534C>G	hg19.chr17:g.7578534C>G	TP53	62635:c.396C>G	62635:p.(Lys132Asn)	PD36712bd	Martincorena et al.	CHNE
hg19	hg19.chr9:g.139413103C>A	hg19.chr9:g.139413103C>A	NOTCH1	37446:c.1039C>A	37446:p.(Gly347Cys)	PD36712bd	Martincorena et al.	CHNE
hg19	hg19.chr9:g.139401814C>G	hg19.chr9:g.139401814C>G	NOTCH1	37446:c.3586C>G	37446:p.(Gly1196Arg)	PD36712be	Martincorena et al.	CHNE
hg19	hg19.chr9:g.139399360C>A	hg19.chr9:g.139399360C>A	NOTCH1	37446:c.4783C>A	37446:p.(Glu1595Ter)	PD36712bf	Martincorena et al.	CHNE
hg19	hg19.chr9:g.139401814C>G	hg19.chr9:g.139401814C>G	NOTCH1	37446:c.3586C>G	37446:p.(Gly1196Arg)	PD36712bf	Martincorena et al.	CHNE
hg19	hg19.chr9:g.139401814C>G	hg19.chr9:g.139401814C>G	NOTCH1	37446:c.3586C>G	37446:p.(Gly1196Arg)	PD36712bj	Martincorena et al.	CHNE
hg19	hg19.chr9:g.139412240C>A	hg19.chr9:g.139412240C>A	NOTCH1	37446:c.1405C>A	37446:p.(Asp469Tyr)	PD36712bk	Martincorena et al.	CHNE
hg19	hg19.chr4:g.187584747G>A	hg19.chr4:g.187584747G>A	FAT1	20264:c.3286G>A	20264:p.(Arg1096Ter)	PD36712bm	Martincorena et al.	CHNE
hg19	hg19.chr9:g.139390691G>C	hg19.chr9:g.139390691G>C	NOTCH1	37446:c.7500G>C	37446:p.(His2500Gln)	PD36712bm	Martincorena et al.	CHNE
hg19	hg19.chr9:g.139418406G>A	hg19.chr9:g.139418406G>A	NOTCH1	37446:c.166G>A	37446:p.(Arg56Ter)	PD36712bm	Martincorena et al.	CHNE
hg19	hg19.chr1:g.120510792T>C	hg19.chr1:g.120510792T>C	NOTCH2	6040:c.1172T>C	6040:p.(Asp391Gly)	PD36712bp	Martincorena et al.	CHNE
hg19	hg19.chr1:g.120506354A>C	hg19.chr1:g.120506354A>C	NOTCH2	6040:c.1758A>C	6040:p.(Asp586Glu)	PD36712bq	Martincorena et al.	CHNE
hg19	hg19.chr9:g.139412353T>G	hg19.chr9:g.139412353T>G	NOTCH1	37446:c.1292T>G	37446:p.(Asn431Thr)	PD36712br	Martincorena et al.	CHNE
hg19	hg19.chr1:g.120493451C>A	hg19.chr1:g.120493451C>A	NOTCH2	6040:c.2375C>A	6040:p.(Cys792Phe)	PD36712bs	Martincorena et al.	CHNE
hg19	hg19.chr4:g.187627932T>C	hg19.chr4:g.187627932T>C	FAT1	20264:c.3050T>C	20264:p.(Tyr1017Cys)	PD36712bt	Martincorena et al.	CHNE
hg19	hg19.chr1:g.120508163C>A	hg19.chr1:g.120508163C>A	NOTCH2	6040:c.1594C>A	6040:p.(Asp532Tyr)	PD36712bu	Martincorena et al.	CHNE
hg19	hg19.chr1:g.120510846C>A	hg19.chr1:g.120510846C>A	NOTCH2	6040:c.1118C>A	6040:p.(Cys373Phe)	PD36712bu	Martincorena et al.	CHNE
hg19	hg19.chr9:g.139401355G>T	hg19.chr9:g.139401355G>T	NOTCH1	37446:c.3714G>T	37446:p.(Cys1238Ter)	PD36712bu	Martincorena et al.	CHNE
hg19	hg19.chr9:g.139417506T>A	hg19.chr9:g.139417506T>A	NOTCH1	37446:c.538T>A	37446:p.(Asn180Tyr)	PD36712bv	Martincorena et al.	CHNE
hg19	hg19.chr9:g.139393567G>C	hg19.chr9:g.139393567G>C	NOTCH1	37446:c.6079G>C	37446:p.(Leu2027Val)	PD36712bw	Martincorena et al.	CHNE
hg19	hg19.chr9:g.139399851G>C	hg19.chr9:g.139399851G>C	NOTCH1	37446:c.4497G>C	37446:p.(Tyr1499Ter)	PD36712bw	Martincorena et al.	CHNE
hg19	hg19.chr1:g.120512202C>G	hg19.chr1:g.120512202C>G	NOTCH2	6040:c.1040C>G	6040:p.(Cys347Ser)	PD36712bx	Martincorena et al.	CHNE
hg19	hg19.chr4:g.187540577G>A	hg19.chr4:g.187540577G>A	FAT1	20264:c.7163G>A	20264:p.(Pro2388Leu)	PD36712bx	Martincorena et al.	CHNE
hg19	hg19.chr3:g.178916946G>T	hg19.chr3:g.178916946G>T	PIK3CA	14944:c.333G>T	14944:p.(Lys111Asn)	PD36712c	Martincorena et al.	CHNE
hg19	hg19.chr4:g.187521167A>T	hg19.chr4:g.187521167A>T	FAT1	20264:c.11988A>T	20264:p.(Tyr3996Ter)	PD36712c	Martincorena et al.	CHNE
hg19	hg19.chr1:g.120529640C>T	hg19.chr1:g.120529640C>T	NOTCH2	6040:c.817C>T	6040:p.(Gly273Arg)	PD36712cb	Martincorena et al.	CHNE
hg19	hg19.chr1:g.120512252C>A	hg19.chr1:g.120512252C>A	NOTCH2	6040:c.990C>A	6040:p.(Trp330Cys)	PD36712cc	Martincorena et al.	CHNE
hg19	hg19.chr1:g.120468316C>A	hg19.chr1:g.120468316C>A	NOTCH2	6040:c.4123C>A	6040:p.(Glu1375Ter)	PD36712cd	Martincorena et al.	CHNE
hg19	hg19.chr1:g.120468316C>A	hg19.chr1:g.120468316C>A	NOTCH2	6040:c.4123C>A	6040:p.(Glu1375Ter)	PD36712ce	Martincorena et al.	CHNE
hg19	hg19.chr4:g.187535426C>A	hg19.chr4:g.187535426C>A	FAT1	20264:c.9148C>A	20264:p.(Ala3050Ser)	PD36712cf	Martincorena et al.	CHNE
hg19	hg19.chr9:g.139411821G>A	hg19.chr9:g.139411821G>A	NOTCH1	37446:c.1458G>A	37446:p.(His486His)	PD36712ch	Martincorena et al.	CHNE
hg19	hg19.chr4:g.187535426C>A	hg19.chr4:g.187535426C>A	FAT1	20264:c.9148C>A	20264:p.(Ala3050Ser)	PD36712ci	Martincorena et al.	CHNE
hg19	hg19.chr9:g.139397730G>A	hg19.chr9:g.139397730G>A	NOTCH1	37446:c.5071G>A	37446:p.(Gln1691Ter)	PD36712ci	Martincorena et al.	CHNE
hg19	hg19.chr1:g.120509006A>C	hg19.chr1:g.120509006A>C	NOTCH2	6040:c.1560A>C	6040:p.(Cys520Trp)	PD36712ck	Martincorena et al.	CHNE
hg19	hg19.chr1:g.120509018G>T	hg19.chr1:g.120509018G>T	NOTCH2	6040:c.1548G>T	6040:p.(Phe516Leu)	PD36712ck	Martincorena et al.	CHNE
hg19	hg19.chr13:g.48941725T>A	hg19.chr13:g.48941725T>A	RB1	49601:c.1035T>A	49601:p.(Thr345Thr)	PD36712ck	Martincorena et al.	CHNE
hg19	hg19.chr9:g.139412212C>T	hg19.chr9:g.139412212C>T	NOTCH1	37446:c.1433C>T	37446:p.(Cys478Tyr)	PD36712ck	Martincorena et al.	CHNE
hg19	hg19.chr1:g.120508111T>C	hg19.chr1:g.120508111T>C	NOTCH2	6040:c.1646T>C	6040:p.(Asp549Gly)	PD36712cl	Martincorena et al.	CHNE
hg19	hg19.chr9:g.139412212C>T	hg19.chr9:g.139412212C>T	NOTCH1	37446:c.1433C>T	37446:p.(Cys478Tyr)	PD36712cl	Martincorena et al.	CHNE
hg19	hg19.chr9:g.139412212C>T	hg19.chr9:g.139412212C>T	NOTCH1	37446:c.1433C>T	37446:p.(Cys478Tyr)	PD36712cm	Martincorena et al.	CHNE
hg19	hg19.chr9:g.139417520C>A	hg19.chr9:g.139417520C>A	NOTCH1	37446:c.524C>A	37446:p.(Cys175Phe)	PD36712cq	Martincorena et al.	CHNE
hg19	hg19.chr4:g.187509841C>T	hg19.chr4:g.187509841C>T	FAT1	20264:c.13672C>T	20264:p.(Glu4558Lys)	PD36712cr	Martincorena et al.	CHNE
hg19	hg19.chr9:g.139402491A>C	hg19.chr9:g.139402491A>C	NOTCH1	37446:c.3426A>C	37446:p.(Cys1142Trp)	PD36712cr	Martincorena et al.	CHNE
hg19	hg19.chr9:g.139393436A>C	hg19.chr9:g.139393436A>C	NOTCH1	37446:c.6095A>C	37446:p.(Leu2032Arg)	PD36712cs	Martincorena et al.	CHNE
hg19	hg19.chr9:g.139412239T>G	hg19.chr9:g.139412239T>G	NOTCH1	37446:c.1406T>G	37446:p.(Asp469Ala)	PD36712cs	Martincorena et al.	CHNE
hg19	hg19.chr9:g.139417611C>T	hg19.chr9:g.139417611C>T	NOTCH1	37446:c.433C>T	37446:p.(Ala145Thr)	PD36712cs	Martincorena et al.	CHNE
hg19	hg19.chr17:g.7578213A>T	hg19.chr17:g.7578213A>T	TP53	62635:c.636A>T	62635:p.(Phe212Leu)	PD36712cu	Martincorena et al.	CHNE
hg19	hg19.chr9:g.139412663C>T	hg19.chr9:g.139412663C>T	NOTCH1	37446:c.1181C>T	37446:p.(Gly394Asp)	PD36712cu	Martincorena et al.	CHNE
hg19	hg19.chr9:g.139412317C>T	hg19.chr9:g.139412317C>T	NOTCH1	37446:c.1328C>T	37446:p.(Gly443Asp)	PD36712cv	Martincorena et al.	CHNE
hg19	hg19.chr9:g.139417520C>A	hg19.chr9:g.139417520C>A	NOTCH1	37446:c.524C>A	37446:p.(Cys175Phe)	PD36712cv	Martincorena et al.	CHNE
hg19	hg19.chr1:g.120460368A>T	hg19.chr1:g.120460368A>T	NOTCH2	6040:c.5947A>T	6040:p.(Trp1983Arg)	PD36712e	Martincorena et al.	CHNE
hg19	hg19.chr17:g.7577548C>T	hg19.chr17:g.7577548C>T	TP53	62635:c.733C>T	62635:p.(Gly245Ser)	PD36712g	Martincorena et al.	CHNE
hg19	hg19.chr9:g.139412282C>T	hg19.chr9:g.139412282C>T	NOTCH1	37446:c.1363C>T	37446:p.(Glu455Lys)	PD36712g	Martincorena et al.	CHNE
hg19	hg19.chr1:g.120462998G>A	hg19.chr1:g.120462998G>A	NOTCH2	6040:c.5333G>A	6040:p.(Ser1778Leu)	PD36712h	Martincorena et al.	CHNE
hg19	hg19.chr4:g.187627950G>C	hg19.chr4:g.187627950G>C	FAT1	20264:c.3032G>C	20264:p.(Ser1011Cys)	PD36712h	Martincorena et al.	CHNE
hg19	hg19.chr9:g.139412282C>T	hg19.chr9:g.139412282C>T	NOTCH1	37446:c.1363C>T	37446:p.(Glu455Lys)	PD36712i	Martincorena et al.	CHNE
hg19	hg19.chr1:g.120468146G>A	hg19.chr1:g.120468146G>A	NOTCH2	6040:c.4293G>A	6040:p.(Ala1431Ala)	PD36712k	Martincorena et al.	CHNE
hg19	hg19.chr1:g.120478100G>T	hg19.chr1:g.120478100G>T	NOTCH2	6040:c.3650G>T	6040:p.(Thr1217Asn)	PD36712n	Martincorena et al.	CHNE
hg19	hg19.chr9:g.139399237C>A	hg19.chr9:g.139399237C>A	NOTCH1	37446:c.4906C>A	37446:p.(Glu1636Ter)	PD36712p	Martincorena et al.	CHNE
hg19	hg19.chr9:g.139393572T>C	hg19.chr9:g.139393572T>C	NOTCH1	37446:c.6074T>C	37446:p.(Asp2025Gly)	PD36712q	Martincorena et al.	CHNE
hg19	hg19.chr1:g.120510184C>T	hg19.chr1:g.120510184C>T	NOTCH2	6040:c.1325C>T	6040:p.(Cys442Tyr)	PD36712r	Martincorena et al.	CHNE
hg19	hg19.chr9:g.139412216T>C	hg19.chr9:g.139412216T>C	NOTCH1	37446:c.1429T>C	37446:p.(Ile477Val)	PD36712r	Martincorena et al.	CHNE
hg19	hg19.chr9:g.139413977A>T	hg19.chr9:g.139413977A>T	NOTCH1	37446:c.783A>T	37446:p.(Cys261Ter)	PD36712s	Martincorena et al.	CHNE
hg19	hg19.chr4:g.187524812G>A	hg19.chr4:g.187524812G>A	FAT1	20264:c.10868G>A	20264:p.(Thr3623Met)	PD36712t	Martincorena et al.	CHNE
hg19	hg19.chr1:g.120469234C>A	hg19.chr1:g.120469234C>A	NOTCH2	6040:c.3893C>A	6040:p.(Gly1298Val)	PD36712u	Martincorena et al.	CHNE
hg19	hg19.chr4:g.187584621G>A	hg19.chr4:g.187584621G>A	FAT1	20264:c.3412G>A	20264:p.(Gln1138Ter)	PD36712u	Martincorena et al.	CHNE
hg19	hg19.chr9:g.139402690G>A	hg19.chr9:g.139402690G>A	NOTCH1	37446:c.3319G>A	37446:p.(Arg1107Ter)	PD36712u	Martincorena et al.	CHNE
hg19	hg19.chr1:g.120466566C>T	hg19.chr1:g.120466566C>T	NOTCH2	6040:c.4553C>T	6040:p.(Cys1518Tyr)	PD36712v	Martincorena et al.	CHNE
hg19	hg19.chr9:g.139440213A>G	hg19.chr9:g.139440213A>G	NOTCH1	37446:c.26A>G	37446:p.(Leu9Pro)	PD36712v	Martincorena et al.	CHNE
hg19	hg19.chr9:g.139412694C>T	hg19.chr9:g.139412694C>T	NOTCH1	37446:c.1150C>T	37446:p.(Gly384Ser)	PD36712w	Martincorena et al.	CHNE
hg19	hg19.chr9:g.139391002G>A	hg19.chr9:g.139391002G>A	NOTCH1	37446:c.7189G>A	37446:p.(Leu2397Leu)	PD36712x	Martincorena et al.	CHNE
hg19	hg19.chr1:g.120506247C>A	hg19.chr1:g.120506247C>A	NOTCH2	6040:c.1865C>A	6040:p.(Cys622Phe)	PD36806ad	Martincorena et al.	CHNE
hg19	hg19.chr9:g.139412744C>A	hg19.chr9:g.139412744C>A	NOTCH1	37446:c.1100C>A	37446:p.(Gly367Val)	PD36806ah	Martincorena et al.	CHNE
hg19	hg19.chr9:g.139418197G>T	hg19.chr9:g.139418197G>T	NOTCH1	37446:c.375G>T	37446:p.(Tyr125Ter)	PD36806ai	Martincorena et al.	CHNE
hg19	hg19.chr4:g.187534384C>T	hg19.chr4:g.187534384C>T	FAT1	20264:c.9342C>T	20264:p.(Thr3114Thr)	PD36806an	Martincorena et al.	CHNE
hg19	hg19.chr9:g.139395044A>G	hg19.chr9:g.139395044A>G	NOTCH1	37446:c.5894A>G	37446:p.(Leu1965Pro)	PD36806an	Martincorena et al.	CHNE
hg19	hg19.chr9:g.139404340C>T	hg19.chr9:g.139404340C>T	NOTCH1	37446:c.2814C>T	37446:p.(Arg938Arg)	PD36806an	Martincorena et al.	CHNE
hg19	hg19.chr9:g.139410441C>A	hg19.chr9:g.139410441C>A	NOTCH1	37446:c.1661C>A	37446:p.(Cys554Phe)	PD36806ao	Martincorena et al.	CHNE
hg19	hg19.chr9:g.139412245C>T	hg19.chr9:g.139412245C>T	NOTCH1	37446:c.1400C>T	37446:p.(Cys467Tyr)	PD36806ao	Martincorena et al.	CHNE
hg19	hg19.chr4:g.187540026C>A	hg19.chr4:g.187540026C>A	FAT1	20264:c.7714C>A	20264:p.(Asp2572Tyr)	PD36806ap	Martincorena et al.	CHNE
hg19	hg19.chr1:g.120510071A>T	hg19.chr1:g.120510071A>T	NOTCH2	6040:c.1438A>T	6040:p.(Cys480Ser)	PD36806aq	Martincorena et al.	CHNE
hg19	hg19.chr9:g.139397742G>A	hg19.chr9:g.139397742G>A	NOTCH1	37446:c.5059G>A	37446:p.(Gln1687Ter)	PD36806ar	Martincorena et al.	CHNE
hg19	hg19.chr9:g.139403348G>A	hg19.chr9:g.139403348G>A	NOTCH1	37446:c.3145G>A	37446:p.(Gln1049Ter)	PD36806as	Martincorena et al.	CHNE
hg19	hg19.chr9:g.139417553C>T	hg19.chr9:g.139417553C>T	NOTCH1	37446:c.491C>T	37446:p.(Cys164Tyr)	PD36806as	Martincorena et al.	CHNE
hg19	hg19.chr9:g.139412717C>T	hg19.chr9:g.139412717C>T	NOTCH1	37446:c.1127C>T	37446:p.(Cys376Tyr)	PD36806au	Martincorena et al.	CHNE
hg19	hg19.chr1:g.120460366C>T	hg19.chr1:g.120460366C>T	NOTCH2	6040:c.5949C>T	6040:p.(Trp1983Ter)	PD36806av	Martincorena et al.	CHNE
hg19	hg19.chr1:g.120471672G>A	hg19.chr1:g.120471672G>A	NOTCH2	6040:c.3819G>A	6040:p.(Cys1273Cys)	PD36806av	Martincorena et al.	CHNE
hg19	hg19.chr9:g.139407974A>T	hg19.chr9:g.139407974A>T	NOTCH1	37446:c.2223A>T	37446:p.(Cys741Ter)	PD36806av	Martincorena et al.	CHNE
hg19	hg19.chr9:g.139418351C>T	hg19.chr9:g.139418351C>T	NOTCH1	37446:c.221C>T	37446:p.(Cys74Tyr)	PD36806av	Martincorena et al.	CHNE
hg19	hg19.chr9:g.139413161C>G	hg19.chr9:g.139413161C>G	NOTCH1	37446:c.981C>G	37446:p.(Trp327Cys)	PD36806ax	Martincorena et al.	CHNE
hg19	hg19.chr1:g.120464937G>C	hg19.chr1:g.120464937G>C	NOTCH2	6040:c.5135G>C	6040:p.(Pro1712Arg)	PD36806ay	Martincorena et al.	CHNE
hg19	hg19.chr9:g.139402518G>C	hg19.chr9:g.139402518G>C	NOTCH1	37446:c.3399G>C	37446:p.(Cys1133Trp)	PD36806ay	Martincorena et al.	CHNE
hg19	hg19.chr9:g.139395129G>A	hg19.chr9:g.139395129G>A	NOTCH1	37446:c.5809G>A	37446:p.(Arg1937Cys)	PD36806bb	Martincorena et al.	CHNE
hg19	hg19.chr1:g.120510230A>G	hg19.chr1:g.120510230A>G	NOTCH2	6040:c.1279A>G	6040:p.(Cys427Arg)	PD36806bc	Martincorena et al.	CHNE
hg19	hg19.chr1:g.120467988C>T	hg19.chr1:g.120467988C>T	NOTCH2	6040:c.4451C>T	6040:p.(Cys1484Tyr)	PD36806bf	Martincorena et al.	CHNE
hg19	hg19.chr4:g.187628721T>C	hg19.chr4:g.187628721T>C	FAT1	20264:c.2261T>C	20264:p.(Tyr754Cys)	PD36806bf	Martincorena et al.	CHNE
hg19	hg19.chr4:g.187549434A>C	hg19.chr4:g.187549434A>C	FAT1	20264:c.4684A>C	20264:p.(Phe1562Val)	PD36806bg	Martincorena et al.	CHNE
hg19	hg19.chr4:g.187629096G>T	hg19.chr4:g.187629096G>T	FAT1	20264:c.1886G>T	20264:p.(Ser629Ter)	PD36806bh	Martincorena et al.	CHNE
hg19	hg19.chr4:g.187539426T>C	hg19.chr4:g.187539426T>C	FAT1	20264:c.8314T>C	20264:p.(Lys2772Glu)	PD36806bi	Martincorena et al.	CHNE
hg19	hg19.chr9:g.139412703A>G	hg19.chr9:g.139412703A>G	NOTCH1	37446:c.1141A>G	37446:p.(Cys381Arg)	PD36806bj	Martincorena et al.	CHNE
hg19	hg19.chr9:g.139411818G>C	hg19.chr9:g.139411818G>C	NOTCH1	37446:c.1461G>C	37446:p.(Cys487Trp)	PD36806bk	Martincorena et al.	CHNE
hg19	hg19.chr9:g.139411818G>C	hg19.chr9:g.139411818G>C	NOTCH1	37446:c.1461G>C	37446:p.(Cys487Trp)	PD36806bl	Martincorena et al.	CHNE
hg19	hg19.chr9:g.139404253G>T	hg19.chr9:g.139404253G>T	NOTCH1	37446:c.2901G>T	37446:p.(Tyr967Ter)	PD36806bm	Martincorena et al.	CHNE
hg19	hg19.chr9:g.139412703A>G	hg19.chr9:g.139412703A>G	NOTCH1	37446:c.1141A>G	37446:p.(Cys381Arg)	PD36806bm	Martincorena et al.	CHNE
hg19	hg19.chr1:g.120471653C>A	hg19.chr1:g.120471653C>A	NOTCH2	6040:c.3838C>A	6040:p.(Asp1280Tyr)	PD36806br	Martincorena et al.	CHNE
hg19	hg19.chr9:g.139412247G>A	hg19.chr9:g.139412247G>A	NOTCH1	37446:c.1398G>A	37446:p.(Thr466Thr)	PD36806br	Martincorena et al.	CHNE
hg19	hg19.chr17:g.7578493C>T	hg19.chr17:g.7578493C>T	TP53	62635:c.437C>T	62635:p.(Trp146Ter)	PD36806bt	Martincorena et al.	CHNE
hg19	hg19.chr9:g.139412298G>C	hg19.chr9:g.139412298G>C	NOTCH1	37446:c.1347G>C	37446:p.(Cys449Trp)	PD36806bt	Martincorena et al.	CHNE
hg19	hg19.chr9:g.139412717C>T	hg19.chr9:g.139412717C>T	NOTCH1	37446:c.1127C>T	37446:p.(Cys376Tyr)	PD36806bu	Martincorena et al.	CHNE
hg19	hg19.chr9:g.139405608C>T	hg19.chr9:g.139405608C>T	NOTCH1	37446:c.2583C>T	37446:p.(Trp861Ter)	PD36806bw	Martincorena et al.	CHNE
hg19	hg19.chr9:g.139412247G>A	hg19.chr9:g.139412247G>A	NOTCH1	37446:c.1398G>A	37446:p.(Thr466Thr)	PD36806bw	Martincorena et al.	CHNE
hg19	hg19.chr1:g.120510855C>A	hg19.chr1:g.120510855C>A	NOTCH2	6040:c.1109C>A	6040:p.(Gly370Val)	PD36806bx	Martincorena et al.	CHNE
hg19	hg19.chr17:g.7578454G>T	hg19.chr17:g.7578454G>T	TP53	62635:c.476G>T	62635:p.(Ala159Asp)	PD36806bz	Martincorena et al.	CHNE
hg19	hg19.chr4:g.187630570G>A	hg19.chr4:g.187630570G>A	FAT1	20264:c.412G>A	20264:p.(Gln138Ter)	PD36806bz	Martincorena et al.	CHNE
hg19	hg19.chr9:g.139412266G>A	hg19.chr9:g.139412266G>A	NOTCH1	37446:c.1379G>A	37446:p.(Pro460Leu)	PD36806bz	Martincorena et al.	CHNE
hg19	hg19.chr9:g.139412230C>T	hg19.chr9:g.139412230C>T	NOTCH1	37446:c.1415C>T	37446:p.(Gly472Glu)	PD36806cb	Martincorena et al.	CHNE
hg19	hg19.chr17:g.7577105G>C	hg19.chr17:g.7577105G>C	TP53	62636:c.833G>C	62636:p.(Pro278Arg)	PD36806cd	Martincorena et al.	CHNE
hg19	hg19.chr9:g.139412376G>C	hg19.chr9:g.139412376G>C	NOTCH1	37446:c.1269G>C	37446:p.(Cys423Trp)	PD36806cd	Martincorena et al.	CHNE
hg19	hg19.chr1:g.120471764C>A	hg19.chr1:g.120471764C>A	NOTCH2	6040:c.3727C>A	6040:p.(Asp1243Tyr)	PD36806ce	Martincorena et al.	CHNE
hg19	hg19.chr17:g.7578475G>A	hg19.chr17:g.7578475G>A	TP53	62635:c.455G>A	62635:p.(Pro152Leu)	PD36806cg	Martincorena et al.	CHNE
hg19	hg19.chr1:g.120484282T>C	hg19.chr1:g.120484282T>C	NOTCH2	6040:c.2848T>C	6040:p.(Met950Val)	PD36806cj	Martincorena et al.	CHNE
hg19	hg19.chr4:g.187630703A>C	hg19.chr4:g.187630703A>C	FAT1	20264:c.279A>C	20264:p.(Phe93Leu)	PD36806cj	Martincorena et al.	CHNE
hg19	hg19.chr9:g.139412219A>C	hg19.chr9:g.139412219A>C	NOTCH1	37446:c.1426A>C	37446:p.(Cys476Gly)	PD36806ck	Martincorena et al.	CHNE
hg19	hg19.chr9:g.139412255C>T	hg19.chr9:g.139412255C>T	NOTCH1	37446:c.1390C>T	37446:p.(Asp464Asn)	PD36806ck	Martincorena et al.	CHNE
hg19	hg19.chr17:g.7578407G>A	hg19.chr17:g.7578407G>A	TP53	62635:c.523G>A	62635:p.(Arg175Cys)	PD36806cr	Martincorena et al.	CHNE
hg19	hg19.chr17:g.7578500G>T	hg19.chr17:g.7578500G>T	TP53	62635:c.430G>T	62635:p.(Gln144Lys)	PD36806d	Martincorena et al.	CHNE
hg19	hg19.chr9:g.139412237G>A	hg19.chr9:g.139412237G>A	NOTCH1	37446:c.1408G>A	37446:p.(Gln470Ter)	PD36806d	Martincorena et al.	CHNE
hg19	hg19.chr9:g.139412248G>A	hg19.chr9:g.139412248G>A	NOTCH1	37446:c.1397G>A	37446:p.(Thr466Ile)	PD36806d	Martincorena et al.	CHNE
hg19	hg19.chr9:g.139412365C>G	hg19.chr9:g.139412365C>G	NOTCH1	37446:c.1280C>G	37446:p.(Gly427Ala)	PD36806f	Martincorena et al.	CHNE
hg19	hg19.chr17:g.7578500G>T	hg19.chr17:g.7578500G>T	TP53	62635:c.430G>T	62635:p.(Gln144Lys)	PD36806g	Martincorena et al.	CHNE
hg19	hg19.chr17:g.7578500G>T	hg19.chr17:g.7578500G>T	TP53	62635:c.430G>T	62635:p.(Gln144Lys)	PD36806h	Martincorena et al.	CHNE
hg19	hg19.chr9:g.139413067A>T	hg19.chr9:g.139413067A>T	NOTCH1	37446:c.1075A>T	37446:p.(Cys359Ser)	PD36806h	Martincorena et al.	CHNE
hg19	hg19.chr17:g.7578500G>T	hg19.chr17:g.7578500G>T	TP53	62635:c.430G>T	62635:p.(Gln144Lys)	PD36806j	Martincorena et al.	CHNE
hg19	hg19.chr9:g.139417592T>C	hg19.chr9:g.139417592T>C	NOTCH1	37446:c.452T>C	37446:p.(Asn151Ser)	PD36806j	Martincorena et al.	CHNE
hg19	hg19.chr17:g.7578500G>T	hg19.chr17:g.7578500G>T	TP53	62635:c.430G>T	62635:p.(Gln144Lys)	PD36806k	Martincorena et al.	CHNE
hg19	hg19.chr9:g.139417586C>T	hg19.chr9:g.139417586C>T	NOTCH1	37446:c.458C>T	37446:p.(Gly153Asp)	PD36806m	Martincorena et al.	CHNE
hg19	hg19.chr1:g.120491151T>A	hg19.chr1:g.120491151T>A	NOTCH2	6040:c.2638T>A	6040:p.(Lys880Ter)	PD36806o	Martincorena et al.	CHNE
hg19	hg19.chr9:g.139412267G>A	hg19.chr9:g.139412267G>A	NOTCH1	37446:c.1378G>A	37446:p.(Pro460Ser)	PD36806o	Martincorena et al.	CHNE
hg19	hg19.chr9:g.139404265G>T	hg19.chr9:g.139404265G>T	NOTCH1	37446:c.2889G>T	37446:p.(Cys963Ter)	PD36806p	Martincorena et al.	CHNE
hg19	hg19.chr9:g.139412267G>A	hg19.chr9:g.139412267G>A	NOTCH1	37446:c.1378G>A	37446:p.(Pro460Ser)	PD36806p	Martincorena et al.	CHNE
hg19	hg19.chr9:g.139403348G>A	hg19.chr9:g.139403348G>A	NOTCH1	37446:c.3145G>A	37446:p.(Gln1049Ter)	PD36806q	Martincorena et al.	CHNE
hg19	hg19.chr9:g.139412303G>A	hg19.chr9:g.139412303G>A	NOTCH1	37446:c.1342G>A	37446:p.(Arg448Ter)	PD36806q	Martincorena et al.	CHNE
hg19	hg19.chr4:g.187531130G>A	hg19.chr4:g.187531130G>A	FAT1	20264:c.9893G>A	20264:p.(Ser3298Phe)	PD36806r	Martincorena et al.	CHNE
hg19	hg19.chr4:g.187534263C>A	hg19.chr4:g.187534263C>A	FAT1	20264:c.9463C>A	20264:p.(Gly3155Ter)	PD36806r	Martincorena et al.	CHNE
hg19	hg19.chr9:g.139412360A>C	hg19.chr9:g.139412360A>C	NOTCH1	37446:c.1285A>C	37446:p.(Cys429Gly)	PD36806u	Martincorena et al.	CHNE
hg19	hg19.chr9:g.139411829C>G	hg19.chr9:g.139411829C>G	NOTCH1	37446:c.1450C>G	37446:p.(Gly484Arg)	PD36806w	Martincorena et al.	CHNE
hg19	hg19.chr2:g.178098739G>A	hg19.chr2:g.178098739G>A	NFE2L2	12333:c.306G>A	12333:p.(Tyr102Tyr)	PD36806x	Martincorena et al.	CHNE
hg19	hg19.chr9:g.139412230C>T	hg19.chr9:g.139412230C>T	NOTCH1	37446:c.1415C>T	37446:p.(Gly472Glu)	PD36806x	Martincorena et al.	CHNE
hg19	hg19.chr1:g.120512223T>A	hg19.chr1:g.120512223T>A	NOTCH2	6040:c.1019T>A	6040:p.(Asp340Val)	PD36806y	Martincorena et al.	CHNE
hg19	hg19.chr9:g.139390527T>C	hg19.chr9:g.139390527T>C	NOTCH1	37446:c.7664T>C	37446:p.(Lys2555Arg)	PD36806y	Martincorena et al.	CHNE
hg19	hg19.chr9:g.139399933C>T	hg19.chr9:g.139399933C>T	NOTCH1	37446:c.4415C>T	37446:p.(Cys1472Tyr)	PD36806z	Martincorena et al.	CHNE
hg19	hg19.chr9:g.139409951G>C	hg19.chr9:g.139409951G>C	NOTCH1	37446:c.1887G>C	37446:p.(Cys629Trp)	PD36806z	Martincorena et al.	CHNE
hg19	hg19.chr17:g.7577556C>A	hg19.chr17:g.7577556C>A	TP53	62635:c.725C>A	62635:p.(Cys242Phe)	ICGC;ESCC_BICR_005T	Li et al. (originally from ICGC)	ESCC
hg19	hg19.chr17:g.7578403C>T	hg19.chr17:g.7578403C>T	TP53	62635:c.527C>T	62635:p.(Cys176Tyr)	ICGC;ESCC_BICR_004T	Li et al. (originally from ICGC)	ESCC
hg19	hg19.chr17:g.7578496A>T	hg19.chr17:g.7578496A>T	TP53	62635:c.434A>T	62635:p.(Leu145Gln)	ICGC;ESCC_BICR_001T	Li et al. (originally from ICGC)	ESCC
hg19	hg19.chr2:g.178098944C>G	hg19.chr2:g.178098944C>G	NFE2L2	12333:c.101C>G	12333:p.(Arg34Pro)	ICGC;ESCC_BICR_007T	Li et al. (originally from ICGC)	ESCC
hg19	hg19.chr17:g.7577550C>T	hg19.chr17:g.7577550C>T	TP53	62635:c.731C>T	62635:p.(Gly244Asp)	ICGC;ESCC_BICR_007T	Li et al. (originally from ICGC)	ESCC
hg19	hg19.chr3:g.178936094C>A	hg19.chr3:g.178936094C>A	PIK3CA	14944:c.1636C>A	14944:p.(Gln546Lys)	ICGC;ESCC_BICR_007T	Li et al. (originally from ICGC)	ESCC
hg19	hg19.chr17:g.7578449C>T	hg19.chr17:g.7578449C>T	TP53	62635:c.481C>T	62635:p.(Ala161Thr)	ICGC;ESCC_BICR_007T	Li et al. (originally from ICGC)	ESCC
hg19	hg19.chr9:g.139413090T>G	hg19.chr9:g.139413090T>G	NOTCH1	37446:c.1052T>G	37446:p.(His351Pro)	ICGC;ESCC_BICR_007T	Li et al. (originally from ICGC)	ESCC
hg19	hg19.chr3:g.178936091G>A	hg19.chr3:g.178936091G>A	PIK3CA	14944:c.1633G>A	14944:p.(Glu545Lys)	ICGC;ESCC_BICR_006T	Li et al. (originally from ICGC)	ESCC
hg19	hg19.chr17:g.7578403C>A	hg19.chr17:g.7578403C>A	TP53	62635:c.527C>A	62635:p.(Cys176Phe)	ICGC;ESCC_BICR_008T	Li et al. (originally from ICGC)	ESCC
hg19	hg19.chr17:g.7578212G>A	hg19.chr17:g.7578212G>A	TP53	62635:c.637G>A	62635:p.(Arg213Ter)	ICGC;ESCC_BICR_014T	Li et al. (originally from ICGC)	ESCC
hg19	hg19.chr17:g.7578406C>T	hg19.chr17:g.7578406C>T	TP53	62635:c.524C>T	62635:p.(Arg175His)	ICGC;ESCC_BICR_012T	Li et al. (originally from ICGC)	ESCC
hg19	hg19.chr17:g.7578263G>A	hg19.chr17:g.7578263G>A	TP53	62635:c.586G>A	62635:p.(Arg196Ter)	ICGC;ESCC_BICR_010T	Li et al. (originally from ICGC)	ESCC
hg19	hg19.chr3:g.178936082G>A	hg19.chr3:g.178936082G>A	PIK3CA	14944:c.1624G>A	14944:p.(Glu542Lys)	ICGC;ESCC_BICR_009T	Li et al. (originally from ICGC)	ESCC
hg19	hg19.chr17:g.7578269G>C	hg19.chr17:g.7578269G>C	TP53	62635:c.580G>C	62635:p.(Leu194Val)	ICGC;ESCC_BICR_009T	Li et al. (originally from ICGC)	ESCC
hg19	hg19.chr3:g.178952074G>A	hg19.chr3:g.178952074G>A	PIK3CA	14944:c.3129G>A	14944:p.(Met1043Ile)	ICGC;ESCC_BICR_016T	Li et al. (originally from ICGC)	ESCC
hg19	hg19.chr17:g.7579529C>T	hg19.chr17:g.7579529C>T	TP53	62651:c.203C>T	62651:p.(Trp68Ter)	ICGC;ESCC_BICR_018T	Li et al. (originally from ICGC)	ESCC
hg19	hg19.chr17:g.7578551A>T	hg19.chr17:g.7578551A>T	TP53	62635:c.379A>T	62635:p.(Ser127Thr)	ICGC;ESCC_BICR_017T	Li et al. (originally from ICGC)	ESCC
hg19	hg19.chr17:g.7577556C>T	hg19.chr17:g.7577556C>T	TP53	62635:c.725C>T	62635:p.(Cys242Tyr)	ICGC;ESCC_BICR_024T	Li et al. (originally from ICGC)	ESCC
hg19	hg19.chr17:g.7577547C>T	hg19.chr17:g.7577547C>T	TP53	62635:c.734C>T	62635:p.(Gly245Asp)	ICGC;ESCC_BICR_023T	Li et al. (originally from ICGC)	ESCC
hg19	hg19.chr4:g.187540699G>A	hg19.chr4:g.187540699G>A	FAT1	20264:c.7041G>A	20264:p.(Thr2347Thr)	ICGC;ESCC_BICR_021T	Li et al. (originally from ICGC)	ESCC
hg19	hg19.chr17:g.7577570C>A	hg19.chr17:g.7577570C>A	TP53	62635:c.711C>A	62635:p.(Met237Ile)	ICGC;ZZUFHECRKL-G023T	Li et al. (originally from ICGC)	ESCC
hg19	hg19.chr17:g.7577568C>A	hg19.chr17:g.7577568C>A	TP53	62635:c.713C>A	62635:p.(Cys238Phe)	ICGC;ZZUFHECRKL-G020T	Li et al. (originally from ICGC)	ESCC
hg19	hg19.chr17:g.7578446T>A	hg19.chr17:g.7578446T>A	TP53	62635:c.484T>A	62635:p.(Ile162Phe)	ICGC;ZZUFHECRKL-G026T	Li et al. (originally from ICGC)	ESCC
hg19	hg19.chr17:g.7577085C>T	hg19.chr17:g.7577085C>T	TP53	62636:c.853C>T	62636:p.(Glu285Lys)	ICGC;ZZUFHECRKL-G025T	Li et al. (originally from ICGC)	ESCC
hg19	hg19.chr17:g.7577094G>A	hg19.chr17:g.7577094G>A	TP53	62636:c.844G>A	62636:p.(Arg282Trp)	ICGC;ZZUFHECRKL-G033T	Li et al. (originally from ICGC)	ESCC
hg19	hg19.chr9:g.139399375A>C	hg19.chr9:g.139399375A>C	NOTCH1	37446:c.4768A>C	37446:p.(Phe1590Val)	ICGC;ZZUFHECRKL-G033T	Li et al. (originally from ICGC)	ESCC
hg19	hg19.chr17:g.7578190T>C	hg19.chr17:g.7578190T>C	TP53	62635:c.659T>C	62635:p.(Tyr220Cys)	ICGC;ZZUFHECRKL-G032T	Li et al. (originally from ICGC)	ESCC
hg19	hg19.chr17:g.7579358C>A	hg19.chr17:g.7579358C>A	TP53	62651:c.374C>A	62651:p.(Arg125Leu)	ICGC;ZZUFHECRKL-G031T	Li et al. (originally from ICGC)	ESCC
hg19	hg19.chr17:g.7578203C>T	hg19.chr17:g.7578203C>T	TP53	62635:c.646C>T	62635:p.(Val216Met)	ICGC;ZZUFHECRKL-G036T	Li et al. (originally from ICGC)	ESCC
hg19	hg19.chr17:g.7578403C>T	hg19.chr17:g.7578403C>T	TP53	62635:c.527C>T	62635:p.(Cys176Tyr)	ICGC;ZZUFHECRKL-G043T	Li et al. (originally from ICGC)	ESCC
hg19	hg19.chr17:g.7578427T>C	hg19.chr17:g.7578427T>C	TP53	62635:c.503T>C	62635:p.(His168Arg)	ICGC;ZZUFHECRKL-G042T	Li et al. (originally from ICGC)	ESCC
hg19	hg19.chr17:g.7577082C>T	hg19.chr17:g.7577082C>T	TP53	62636:c.856C>T	62636:p.(Glu286Lys)	ICGC;ZZUFHECRKL-G040T	Li et al. (originally from ICGC)	ESCC
hg19	hg19.chr17:g.7579358C>A	hg19.chr17:g.7579358C>A	TP53	62651:c.374C>A	62651:p.(Arg125Leu)	ICGC;ZZUFHECRKL-G054T	Li et al. (originally from ICGC)	ESCC
hg19	hg19.chr17:g.7577534C>A	hg19.chr17:g.7577534C>A	TP53	62635:c.747C>A	62635:p.(Arg249Ser)	ICGC;ZZUFHECRKL-G051T	Li et al. (originally from ICGC)	ESCC
hg19	hg19.chr17:g.7578268A>C	hg19.chr17:g.7578268A>C	TP53	62635:c.581A>C	62635:p.(Leu194Arg)	ICGC;ZZUFHECRKL-G050T	Li et al. (originally from ICGC)	ESCC
hg19	hg19.chr4:g.187630237G>A	hg19.chr4:g.187630237G>A	FAT1	20264:c.745G>A	20264:p.(Gln249Ter)	ICGC;ZZUFHECRKL-G047T	Li et al. (originally from ICGC)	ESCC
hg19	hg19.chr17:g.7578263G>A	hg19.chr17:g.7578263G>A	TP53	62635:c.586G>A	62635:p.(Arg196Ter)	ICGC;ZZUFHECRKL-G047T	Li et al. (originally from ICGC)	ESCC
hg19	hg19.chr17:g.7577099C>G	hg19.chr17:g.7577099C>G	TP53	62636:c.839C>G	62636:p.(Arg280Thr)	ICGC;ZZUFHECRKL-G067T	Li et al. (originally from ICGC)	ESCC
hg19	hg19.chr4:g.153249384C>T	hg19.chr4:g.153249384C>T	FBXW7	20029:c.1394C>T	20029:p.(Arg465His)	ICGC;ZZUFHECRKL-G067T	Li et al. (originally from ICGC)	ESCC
hg19	hg19.chr17:g.7577548C>T	hg19.chr17:g.7577548C>T	TP53	62635:c.733C>T	62635:p.(Gly245Ser)	ICGC;ZZUFHECRKL-G062T	Li et al. (originally from ICGC)	ESCC
hg19	hg19.chr17:g.7578190T>C	hg19.chr17:g.7578190T>C	TP53	62635:c.659T>C	62635:p.(Tyr220Cys)	ICGC;ZZUFHECRKL-G060T	Li et al. (originally from ICGC)	ESCC
hg19	hg19.chr17:g.7577570C>T	hg19.chr17:g.7577570C>T	TP53	62635:c.711C>T	62635:p.(Met237Ile)	ICGC;ZZUFHECRKL-G059T	Li et al. (originally from ICGC)	ESCC
hg19	hg19.chr4:g.187629169G>A	hg19.chr4:g.187629169G>A	FAT1	20264:c.1813G>A	20264:p.(Gln605Ter)	ICGC;ESCC_BICR_027T	Li et al. (originally from ICGC)	ESCC
hg19	hg19.chr4:g.187542708C>A	hg19.chr4:g.187542708C>A	FAT1	20264:c.5032C>A	20264:p.(Glu1678Ter)	ICGC;ESCC_BICR_027T	Li et al. (originally from ICGC)	ESCC
hg19	hg19.chr9:g.139418406G>A	hg19.chr9:g.139418406G>A	NOTCH1	37446:c.166G>A	37446:p.(Arg56Ter)	ICGC;ESCC_BICR_027T	Li et al. (originally from ICGC)	ESCC
hg19	hg19.chr4:g.187542653G>C	hg19.chr4:g.187542653G>C	FAT1	20264:c.5087G>C	20264:p.(Ser1696Ter)	ICGC;ESCC_BICR_034T	Li et al. (originally from ICGC)	ESCC
hg19	hg19.chr17:g.7577570C>T	hg19.chr17:g.7577570C>T	TP53	62635:c.711C>T	62635:p.(Met237Ile)	ICGC;ESCC_BICR_034T	Li et al. (originally from ICGC)	ESCC
hg19	hg19.chr4:g.187557941C>T	hg19.chr4:g.187557941C>T	FAT1	20264:c.3770C>T	20264:p.(Arg1257Gln)	ICGC;ESCC_BICR_033T	Li et al. (originally from ICGC)	ESCC
hg19	hg19.chr9:g.139411817C>T	hg19.chr9:g.139411817C>T	NOTCH1	37446:c.1462C>T	37446:p.(Glu488Lys)	ICGC;ESCC_BICR_033T	Li et al. (originally from ICGC)	ESCC
hg19	hg19.chr17:g.7577509C>T	hg19.chr17:g.7577509C>T	TP53	62635:c.772C>T	62635:p.(Glu258Lys)	ICGC;ESCC_BICR_032T	Li et al. (originally from ICGC)	ESCC
hg19	hg19.chr9:g.139412359C>T	hg19.chr9:g.139412359C>T	NOTCH1	37446:c.1286C>T	37446:p.(Cys429Tyr)	ICGC;ESCC_BICR_031T	Li et al. (originally from ICGC)	ESCC
hg19	hg19.chr17:g.7578394T>C	hg19.chr17:g.7578394T>C	TP53	62635:c.536T>C	62635:p.(His179Arg)	ICGC;ESCC_BICR_030T	Li et al. (originally from ICGC)	ESCC
hg19	hg19.chr9:g.139412742G>C	hg19.chr9:g.139412742G>C	NOTCH1	37446:c.1102G>C	37446:p.(Leu368Val)	ICGC;ESCC_BICR_029T	Li et al. (originally from ICGC)	ESCC
hg19	hg19.chr17:g.7576897G>A	hg19.chr17:g.7576897G>A	TP53	62636:c.949G>A	62636:p.(Gln317Ter)	ICGC;ESCC_BICR_029T	Li et al. (originally from ICGC)	ESCC
hg19	hg19.chr4:g.187524552G>A	hg19.chr4:g.187524552G>A	FAT1	20264:c.11128G>A	20264:p.(Gln3710Ter)	ICGC;ESCC_BICR_028T	Li et al. (originally from ICGC)	ESCC
hg19	hg19.chr17:g.7579414C>T	hg19.chr17:g.7579414C>T	TP53	62651:c.318C>T	62651:p.(Trp106Ter)	ICGC;ESCC_BICR_038T	Li et al. (originally from ICGC)	ESCC
hg19	hg19.chr3:g.178936082G>A	hg19.chr3:g.178936082G>A	PIK3CA	14944:c.1624G>A	14944:p.(Glu542Lys)	ICGC;ESCC_BICR_038T	Li et al. (originally from ICGC)	ESCC
hg19	hg19.chr4:g.187510080G>A	hg19.chr4:g.187510080G>A	FAT1	20264:c.13433G>A	20264:p.(Ser4478Leu)	ICGC;ESCC_BICR_036T	Li et al. (originally from ICGC)	ESCC
hg19	hg19.chr17:g.7578179C>A	hg19.chr17:g.7578179C>A	TP53	62635:c.670C>A	62635:p.(Glu224Ter)	ICGC;ESCC_BICR_036T	Li et al. (originally from ICGC)	ESCC
hg19	hg19.chr17:g.7577547C>T	hg19.chr17:g.7577547C>T	TP53	62635:c.734C>T	62635:p.(Gly245Asp)	ICGC;ESCC_BICR_036T	Li et al. (originally from ICGC)	ESCC
hg19	hg19.chr17:g.7577586A>G	hg19.chr17:g.7577586A>G	TP53	62635:c.695A>G	62635:p.(Ile232Thr)	ICGC;ESCC_BICR_035T	Li et al. (originally from ICGC)	ESCC
hg19	hg19.chr17:g.7578403C>A	hg19.chr17:g.7578403C>A	TP53	62635:c.527C>A	62635:p.(Cys176Phe)	ICGC;ESCC_BICR_035T	Li et al. (originally from ICGC)	ESCC
hg19	hg19.chr17:g.7578212G>A	hg19.chr17:g.7578212G>A	TP53	62635:c.637G>A	62635:p.(Arg213Ter)	ICGC;ESCC_BICR_043T	Li et al. (originally from ICGC)	ESCC
hg19	hg19.chr17:g.7577538C>A	hg19.chr17:g.7577538C>A	TP53	62635:c.743C>A	62635:p.(Arg248Leu)	ICGC;ESCC_BICR_042T	Li et al. (originally from ICGC)	ESCC
hg19	hg19.chr17:g.7578394T>C	hg19.chr17:g.7578394T>C	TP53	62635:c.536T>C	62635:p.(His179Arg)	ICGC;ESCC_BICR_042T	Li et al. (originally from ICGC)	ESCC
hg19	hg19.chr17:g.7578212G>A	hg19.chr17:g.7578212G>A	TP53	62635:c.637G>A	62635:p.(Arg213Ter)	ICGC;ESCC_BICR_040T	Li et al. (originally from ICGC)	ESCC
hg19	hg19.chr3:g.178936082G>A	hg19.chr3:g.178936082G>A	PIK3CA	14944:c.1624G>A	14944:p.(Glu542Lys)	ICGC;ESCC_BICR_040T	Li et al. (originally from ICGC)	ESCC
hg19	hg19.chr17:g.7578257C>A	hg19.chr17:g.7578257C>A	TP53	62635:c.592C>A	62635:p.(Glu198Ter)	ICGC;ESCC_BICR_039T	Li et al. (originally from ICGC)	ESCC
hg19	hg19.chr17:g.7578536T>C	hg19.chr17:g.7578536T>C	TP53	62635:c.394T>C	62635:p.(Lys132Glu)	ICGC;ESCC_BICR_048T	Li et al. (originally from ICGC)	ESCC
hg19	hg19.chr17:g.7578395G>C	hg19.chr17:g.7578395G>C	TP53	62635:c.535G>C	62635:p.(His179Asp)	ICGC;ESCC_BICR_047T	Li et al. (originally from ICGC)	ESCC
hg19	hg19.chr1:g.120512231C>T	hg19.chr1:g.120512231C>T	NOTCH2	6040:c.1011C>T	6040:p.(Glu337Glu)	ICGC;ESCC_BICR_046T	Li et al. (originally from ICGC)	ESCC
hg19	hg19.chr4:g.153247175T>C	hg19.chr4:g.153247175T>C	FBXW7	20029:c.1627T>C	20029:p.(Arg543Gly)	ICGC;ESCC_BICR_045T	Li et al. (originally from ICGC)	ESCC
hg19	hg19.chr4:g.187630286A>T	hg19.chr4:g.187630286A>T	FAT1	20264:c.696A>T	20264:p.(Tyr232Ter)	ICGC;ESCC_BICR_045T	Li et al. (originally from ICGC)	ESCC
hg19	hg19.chr3:g.178927980T>C	hg19.chr3:g.178927980T>C	PIK3CA	14944:c.1258T>C	14944:p.(Cys420Arg)	ICGC;ESCC_BICR_044T	Li et al. (originally from ICGC)	ESCC
hg19	hg19.chr17:g.7578461C>A	hg19.chr17:g.7578461C>A	TP53	62635:c.469C>A	62635:p.(Val157Phe)	ICGC;ESCC_BICR_053T	Li et al. (originally from ICGC)	ESCC
hg19	hg19.chr17:g.7578524G>A	hg19.chr17:g.7578524G>A	TP53	62635:c.406G>A	62635:p.(Gln136Ter)	ICGC;ESCC_BICR_053T	Li et al. (originally from ICGC)	ESCC
hg19	hg19.chr17:g.7577085C>T	hg19.chr17:g.7577085C>T	TP53	62636:c.853C>T	62636:p.(Glu285Lys)	ICGC;ESCC_BICR_050T	Li et al. (originally from ICGC)	ESCC
hg19	hg19.chr17:g.7578475G>A	hg19.chr17:g.7578475G>A	TP53	62635:c.455G>A	62635:p.(Pro152Leu)	ICGC;ESCC_BICR_050T	Li et al. (originally from ICGC)	ESCC
hg19	hg19.chr17:g.7574003G>A	hg19.chr17:g.7574003G>A	TP53	62643:c.1024G>A	62643:p.(Arg342Ter)	ICGC;ESCC_BICR_058T	Li et al. (originally from ICGC)	ESCC
hg19	hg19.chr9:g.139405226G>A	hg19.chr9:g.139405226G>A	NOTCH1	37446:c.2619G>A	37446:p.(Cys873Cys)	ICGC;ESCC_BICR_058T	Li et al. (originally from ICGC)	ESCC
hg19	hg19.chr17:g.7578403C>A	hg19.chr17:g.7578403C>A	TP53	62635:c.527C>A	62635:p.(Cys176Phe)	ICGC;ESCC_BICR_056T	Li et al. (originally from ICGC)	ESCC
hg19	hg19.chr1:g.120539727C>T	hg19.chr1:g.120539727C>T	NOTCH2	6040:c.644C>T	6040:p.(Gly215Asp)	ICGC;ESCC_BICR_055T	Li et al. (originally from ICGC)	ESCC
hg19	hg19.chr4:g.187521451G>A	hg19.chr4:g.187521451G>A	FAT1	20264:c.11704G>A	20264:p.(Gln3902Ter)	ICGC;ESCC_BICR_054T	Li et al. (originally from ICGC)	ESCC
hg19	hg19.chr9:g.139391059G>C	hg19.chr9:g.139391059G>C	NOTCH1	37446:c.7132G>C	37446:p.(His2378Asp)	ICGC;ESCC_BICR_054T	Li et al. (originally from ICGC)	ESCC
hg19	hg19.chr1:g.120468036G>A	hg19.chr1:g.120468036G>A	NOTCH2	6040:c.4403G>A	6040:p.(Ser1468Phe)	ICGC;ESCC_BICR_061T	Li et al. (originally from ICGC)	ESCC
hg19	hg19.chr4:g.153247366C>T	hg19.chr4:g.153247366C>T	FBXW7	20029:c.1436C>T	20029:p.(Arg479Gln)	ICGC;ESCC_BICR_061T	Li et al. (originally from ICGC)	ESCC
hg19	hg19.chr17:g.7577120C>A	hg19.chr17:g.7577120C>A	TP53	62636:c.818C>A	62636:p.(Arg273Leu)	ICGC;ESCC_BICR_059T	Li et al. (originally from ICGC)	ESCC
hg19	hg19.chr17:g.7577545T>C	hg19.chr17:g.7577545T>C	TP53	62635:c.736T>C	62635:p.(Met246Val)	ICGC;ESCC_BICR_068T	Li et al. (originally from ICGC)	ESCC
hg19	hg19.chr17:g.7578413C>T	hg19.chr17:g.7578413C>T	TP53	62635:c.517C>T	62635:p.(Val173Met)	ICGC;ESCC_BICR_066T	Li et al. (originally from ICGC)	ESCC
hg19	hg19.chr2:g.178098804C>G	hg19.chr2:g.178098804C>G	NFE2L2	12333:c.241C>G	12333:p.(Gly81Arg)	ICGC;ESCC_BICR_064T	Li et al. (originally from ICGC)	ESCC
hg19	hg19.chr17:g.7577094G>A	hg19.chr17:g.7577094G>A	TP53	62636:c.844G>A	62636:p.(Arg282Trp)	ICGC;ESCC_BICR_063T	Li et al. (originally from ICGC)	ESCC
hg19	hg19.chr3:g.178937391C>G	hg19.chr3:g.178937391C>G	PIK3CA	14944:c.1779C>G	14944:p.(Ile593Met)	ICGC;ESCC_BICR_070T	Li et al. (originally from ICGC)	ESCC
hg19	hg19.chr4:g.187560933G>A	hg19.chr4:g.187560933G>A	FAT1	20264:c.3585G>A	20264:p.(Leu1195Leu)	ICGC;ESCC_BICR_070T	Li et al. (originally from ICGC)	ESCC
hg19	hg19.chr17:g.7577534C>A	hg19.chr17:g.7577534C>A	TP53	62635:c.747C>A	62635:p.(Arg249Ser)	ICGC;ESCC_BICR_069T	Li et al. (originally from ICGC)	ESCC
hg19	hg19.chr17:g.7577106G>C	hg19.chr17:g.7577106G>C	TP53	62636:c.832G>C	62636:p.(Pro278Ala)	ICGC;ZZUFHECRKL-G006T	Li et al. (originally from ICGC)	ESCC
hg19	hg19.chr17:g.7577574T>C	hg19.chr17:g.7577574T>C	TP53	62635:c.707T>C	62635:p.(Tyr236Cys)	ICGC;ZZUFHECRKL-G005T	Li et al. (originally from ICGC)	ESCC
hg19	hg19.chr1:g.120611964G>C	hg19.chr1:g.120611964G>C	NOTCH2	6040:c.57G>C	6040:p.(Cys19Trp)	ICGC;ZZUFHECRKL-G003T	Li et al. (originally from ICGC)	ESCC
hg19	hg19.chr17:g.7578212G>A	hg19.chr17:g.7578212G>A	TP53	62635:c.637G>A	62635:p.(Arg213Ter)	ICGC;ESCC_BICR_071T	Li et al. (originally from ICGC)	ESCC
hg19	hg19.chr17:g.7578406C>T	hg19.chr17:g.7578406C>T	TP53	62635:c.524C>T	62635:p.(Arg175His)	ICGC;ZZUFHECRKL-G008T	Li et al. (originally from ICGC)	ESCC
hg19	hg19.chr3:g.178936091G>A	hg19.chr3:g.178936091G>A	PIK3CA	14944:c.1633G>A	14944:p.(Glu545Lys)	ICGC;ZZUFHECRKL-G008T	Li et al. (originally from ICGC)	ESCC
hg19	hg19.chr17:g.7577556C>T	hg19.chr17:g.7577556C>T	TP53	62635:c.725C>T	62635:p.(Cys242Tyr)	ICGC;ZZUFHECRKL-G013T	Li et al. (originally from ICGC)	ESCC
hg19	hg19.chr17:g.7578265A>G	hg19.chr17:g.7578265A>G	TP53	62635:c.584A>G	62635:p.(Ile195Thr)	ICGC;ZZUFHECRKL-G011T	Li et al. (originally from ICGC)	ESCC
hg19	hg19.chr17:g.7579378G>T	hg19.chr17:g.7579378G>T	TP53	62651:c.354G>T	62651:p.(Tyr118Ter)	ICGC;ZZUFHECRKL-G018T	Li et al. (originally from ICGC)	ESCC
hg19	hg19.chr17:g.7577121G>A	hg19.chr17:g.7577121G>A	TP53	62636:c.817G>A	62636:p.(Arg273Cys)	ICGC;ZZUFHECRKL-G071T	Li et al. (originally from ICGC)	ESCC
hg19	hg19.chr17:g.7578403C>T	hg19.chr17:g.7578403C>T	TP53	62635:c.527C>T	62635:p.(Cys176Tyr)	ICGC;ZZUFHECRKL-G069T	Li et al. (originally from ICGC)	ESCC
hg19	hg19.chr17:g.7578263G>A	hg19.chr17:g.7578263G>A	TP53	62635:c.586G>A	62635:p.(Arg196Ter)	ICGC;ZZUFHECRKL-G075T	Li et al. (originally from ICGC)	ESCC
hg19	hg19.chr17:g.7577536T>C	hg19.chr17:g.7577536T>C	TP53	62635:c.745T>C	62635:p.(Arg249Gly)	EC1000_T	Liu et al.	ESCC
hg19	hg19.chr2:g.178098807T>C	hg19.chr2:g.178098807T>C	NFE2L2	12333:c.238T>C	12333:p.(Thr80Ala)	EC1001_T	Liu et al.	ESCC
hg19	hg19.chr3:g.178936091G>A	hg19.chr3:g.178936091G>A	PIK3CA	14944:c.1633G>A	14944:p.(Glu545Lys)	EC1001_T	Liu et al.	ESCC
hg19	hg19.chr17:g.7577550C>T	hg19.chr17:g.7577550C>T	TP53	62635:c.731C>T	62635:p.(Gly244Asp)	EC1029_T	Liu et al.	ESCC
hg19	hg19.chr17:g.7579536C>A	hg19.chr17:g.7579536C>A	TP53	62651:c.196C>A	62651:p.(Glu66Ter)	EC1071_T	Liu et al.	ESCC
hg19	hg19.chr3:g.178952007A>G	hg19.chr3:g.178952007A>G	PIK3CA	14944:c.3062A>G	14944:p.(Tyr1021Cys)	EC1071_T	Liu et al.	ESCC
hg19	hg19.chr3:g.178936091G>A	hg19.chr3:g.178936091G>A	PIK3CA	14944:c.1633G>A	14944:p.(Glu545Lys)	EC1110_T	Liu et al.	ESCC
hg19	hg19.chr17:g.7577550C>A	hg19.chr17:g.7577550C>A	TP53	62635:c.731C>A	62635:p.(Gly244Val)	EC1111_T	Liu et al.	ESCC
hg19	hg19.chr17:g.7578263G>A	hg19.chr17:g.7578263G>A	TP53	62635:c.586G>A	62635:p.(Arg196Ter)	EC1113_T	Liu et al.	ESCC
hg19	hg19.chr17:g.7578403C>A	hg19.chr17:g.7578403C>A	TP53	62635:c.527C>A	62635:p.(Cys176Phe)	EC1117_T	Liu et al.	ESCC
hg19	hg19.chr9:g.139438549G>A	hg19.chr9:g.139438549G>A	NOTCH1	37446:c.67G>A	37446:p.(Arg23Ter)	EC1125_T	Liu et al.	ESCC
hg19	hg19.chr17:g.7578263G>A	hg19.chr17:g.7578263G>A	TP53	62635:c.586G>A	62635:p.(Arg196Ter)	EC1126_T	Liu et al.	ESCC
hg19	hg19.chr4:g.153247165G>T	hg19.chr4:g.153247165G>T	FBXW7	20029:c.1637G>T	20029:p.(Ser546Ter)	EC1126_T	Liu et al.	ESCC
hg19	hg19.chr17:g.7577121G>A	hg19.chr17:g.7577121G>A	TP53	62636:c.817G>A	62636:p.(Arg273Cys)	EC1155_T	Liu et al.	ESCC
hg19	hg19.chr17:g.7577022G>A	hg19.chr17:g.7577022G>A	TP53	62636:c.916G>A	62636:p.(Arg306Ter)	EC1158_T	Liu et al.	ESCC
hg19	hg19.chr13:g.49047515G>T	hg19.chr13:g.49047515G>T	RB1	49601:c.2509G>T	49601:p.(Glu837Ter)	EC949_T	Liu et al.	ESCC
hg19	hg19.chr17:g.7577544A>T	hg19.chr17:g.7577544A>T	TP53	62635:c.737A>T	62635:p.(Met246Lys)	EC959_T	Liu et al.	ESCC
hg19	hg19.chr17:g.7578394T>A	hg19.chr17:g.7578394T>A	TP53	62635:c.536T>A	62635:p.(His179Leu)	EC961_T	Liu et al.	ESCC
hg19	hg19.chr3:g.178936082G>A	hg19.chr3:g.178936082G>A	PIK3CA	14944:c.1624G>A	14944:p.(Glu542Lys)	EC988_T	Liu et al.	ESCC
hg19	hg19.chr9:g.139412352G>T	hg19.chr9:g.139412352G>T	NOTCH1	37446:c.1293G>T	37446:p.(Asn431Lys)	EC988_T	Liu et al.	ESCC
hg19	hg19.chr17:g.7578188C>A	hg19.chr17:g.7578188C>A	TP53	62635:c.661C>A	62635:p.(Glu221Ter)	EC990_T	Liu et al.	ESCC
hg19	hg19.chr17:g.7578394T>A	hg19.chr17:g.7578394T>A	TP53	62635:c.536T>A	62635:p.(His179Leu)	EC1120_T	Liu et al.	ESCC
hg19	hg19.chr17:g.7578457C>T	hg19.chr17:g.7578457C>T	TP53	62635:c.473C>T	62635:p.(Arg158His)	EC1120_T	Liu et al.	ESCC
hg19	hg19.chr17:g.7577124C>A	hg19.chr17:g.7577124C>A	TP53	62636:c.814C>A	62636:p.(Val272Leu)	EC1155_T	Liu et al.	ESCC
hg19	hg19.chr3:g.178936091G>A	hg19.chr3:g.178936091G>A	PIK3CA	14944:c.1633G>A	14944:p.(Glu545Lys)	EC990_T	Liu et al.	ESCC
hg18	hg18.chr4:g.187772431G>A	hg19.chr4:g.187535437G>A	FAT1	20264:c.9137G>A	20264:p.(Ser3046Phe)	PMID22877736;ESOSCC158T	Li et al. (originally published by Agrawal et al. (2012))	ESCC
hg18	hg18.chr4:g.153478433G>A	hg19.chr4:g.153258983G>A	FBXW7	20029:c.832G>A	20029:p.(Arg278Ter)	PMID22877736;ESOSCC156T	Li et al. (originally published by Agrawal et al. (2012))	ESCC
hg18	hg18.chr17:g.7517789T>A	hg19.chr17:g.7577064T>A	TP53	62636:c.874T>A	62636:p.(Lys292Ter)	PMID22877736;ESOSCC152T	Li et al. (originally published by Agrawal et al. (2012))	ESCC
hg18	hg18.chr17:g.7518273C>T	hg19.chr17:g.7577548C>T	TP53	62635:c.733C>T	62635:p.(Gly245Ser)	PMID22877736;ESOSCC155T	Li et al. (originally published by Agrawal et al. (2012))	ESCC
hg18	hg18.chr17:g.7519240T>A	hg19.chr17:g.7578515T>A	TP53	62635:c.415T>A	62635:p.(Lys139Ter)	PMID22877736;ESOSCC155T	Li et al. (originally published by Agrawal et al. (2012))	ESCC
hg18	hg18.chr17:g.7518312T>A	hg19.chr17:g.7577587T>A	TP53	62635:c.694T>A	62635:p.(Ile232Phe)	PMID22877736;ESOSCC156T	Li et al. (originally published by Agrawal et al. (2012))	ESCC
hg18	hg18.chr17:g.7519131C>T	hg19.chr17:g.7578406C>T	TP53	62635:c.524C>T	62635:p.(Arg175His)	PMID22877736;ESOSCC156T	Li et al. (originally published by Agrawal et al. (2012))	ESCC
hg18	hg18.chr17:g.7519259C>A	hg19.chr17:g.7578534C>A	TP53	62635:c.396C>A	62635:p.(Lys132Asn)	PMID22877736;ESOSCC157T	Li et al. (originally published by Agrawal et al. (2012))	ESCC
hg18	hg18.chr17:g.7518916A>G	hg19.chr17:g.7578191A>G	TP53	62635:c.658A>G	62635:p.(Tyr220His)	PMID22877736;ESOSCC158T	Li et al. (originally published by Agrawal et al. (2012))	ESCC
hg18	hg18.chr17:g.7520139C>T	hg19.chr17:g.7579414C>T	TP53	62651:c.318C>T	62651:p.(Trp106Ter)	PMID22877736;ESOSCC158T	Li et al. (originally published by Agrawal et al. (2012))	ESCC
hg18	hg18.chr17:g.7519162G>A	hg19.chr17:g.7578437G>A	TP53	62635:c.493G>A	62635:p.(Gln165Ter)	PMID22877736;ESOSCC161T	Li et al. (originally published by Agrawal et al. (2012))	ESCC
hg18	hg18.chr17:g.7519186C>A	hg19.chr17:g.7578461C>A	TP53	62635:c.469C>A	62635:p.(Val157Phe)	PMID22877736;ESOSCC163T	Li et al. (originally published by Agrawal et al. (2012))	ESCC
hg18	hg18.chr17:g.7519131C>T	hg19.chr17:g.7578406C>T	TP53	62635:c.524C>T	62635:p.(Arg175His)	PMID22877736;ESOSCC164T	Li et al. (originally published by Agrawal et al. (2012))	ESCC
hg18	hg18.chr4:g.187866881G>C	hg19.chr4:g.187629887G>C	FAT1	20264:c.1095G>C	20264:p.(Val365Val)	PMID25151357;385	Li et al. (originally published by Gao et al.(2014))	ESCC
hg18	hg18.chr4:g.187776589G>A	hg19.chr4:g.187539595G>A	FAT1	20264:c.8145G>A	20264:p.(Asp2715Asp)	PMID25151357;441	Li et al. (originally published by Gao et al.(2014))	ESCC
hg18	hg18.chr4:g.187777102C>G	hg19.chr4:g.187540108C>G	FAT1	20264:c.7632C>G	20264:p.(Glu2544Asp)	PMID25151357;223	Li et al. (originally published by Gao et al.(2014))	ESCC
hg18	hg18.chr4:g.187761876T>C	hg19.chr4:g.187524882T>C	FAT1	20264:c.10798T>C	20264:p.(Ile3600Val)	PMID25151357;390	Li et al. (originally published by Gao et al.(2014))	ESCC
hg18	hg18.chr4:g.187778476G>C	hg19.chr4:g.187541482G>C	FAT1	20264:c.6258G>C	20264:p.(Tyr2086Ter)	PMID25151357;394	Li et al. (originally published by Gao et al.(2014))	ESCC
hg18	hg18.chr4:g.187775214G>C	hg19.chr4:g.187538220G>C	FAT1	20264:c.9014G>C	20264:p.(Ser3005Ter)	PMID25151357;417	Li et al. (originally published by Gao et al.(2014))	ESCC
hg18	hg18.chr4:g.187767997G>T	hg19.chr4:g.187531003G>T	FAT1	20264:c.10020G>T	20264:p.(Tyr3340Ter)	PMID25151357;419	Li et al. (originally published by Gao et al.(2014))	ESCC
hg18	hg18.chr4:g.187866333C>T	hg19.chr4:g.187629339C>T	FAT1	20264:c.1643C>T	20264:p.(Arg548His)	PMID25151357;442	Li et al. (originally published by Gao et al.(2014))	ESCC
hg18	hg18.chr4:g.187776863T>C	hg19.chr4:g.187539869T>C	FAT1	20264:c.7871T>C	20264:p.(Asp2624Gly)	PMID25151357;446	Li et al. (originally published by Gao et al.(2014))	ESCC
hg18	hg18.chr4:g.187867843C>A	hg19.chr4:g.187630849C>A	FAT1	20264:c.133C>A	20264:p.(Glu45Ter)	PMID25151357;447	Li et al. (originally published by Gao et al.(2014))	ESCC
hg18	hg18.chr4:g.187776065G>C	hg19.chr4:g.187539071G>C	FAT1	20264:c.8669G>C	20264:p.(Ser2890Ter)	PMID25151357;480	Li et al. (originally published by Gao et al.(2014))	ESCC
hg18	hg18.chr4:g.153466665C>T	hg19.chr4:g.153247215C>T	FBXW7	20029:c.1587C>T	20029:p.(Glu529Glu)	PMID25151357;399	Li et al. (originally published by Gao et al.(2014))	ESCC
hg18	hg18.chr4:g.153464963C>T	hg19.chr4:g.153245513C>T	FBXW7	20029:c.1678C>T	20029:p.(Asp560Asn)	PMID25151357;415	Li et al. (originally published by Gao et al.(2014))	ESCC
hg18	hg18.chr4:g.153468906C>G	hg19.chr4:g.153249456C>G	FBXW7	20029:c.1322C>G	20029:p.(Arg441Pro)	PMID25151357;423	Li et al. (originally published by Gao et al.(2014))	ESCC
hg18	hg18.chr4:g.153466739G>C	hg19.chr4:g.153247289G>C	FBXW7	20029:c.1513G>C	20029:p.(Arg505Gly)	PMID25151357;423	Li et al. (originally published by Gao et al.(2014))	ESCC
hg18	hg18.chr4:g.153468835G>A	hg19.chr4:g.153249385G>A	FBXW7	20029:c.1393G>A	20029:p.(Arg465Cys)	PMID25151357;424	Li et al. (originally published by Gao et al.(2014))	ESCC
hg18	hg18.chr4:g.153470356G>T	hg19.chr4:g.153250906G>T	FBXW7	20029:c.1154G>T	20029:p.(Thr385Lys)	PMID25151357;431	Li et al. (originally published by Gao et al.(2014))	ESCC
hg18	hg18.chr4:g.153466817G>A	hg19.chr4:g.153247367G>A	FBXW7	20029:c.1435G>A	20029:p.(Arg479Ter)	PMID25151357;435	Li et al. (originally published by Gao et al.(2014))	ESCC
hg18	hg18.chr2:g.177807199C>T	hg19.chr2:g.178098953C>T	NFE2L2	12333:c.92C>T	12333:p.(Gly31Glu)	PMID25151357;218	Li et al. (originally published by Gao et al.(2014))	ESCC
hg18	hg18.chr2:g.177807045T>A	hg19.chr2:g.178098799T>A	NFE2L2	12333:c.246T>A	12333:p.(Glu82Asp)	PMID25151357;224	Li et al. (originally published by Gao et al.(2014))	ESCC
hg18	hg18.chr2:g.177804370T>A	hg19.chr2:g.178096124T>A	NFE2L2	12333:c.1207T>A	12333:p.(Met403Leu)	PMID25151357;391	Li et al. (originally published by Gao et al.(2014))	ESCC
hg18	hg18.chr2:g.177807190C>G	hg19.chr2:g.178098944C>G	NFE2L2	12333:c.101C>G	12333:p.(Arg34Pro)	PMID25151357;415	Li et al. (originally published by Gao et al.(2014))	ESCC
hg18	hg18.chr2:g.177807047C>G	hg19.chr2:g.178098801C>G	NFE2L2	12333:c.244C>G	12333:p.(Glu82Gln)	PMID25151357;417	Li et al. (originally published by Gao et al.(2014))	ESCC
hg18	hg18.chr2:g.177807190C>T	hg19.chr2:g.178098944C>T	NFE2L2	12333:c.101C>T	12333:p.(Arg34Gln)	PMID25151357;423	Li et al. (originally published by Gao et al.(2014))	ESCC
hg18	hg18.chr2:g.177807208A>G	hg19.chr2:g.178098962A>G	NFE2L2	12333:c.83A>G	12333:p.(Ile28Thr)	PMID25151357;453	Li et al. (originally published by Gao et al.(2014))	ESCC
hg18	hg18.chr2:g.177807045T>A	hg19.chr2:g.178098799T>A	NFE2L2	12333:c.246T>A	12333:p.(Glu82Asp)	PMID25151357;458	Li et al. (originally published by Gao et al.(2014))	ESCC
hg18	hg18.chr9:g.138519966C>G	hg19.chr9:g.139400145C>G	NOTCH1	37446:c.4203C>G	37446:p.(Gly1401Gly)	PMID25151357;412	Li et al. (originally published by Gao et al.(2014))	ESCC
hg18	hg18.chr9:g.138511385G>A	hg19.chr9:g.139391564G>A	NOTCH1	37446:c.6627G>A	37446:p.(Tyr2209Tyr)	PMID25151357;457	Li et al. (originally published by Gao et al.(2014))	ESCC
hg18	hg18.chr9:g.138528907C>T	hg19.chr9:g.139409086C>T	NOTCH1	37446:c.2083C>T	37446:p.(Asp695Asn)	PMID25151357;381	Li et al. (originally published by Gao et al.(2014))	ESCC
hg18	hg18.chr9:g.138529664C>A	hg19.chr9:g.139409843C>A	NOTCH1	37446:c.1913C>A	37446:p.(Cys638Phe)	PMID25151357;401	Li et al. (originally published by Gao et al.(2014))	ESCC
hg18	hg18.chr9:g.138532949G>C	hg19.chr9:g.139413128G>C	NOTCH1	37446:c.1014G>C	37446:p.(Asp338Glu)	PMID25151357;405	Li et al. (originally published by Gao et al.(2014))	ESCC
hg18	hg18.chr9:g.138532953T>A	hg19.chr9:g.139413132T>A	NOTCH1	37446:c.1010T>A	37446:p.(Asp337Val)	PMID25151357;408	Li et al. (originally published by Gao et al.(2014))	ESCC
hg18	hg18.chr9:g.138532196C>G	hg19.chr9:g.139412375C>G	NOTCH1	37446:c.1270C>G	37446:p.(Glu424Gln)	PMID25151357;420	Li et al. (originally published by Gao et al.(2014))	ESCC
hg18	hg18.chr9:g.138532198C>T	hg19.chr9:g.139412377C>T	NOTCH1	37446:c.1268C>T	37446:p.(Cys423Tyr)	PMID25151357;421	Li et al. (originally published by Gao et al.(2014))	ESCC
hg18	hg18.chr9:g.138527322G>C	hg19.chr9:g.139407501G>C	NOTCH1	37446:c.2439G>C	37446:p.(Tyr813Ter)	PMID25151357;424	Li et al. (originally published by Gao et al.(2014))	ESCC
hg18	hg18.chr9:g.138519821C>T	hg19.chr9:g.139400000C>T	NOTCH1	37446:c.4348C>T	37446:p.(Glu1450Lys)	PMID25151357;425	Li et al. (originally published by Gao et al.(2014))	ESCC
hg18	hg18.chr9:g.138522624T>C	hg19.chr9:g.139402803T>C	NOTCH1	37446:c.3206T>C	37446:p.(Lys1069Arg)	PMID25151357;428	Li et al. (originally published by Gao et al.(2014))	ESCC
hg18	hg18.chr9:g.138511407G>A	hg19.chr9:g.139391586G>A	NOTCH1	37446:c.6605G>A	37446:p.(Ser2202Phe)	PMID25151357;449	Li et al. (originally published by Gao et al.(2014))	ESCC
hg18	hg18.chr9:g.138532495G>C	hg19.chr9:g.139412674G>C	NOTCH1	37446:c.1170G>C	37446:p.(Asn390Lys)	PMID25151357;449	Li et al. (originally published by Gao et al.(2014))	ESCC
hg18	hg18.chr9:g.138532073C>T	hg19.chr9:g.139412252C>T	NOTCH1	37446:c.1393C>T	37446:p.(Ala465Thr)	PMID25151357;461	Li et al. (originally published by Gao et al.(2014))	ESCC
hg18	hg18.chr1:g.120269807G>A	hg19.chr1:g.120468284G>A	NOTCH2	6040:c.4155G>A	6040:p.(His1385His)	PMID25151357;399	Li et al. (originally published by Gao et al.(2014))	ESCC
hg18	hg18.chr1:g.120311678G>T	hg19.chr1:g.120510155G>T	NOTCH2	6040:c.1354G>T	6040:p.(Arg452Ser)	PMID25151357;214	Li et al. (originally published by Gao et al.(2014))	ESCC
hg18	hg18.chr1:g.120284772C>T	hg19.chr1:g.120483249C>T	NOTCH2	6040:c.3112C>T	6040:p.(Gly1038Arg)	PMID25151357;406	Li et al. (originally published by Gao et al.(2014))	ESCC
hg18	hg18.chr1:g.120269644C>G	hg19.chr1:g.120468121C>G	NOTCH2	6040:c.4318C>G	6040:p.(Asp1440His)	PMID25151357;417	Li et al. (originally published by Gao et al.(2014))	ESCC
hg18	hg18.chr3:g.180421628G>A	hg19.chr3:g.178938934G>A	PIK3CA	14944:c.2176G>A	14944:p.(Glu726Lys)	PMID25151357;214	Li et al. (originally published by Gao et al.(2014))	ESCC
hg18	hg18.chr3:g.180418785G>A	hg19.chr3:g.178936091G>A	PIK3CA	14944:c.1633G>A	14944:p.(Glu545Lys)	PMID25151357;394	Li et al. (originally published by Gao et al.(2014))	ESCC
hg18	hg18.chr3:g.180399570G>A	hg19.chr3:g.178916876G>A	PIK3CA	14944:c.263G>A	14944:p.(Arg88Gln)	PMID25151357;395	Li et al. (originally published by Gao et al.(2014))	ESCC
hg18	hg18.chr3:g.180399548G>A	hg19.chr3:g.178916854G>A	PIK3CA	14944:c.241G>A	14944:p.(Glu81Lys)	PMID25151357;415	Li et al. (originally published by Gao et al.(2014))	ESCC
hg18	hg18.chr3:g.180434779A>G	hg19.chr3:g.178952085A>G	PIK3CA	14944:c.3140A>G	14944:p.(His1047Arg)	PMID25151357;463	Li et al. (originally published by Gao et al.(2014))	ESCC
hg18	hg18.chr3:g.180399548G>A	hg19.chr3:g.178916854G>A	PIK3CA	14944:c.241G>A	14944:p.(Glu81Lys)	PMID25151357;477	Li et al. (originally published by Gao et al.(2014))	ESCC
hg18	hg18.chr13:g.47931846G>A	hg19.chr13:g.49033845G>A	RB1	49601:c.1982G>A	49601:p.(Arg661Gln)	PMID25151357;393	Li et al. (originally published by Gao et al.(2014))	ESCC
hg18	hg18.chr13:g.47935888T>A	hg19.chr13:g.49037887T>A	RB1	49601:c.2127T>A	49601:p.(Tyr709Ter)	PMID25151357;430	Li et al. (originally published by Gao et al.(2014))	ESCC
hg18	hg18.chr13:g.47814748C>T	hg19.chr13:g.48916747C>T	RB1	49601:c.277C>T	49601:p.(Gln93Ter)	PMID25151357;465	Li et al. (originally published by Gao et al.(2014))	ESCC
hg18	hg18.chr17:g.7520037C>T	hg19.chr17:g.7579312C>T	TP53	62651:c.420C>T	62651:p.(Thr140Thr)	PMID25151357;442	Li et al. (originally published by Gao et al.(2014))	ESCC
hg18	hg18.chr17:g.7519186C>A	hg19.chr17:g.7578461C>A	TP53	62635:c.469C>A	62635:p.(Val157Phe)	PMID25151357;214	Li et al. (originally published by Gao et al.(2014))	ESCC
hg18	hg18.chr17:g.7518243T>A	hg19.chr17:g.7577518T>A	TP53	62635:c.763T>A	62635:p.(Ile255Phe)	PMID25151357;216	Li et al. (originally published by Gao et al.(2014))	ESCC
hg18	hg18.chr17:g.7517830G>T	hg19.chr17:g.7577105G>T	TP53	62636:c.833G>T	62636:p.(Pro278His)	PMID25151357;216	Li et al. (originally published by Gao et al.(2014))	ESCC
hg18	hg18.chr17:g.7514743G>A	hg19.chr17:g.7574018G>A	TP53	62643:c.1009G>A	62643:p.(Arg337Cys)	PMID25151357;222	Li et al. (originally published by Gao et al.(2014))	ESCC
hg18	hg18.chr17:g.7519120G>C	hg19.chr17:g.7578395G>C	TP53	62635:c.535G>C	62635:p.(His179Asp)	PMID25151357;223	Li et al. (originally published by Gao et al.(2014))	ESCC
hg18	hg18.chr17:g.7518263C>T	hg19.chr17:g.7577538C>T	TP53	62635:c.743C>T	62635:p.(Arg248Gln)	PMID25151357;223	Li et al. (originally published by Gao et al.(2014))	ESCC
hg18	hg18.chr17:g.7518937G>A	hg19.chr17:g.7578212G>A	TP53	62635:c.637G>A	62635:p.(Arg213Ter)	PMID25151357;224	Li et al. (originally published by Gao et al.(2014))	ESCC
hg18	hg18.chr17:g.7518284G>A	hg19.chr17:g.7577559G>A	TP53	62635:c.722G>A	62635:p.(Ser241Phe)	PMID25151357;226	Li et al. (originally published by Gao et al.(2014))	ESCC
hg18	hg18.chr17:g.7519120G>A	hg19.chr17:g.7578395G>A	TP53	62635:c.535G>A	62635:p.(His179Tyr)	PMID25151357;227	Li et al. (originally published by Gao et al.(2014))	ESCC
hg18	hg18.chr17:g.7519005G>A	hg19.chr17:g.7578280G>A	TP53	62635:c.569G>A	62635:p.(Pro190Leu)	PMID25151357;229	Li et al. (originally published by Gao et al.(2014))	ESCC
hg18	hg18.chr17:g.7517810C>T	hg19.chr17:g.7577085C>T	TP53	62636:c.853C>T	62636:p.(Glu285Lys)	PMID25151357;384	Li et al. (originally published by Gao et al.(2014))	ESCC
hg18	hg18.chr17:g.7517849C>G	hg19.chr17:g.7577124C>G	TP53	62636:c.814C>G	62636:p.(Val272Leu)	PMID25151357;385	Li et al. (originally published by Gao et al.(2014))	ESCC
hg18	hg18.chr17:g.7518270T>C	hg19.chr17:g.7577545T>C	TP53	62635:c.736T>C	62635:p.(Met246Val)	PMID25151357;386	Li et al. (originally published by Gao et al.(2014))	ESCC
hg18	hg18.chr17:g.7519000G>A	hg19.chr17:g.7578275G>A	TP53	62635:c.574G>A	62635:p.(Gln192Ter)	PMID25151357;387	Li et al. (originally published by Gao et al.(2014))	ESCC
hg18	hg18.chr17:g.7518234C>T	hg19.chr17:g.7577509C>T	TP53	62635:c.772C>T	62635:p.(Glu258Lys)	PMID25151357;390	Li et al. (originally published by Gao et al.(2014))	ESCC
hg18	hg18.chr17:g.7520086A>C	hg19.chr17:g.7579361A>C	TP53	62651:c.371A>C	62651:p.(Phe124Cys)	PMID25151357;391	Li et al. (originally published by Gao et al.(2014))	ESCC
hg18	hg18.chr17:g.7518273C>G	hg19.chr17:g.7577548C>G	TP53	62635:c.733C>G	62635:p.(Gly245Arg)	PMID25151357;392	Li et al. (originally published by Gao et al.(2014))	ESCC
hg18	hg18.chr17:g.7518996T>C	hg19.chr17:g.7578271T>C	TP53	62635:c.578T>C	62635:p.(His193Arg)	PMID25151357;393	Li et al. (originally published by Gao et al.(2014))	ESCC
hg18	hg18.chr17:g.7517819G>A	hg19.chr17:g.7577094G>A	TP53	62636:c.844G>A	62636:p.(Arg282Trp)	PMID25151357;394	Li et al. (originally published by Gao et al.(2014))	ESCC
hg18	hg18.chr17:g.7519252A>G	hg19.chr17:g.7578527A>G	TP53	62635:c.403A>G	62635:p.(Cys135Arg)	PMID25151357;395	Li et al. (originally published by Gao et al.(2014))	ESCC
hg18	hg18.chr17:g.7519131C>T	hg19.chr17:g.7578406C>T	TP53	62635:c.524C>T	62635:p.(Arg175His)	PMID25151357;396	Li et al. (originally published by Gao et al.(2014))	ESCC
hg18	hg18.chr17:g.7514728G>A	hg19.chr17:g.7574003G>A	TP53	62643:c.1024G>A	62643:p.(Arg342Ter)	PMID25151357;397	Li et al. (originally published by Gao et al.(2014))	ESCC
hg18	hg18.chr17:g.7518997G>A	hg19.chr17:g.7578272G>A	TP53	62635:c.577G>A	62635:p.(His193Tyr)	PMID25151357;398	Li et al. (originally published by Gao et al.(2014))	ESCC
hg18	hg18.chr17:g.7517578C>G	hg19.chr17:g.7576853C>G	TP53	62636:c.993C>G	62636:p.(Gln331His)	PMID25151357;399	Li et al. (originally published by Gao et al.(2014))	ESCC
hg18	hg18.chr17:g.7517819G>A	hg19.chr17:g.7577094G>A	TP53	62636:c.844G>A	62636:p.(Arg282Trp)	PMID25151357;400	Li et al. (originally published by Gao et al.(2014))	ESCC
hg18	hg18.chr17:g.7518239G>A	hg19.chr17:g.7577514G>A	TP53	62635:c.767G>A	62635:p.(Thr256Ile)	PMID25151357;401	Li et al. (originally published by Gao et al.(2014))	ESCC
hg18	hg18.chr17:g.7514728G>A	hg19.chr17:g.7574003G>A	TP53	62643:c.1024G>A	62643:p.(Arg342Ter)	PMID25151357;401	Li et al. (originally published by Gao et al.(2014))	ESCC
hg18	hg18.chr17:g.7519119T>C	hg19.chr17:g.7578394T>C	TP53	62635:c.536T>C	62635:p.(His179Arg)	PMID25151357;402	Li et al. (originally published by Gao et al.(2014))	ESCC
hg18	hg18.chr17:g.7518982C>A	hg19.chr17:g.7578257C>A	TP53	62635:c.592C>A	62635:p.(Glu198Ter)	PMID25151357;404	Li et al. (originally published by Gao et al.(2014))	ESCC
hg18	hg18.chr17:g.7518924A>C	hg19.chr17:g.7578199A>C	TP53	62635:c.650A>C	62635:p.(Val217Gly)	PMID25151357;405	Li et al. (originally published by Gao et al.(2014))	ESCC
hg18	hg18.chr17:g.7518937G>A	hg19.chr17:g.7578212G>A	TP53	62635:c.637G>A	62635:p.(Arg213Ter)	PMID25151357;406	Li et al. (originally published by Gao et al.(2014))	ESCC
hg18	hg18.chr17:g.7514709A>T	hg19.chr17:g.7573984A>T	TP53	62643:c.1043A>T	62643:p.(Leu348Ter)	PMID25151357;407	Li et al. (originally published by Gao et al.(2014))	ESCC
hg18	hg18.chr17:g.7517783C>A	hg19.chr17:g.7577058C>A	TP53	62636:c.880C>A	62636:p.(Glu294Ter)	PMID25151357;408	Li et al. (originally published by Gao et al.(2014))	ESCC
hg18	hg18.chr17:g.7517819G>A	hg19.chr17:g.7577094G>A	TP53	62636:c.844G>A	62636:p.(Arg282Trp)	PMID25151357;409	Li et al. (originally published by Gao et al.(2014))	ESCC
hg18	hg18.chr17:g.7518915T>C	hg19.chr17:g.7578190T>C	TP53	62635:c.659T>C	62635:p.(Tyr220Cys)	PMID25151357;410	Li et al. (originally published by Gao et al.(2014))	ESCC
hg18	hg18.chr17:g.7518990A>G	hg19.chr17:g.7578265A>G	TP53	62635:c.584A>G	62635:p.(Ile195Thr)	PMID25151357;411	Li et al. (originally published by Gao et al.(2014))	ESCC
hg18	hg18.chr17:g.7519128C>T	hg19.chr17:g.7578403C>T	TP53	62635:c.527C>T	62635:p.(Cys176Tyr)	PMID25151357;412	Li et al. (originally published by Gao et al.(2014))	ESCC
hg18	hg18.chr17:g.7517831G>C	hg19.chr17:g.7577106G>C	TP53	62636:c.832G>C	62636:p.(Pro278Ala)	PMID25151357;413	Li et al. (originally published by Gao et al.(2014))	ESCC
hg18	hg18.chr17:g.7517783C>A	hg19.chr17:g.7577058C>A	TP53	62636:c.880C>A	62636:p.(Glu294Ter)	PMID25151357;414	Li et al. (originally published by Gao et al.(2014))	ESCC
hg18	hg18.chr17:g.7517622G>A	hg19.chr17:g.7576897G>A	TP53	62636:c.949G>A	62636:p.(Gln317Ter)	PMID25151357;415	Li et al. (originally published by Gao et al.(2014))	ESCC
hg18	hg18.chr17:g.7514728G>A	hg19.chr17:g.7574003G>A	TP53	62643:c.1024G>A	62643:p.(Arg342Ter)	PMID25151357;415	Li et al. (originally published by Gao et al.(2014))	ESCC
hg18	hg18.chr17:g.7518272C>T	hg19.chr17:g.7577547C>T	TP53	62635:c.734C>T	62635:p.(Gly245Asp)	PMID25151357;416	Li et al. (originally published by Gao et al.(2014))	ESCC
hg18	hg18.chr17:g.7517747G>A	hg19.chr17:g.7577022G>A	TP53	62636:c.916G>A	62636:p.(Arg306Ter)	PMID25151357;417	Li et al. (originally published by Gao et al.(2014))	ESCC
hg18	hg18.chr17:g.7517845C>T	hg19.chr17:g.7577120C>T	TP53	62636:c.818C>T	62636:p.(Arg273His)	PMID25151357;418	Li et al. (originally published by Gao et al.(2014))	ESCC
hg18	hg18.chr17:g.7518242A>C	hg19.chr17:g.7577517A>C	TP53	62635:c.764A>C	62635:p.(Ile255Ser)	PMID25151357;420	Li et al. (originally published by Gao et al.(2014))	ESCC
hg18	hg18.chr17:g.7519225G>A	hg19.chr17:g.7578500G>A	TP53	62635:c.430G>A	62635:p.(Gln144Ter)	PMID25151357;422	Li et al. (originally published by Gao et al.(2014))	ESCC
hg18	hg18.chr17:g.7518272C>T	hg19.chr17:g.7577547C>T	TP53	62635:c.734C>T	62635:p.(Gly245Asp)	PMID25151357;424	Li et al. (originally published by Gao et al.(2014))	ESCC
hg18	hg18.chr17:g.7518273C>A	hg19.chr17:g.7577548C>A	TP53	62635:c.733C>A	62635:p.(Gly245Cys)	PMID25151357;425	Li et al. (originally published by Gao et al.(2014))	ESCC
hg18	hg18.chr17:g.7518929A>C	hg19.chr17:g.7578204A>C	TP53	62635:c.645A>C	62635:p.(Ser215Arg)	PMID25151357;426	Li et al. (originally published by Gao et al.(2014))	ESCC
hg18	hg18.chr17:g.7517819G>A	hg19.chr17:g.7577094G>A	TP53	62636:c.844G>A	62636:p.(Arg282Trp)	PMID25151357;430	Li et al. (originally published by Gao et al.(2014))	ESCC
hg18	hg18.chr17:g.7519251C>A	hg19.chr17:g.7578526C>A	TP53	62635:c.404C>A	62635:p.(Cys135Phe)	PMID25151357;431	Li et al. (originally published by Gao et al.(2014))	ESCC
hg18	hg18.chr17:g.7518937G>A	hg19.chr17:g.7578212G>A	TP53	62635:c.637G>A	62635:p.(Arg213Ter)	PMID25151357;433	Li et al. (originally published by Gao et al.(2014))	ESCC
hg18	hg18.chr17:g.7517825T>A	hg19.chr17:g.7577100T>A	TP53	62636:c.838T>A	62636:p.(Arg280Ter)	PMID25151357;433	Li et al. (originally published by Gao et al.(2014))	ESCC
hg18	hg18.chr17:g.7517849C>T	hg19.chr17:g.7577124C>T	TP53	62636:c.814C>T	62636:p.(Val272Met)	PMID25151357;434	Li et al. (originally published by Gao et al.(2014))	ESCC
hg18	hg18.chr17:g.7519243C>G	hg19.chr17:g.7578518C>G	TP53	62635:c.412C>G	62635:p.(Ala138Pro)	PMID25151357;435	Li et al. (originally published by Gao et al.(2014))	ESCC
hg18	hg18.chr17:g.7520102G>A	hg19.chr17:g.7579377G>A	TP53	62651:c.355G>A	62651:p.(Gln119Ter)	PMID25151357;436	Li et al. (originally published by Gao et al.(2014))	ESCC
hg18	hg18.chr17:g.7517845C>A	hg19.chr17:g.7577120C>A	TP53	62636:c.818C>A	62636:p.(Arg273Leu)	PMID25151357;441	Li et al. (originally published by Gao et al.(2014))	ESCC
hg18	hg18.chr17:g.7517845C>A	hg19.chr17:g.7577120C>A	TP53	62636:c.818C>A	62636:p.(Arg273Leu)	PMID25151357;442	Li et al. (originally published by Gao et al.(2014))	ESCC
hg18	hg18.chr17:g.7518263C>T	hg19.chr17:g.7577538C>T	TP53	62635:c.743C>T	62635:p.(Arg248Gln)	PMID25151357;443	Li et al. (originally published by Gao et al.(2014))	ESCC
hg18	hg18.chr17:g.7517846G>A	hg19.chr17:g.7577121G>A	TP53	62636:c.817G>A	62636:p.(Arg273Cys)	PMID25151357;444	Li et al. (originally published by Gao et al.(2014))	ESCC
hg18	hg18.chr17:g.7520258G>A	hg19.chr17:g.7579533G>A	TP53	62651:c.199G>A	62651:p.(Gln67Ter)	PMID25151357;445	Li et al. (originally published by Gao et al.(2014))	ESCC
hg18	hg18.chr17:g.7518964C>A	hg19.chr17:g.7578239C>A	TP53	62635:c.610C>A	62635:p.(Glu204Ter)	PMID25151357;448	Li et al. (originally published by Gao et al.(2014))	ESCC
hg18	hg18.chr17:g.7518272C>T	hg19.chr17:g.7577547C>T	TP53	62635:c.734C>T	62635:p.(Gly245Asp)	PMID25151357;449	Li et al. (originally published by Gao et al.(2014))	ESCC
hg18	hg18.chr17:g.7518994G>A	hg19.chr17:g.7578269G>A	TP53	62635:c.580G>A	62635:p.(Leu194Phe)	PMID25151357;450	Li et al. (originally published by Gao et al.(2014))	ESCC
hg18	hg18.chr17:g.7519279A>G	hg19.chr17:g.7578554A>G	TP53	62635:c.376A>G	62635:p.(Tyr126His)	PMID25151357;452	Li et al. (originally published by Gao et al.(2014))	ESCC
hg18	hg18.chr17:g.7517747G>A	hg19.chr17:g.7577022G>A	TP53	62636:c.916G>A	62636:p.(Arg306Ter)	PMID25151357;454	Li et al. (originally published by Gao et al.(2014))	ESCC
hg18	hg18.chr17:g.7519276A>T	hg19.chr17:g.7578551A>T	TP53	62635:c.379A>T	62635:p.(Ser127Thr)	PMID25151357;456	Li et al. (originally published by Gao et al.(2014))	ESCC
hg18	hg18.chr17:g.7518916A>C	hg19.chr17:g.7578191A>C	TP53	62635:c.658A>C	62635:p.(Tyr220Asp)	PMID25151357;458	Li et al. (originally published by Gao et al.(2014))	ESCC
hg18	hg18.chr17:g.7518997G>T	hg19.chr17:g.7578272G>T	TP53	62635:c.577G>T	62635:p.(His193Asn)	PMID25151357;459	Li et al. (originally published by Gao et al.(2014))	ESCC
hg18	hg18.chr17:g.7518311A>G	hg19.chr17:g.7577586A>G	TP53	62635:c.695A>G	62635:p.(Ile232Thr)	PMID25151357;460	Li et al. (originally published by Gao et al.(2014))	ESCC
hg18	hg18.chr17:g.7517878C>A	hg19.chr17:g.7577153C>A	TP53	62636:c.785C>A	62636:p.(Gly262Val)	PMID25151357;461	Li et al. (originally published by Gao et al.(2014))	ESCC
hg18	hg18.chr17:g.7519260T>C	hg19.chr17:g.7578535T>C	TP53	62635:c.395T>C	62635:p.(Lys132Arg)	PMID25151357;462	Li et al. (originally published by Gao et al.(2014))	ESCC
hg18	hg18.chr17:g.7518272C>T	hg19.chr17:g.7577547C>T	TP53	62635:c.734C>T	62635:p.(Gly245Asp)	PMID25151357;463	Li et al. (originally published by Gao et al.(2014))	ESCC
hg18	hg18.chr17:g.7514742C>A	hg19.chr17:g.7574017C>A	TP53	62643:c.1010C>A	62643:p.(Arg337Leu)	PMID25151357;464	Li et al. (originally published by Gao et al.(2014))	ESCC
hg18	hg18.chr17:g.7519120G>A	hg19.chr17:g.7578395G>A	TP53	62635:c.535G>A	62635:p.(His179Tyr)	PMID25151357;465	Li et al. (originally published by Gao et al.(2014))	ESCC
hg18	hg18.chr17:g.7518915T>C	hg19.chr17:g.7578190T>C	TP53	62635:c.659T>C	62635:p.(Tyr220Cys)	PMID25151357;465	Li et al. (originally published by Gao et al.(2014))	ESCC
hg18	hg18.chr17:g.7518232T>A	hg19.chr17:g.7577507T>A	TP53	62635:c.774T>A	62635:p.(Glu258Asp)	PMID25151357;466	Li et al. (originally published by Gao et al.(2014))	ESCC
hg18	hg18.chr17:g.7518293C>A	hg19.chr17:g.7577568C>A	TP53	62635:c.713C>A	62635:p.(Cys238Phe)	PMID25151357;467	Li et al. (originally published by Gao et al.(2014))	ESCC
hg18	hg18.chr17:g.7517747G>A	hg19.chr17:g.7577022G>A	TP53	62636:c.916G>A	62636:p.(Arg306Ter)	PMID25151357;468	Li et al. (originally published by Gao et al.(2014))	ESCC
hg18	hg18.chr17:g.7517831G>A	hg19.chr17:g.7577106G>A	TP53	62636:c.832G>A	62636:p.(Pro278Ser)	PMID25151357;469	Li et al. (originally published by Gao et al.(2014))	ESCC
hg18	hg18.chr17:g.7519204G>A	hg19.chr17:g.7578479G>A	TP53	62635:c.451G>A	62635:p.(Pro151Ser)	PMID25151357;472	Li et al. (originally published by Gao et al.(2014))	ESCC
hg18	hg18.chr17:g.7519225G>A	hg19.chr17:g.7578500G>A	TP53	62635:c.430G>A	62635:p.(Gln144Ter)	PMID25151357;473	Li et al. (originally published by Gao et al.(2014))	ESCC
hg18	hg18.chr17:g.7517622G>A	hg19.chr17:g.7576897G>A	TP53	62636:c.949G>A	62636:p.(Gln317Ter)	PMID25151357;474	Li et al. (originally published by Gao et al.(2014))	ESCC
hg18	hg18.chr17:g.7518263C>T	hg19.chr17:g.7577538C>T	TP53	62635:c.743C>T	62635:p.(Arg248Gln)	PMID25151357;475	Li et al. (originally published by Gao et al.(2014))	ESCC
hg18	hg18.chr17:g.7517819G>A	hg19.chr17:g.7577094G>A	TP53	62636:c.844G>A	62636:p.(Arg282Trp)	PMID25151357;476	Li et al. (originally published by Gao et al.(2014))	ESCC
hg18	hg18.chr17:g.7519138C>T	hg19.chr17:g.7578413C>T	TP53	62635:c.517C>T	62635:p.(Val173Met)	PMID25151357;477	Li et al. (originally published by Gao et al.(2014))	ESCC
hg18	hg18.chr17:g.7518263C>T	hg19.chr17:g.7577538C>T	TP53	62635:c.743C>T	62635:p.(Arg248Gln)	PMID25151357;477	Li et al. (originally published by Gao et al.(2014))	ESCC
hg18	hg18.chr17:g.7518937G>A	hg19.chr17:g.7578212G>A	TP53	62635:c.637G>A	62635:p.(Arg213Ter)	PMID25151357;478	Li et al. (originally published by Gao et al.(2014))	ESCC
hg18	hg18.chr17:g.7518942G>A	hg19.chr17:g.7578217G>A	TP53	62635:c.632G>A	62635:p.(Thr211Ile)	PMID25151357;480	Li et al. (originally published by Gao et al.(2014))	ESCC
hg19	hg19.chr17:g.7574003G>A	hg19.chr17:g.7574003G>A	TP53	62643:c.1024G>A	62643:p.(Arg342Ter)	PMID25839328;1N01-VS-1T01	Li et al. (originally published by Zhang et al.(2015))	ESCC
hg19	hg19.chr17:g.7577535C>G	hg19.chr17:g.7577535C>G	TP53	62635:c.746C>G	62635:p.(Arg249Thr)	PMID25839328;1N02-VS-1T02	Li et al. (originally published by Zhang et al.(2015))	ESCC
hg19	hg19.chr9:g.139412716G>T	hg19.chr9:g.139412716G>T	NOTCH1	37446:c.1128G>T	37446:p.(Cys376Ter)	PMID25839328;1N02-VS-1T02	Li et al. (originally published by Zhang et al.(2015))	ESCC
hg19	hg19.chr4:g.187540997G>A	hg19.chr4:g.187540997G>A	FAT1	20264:c.6743G>A	20264:p.(Pro2248Leu)	PMID25839328;1N02-VS-1T02	Li et al. (originally published by Zhang et al.(2015))	ESCC
hg19	hg19.chr4:g.187539847G>A	hg19.chr4:g.187539847G>A	FAT1	20264:c.7893G>A	20264:p.(Ile2631Ile)	PMID25839328;1N02-VS-1T02	Li et al. (originally published by Zhang et al.(2015))	ESCC
hg19	hg19.chr4:g.187539192G>A	hg19.chr4:g.187539192G>A	FAT1	20264:c.8548G>A	20264:p.(Gln2850Ter)	PMID25839328;1N02-VS-1T02	Li et al. (originally published by Zhang et al.(2015))	ESCC
hg19	hg19.chr17:g.7577594A>T	hg19.chr17:g.7577594A>T	TP53	62635:c.687A>T	62635:p.(Cys229Ter)	PMID25839328;1N03-VS-1T03	Li et al. (originally published by Zhang et al.(2015))	ESCC
hg19	hg19.chr17:g.7578466G>T	hg19.chr17:g.7578466G>T	TP53	62635:c.464G>T	62635:p.(Thr155Asn)	PMID25839328;1N04-VS-1T04	Li et al. (originally published by Zhang et al.(2015))	ESCC
hg19	hg19.chr17:g.7577120C>A	hg19.chr17:g.7577120C>A	TP53	62636:c.818C>A	62636:p.(Arg273Leu)	PMID25839328;1N05-VS-1T05	Li et al. (originally published by Zhang et al.(2015))	ESCC
hg19	hg19.chr3:g.178936091G>A	hg19.chr3:g.178936091G>A	PIK3CA	14944:c.1633G>A	14944:p.(Glu545Lys)	PMID25839328;1N05-VS-1T05	Li et al. (originally published by Zhang et al.(2015))	ESCC
hg19	hg19.chr17:g.7578190T>C	hg19.chr17:g.7578190T>C	TP53	62635:c.659T>C	62635:p.(Tyr220Cys)	PMID25839328;3N01-VS-3T01	Li et al. (originally published by Zhang et al.(2015))	ESCC
hg19	hg19.chr17:g.7578526C>G	hg19.chr17:g.7578526C>G	TP53	62635:c.404C>G	62635:p.(Cys135Ser)	PMID25839328;3N03-VS-3T03	Li et al. (originally published by Zhang et al.(2015))	ESCC
hg19	hg19.chr17:g.7577099C>G	hg19.chr17:g.7577099C>G	TP53	62636:c.839C>G	62636:p.(Arg280Thr)	PMID25839328;3N04-VS-3T04	Li et al. (originally published by Zhang et al.(2015))	ESCC
hg19	hg19.chr3:g.178952085A>G	hg19.chr3:g.178952085A>G	PIK3CA	14944:c.3140A>G	14944:p.(His1047Arg)	PMID25839328;3N05-VS-3T05	Li et al. (originally published by Zhang et al.(2015))	ESCC
hg19	hg19.chr17:g.7577574T>C	hg19.chr17:g.7577574T>C	TP53	62635:c.707T>C	62635:p.(Tyr236Cys)	PMID25839328;3N08-VS-3T08	Li et al. (originally published by Zhang et al.(2015))	ESCC
hg19	hg19.chr17:g.7577539G>A	hg19.chr17:g.7577539G>A	TP53	62635:c.742G>A	62635:p.(Arg248Trp)	PMID25839328;3N09-VS-3T09	Li et al. (originally published by Zhang et al.(2015))	ESCC
hg19	hg19.chr9:g.139400175G>T	hg19.chr9:g.139400175G>T	NOTCH1	37446:c.4173G>T	37446:p.(Cys1391Ter)	PMID25839328;3N09-VS-3T09	Li et al. (originally published by Zhang et al.(2015))	ESCC
hg19	hg19.chr17:g.7578403C>T	hg19.chr17:g.7578403C>T	TP53	62635:c.527C>T	62635:p.(Cys176Tyr)	PMID25839328;1N21-VS-1T21	Li et al. (originally published by Zhang et al.(2015))	ESCC
hg19	hg19.chr3:g.178952085A>T	hg19.chr3:g.178952085A>T	PIK3CA	14944:c.3140A>T	14944:p.(His1047Leu)	PMID25839328;1N21-VS-1T21	Li et al. (originally published by Zhang et al.(2015))	ESCC
hg19	hg19.chr17:g.7579389G>A	hg19.chr17:g.7579389G>A	TP53	62651:c.343G>A	62651:p.(Gln115Ter)	PMID25839328;1N22-VS-1T22	Li et al. (originally published by Zhang et al.(2015))	ESCC
hg19	hg19.chr4:g.153247289G>C	hg19.chr4:g.153247289G>C	FBXW7	20029:c.1513G>C	20029:p.(Arg505Gly)	PMID25839328;1N22-VS-1T22	Li et al. (originally published by Zhang et al.(2015))	ESCC
hg19	hg19.chr17:g.7577586A>T	hg19.chr17:g.7577586A>T	TP53	62635:c.695A>T	62635:p.(Ile232Asn)	PMID25839328;1N23-VS-1T23	Li et al. (originally published by Zhang et al.(2015))	ESCC
hg19	hg19.chr3:g.178936091G>A	hg19.chr3:g.178936091G>A	PIK3CA	14944:c.1633G>A	14944:p.(Glu545Lys)	PMID25839328;1N23-VS-1T23	Li et al. (originally published by Zhang et al.(2015))	ESCC
hg19	hg19.chr3:g.178938934G>A	hg19.chr3:g.178938934G>A	PIK3CA	14944:c.2176G>A	14944:p.(Glu726Lys)	PMID25839328;1N23-VS-1T23	Li et al. (originally published by Zhang et al.(2015))	ESCC
hg19	hg19.chr17:g.7577538C>T	hg19.chr17:g.7577538C>T	TP53	62635:c.743C>T	62635:p.(Arg248Gln)	PMID25839328;1N24-VS-1T24	Li et al. (originally published by Zhang et al.(2015))	ESCC
hg19	hg19.chr17:g.7577094G>A	hg19.chr17:g.7577094G>A	TP53	62636:c.844G>A	62636:p.(Arg282Trp)	PMID25839328;1N25-VS-1T25	Li et al. (originally published by Zhang et al.(2015))	ESCC
hg19	hg19.chr3:g.178936082G>A	hg19.chr3:g.178936082G>A	PIK3CA	14944:c.1624G>A	14944:p.(Glu542Lys)	PMID25839328;1N25-VS-1T25	Li et al. (originally published by Zhang et al.(2015))	ESCC
hg19	hg19.chr4:g.153249393G>A	hg19.chr4:g.153249393G>A	FBXW7	20029:c.1385G>A	20029:p.(Ser462Phe)	PMID25839328;1N25-VS-1T25	Li et al. (originally published by Zhang et al.(2015))	ESCC
hg19	hg19.chr17:g.7577082C>T	hg19.chr17:g.7577082C>T	TP53	62636:c.856C>T	62636:p.(Glu286Lys)	PMID25839328;1N27-VS-1T27	Li et al. (originally published by Zhang et al.(2015))	ESCC
hg19	hg19.chr17:g.7577025T>A	hg19.chr17:g.7577025T>A	TP53	62636:c.913T>A	62636:p.(Lys305Ter)	PMID25839328;1N28-VS-1T28	Li et al. (originally published by Zhang et al.(2015))	ESCC
hg19	hg19.chr9:g.139399769G>A	hg19.chr9:g.139399769G>A	NOTCH1	37446:c.4579G>A	37446:p.(Gln1527Ter)	PMID25839328;1N28-VS-1T28	Li et al. (originally published by Zhang et al.(2015))	ESCC
hg19	hg19.chr17:g.7574003G>A	hg19.chr17:g.7574003G>A	TP53	62643:c.1024G>A	62643:p.(Arg342Ter)	PMID25839328;1N30-VS-1T30	Li et al. (originally published by Zhang et al.(2015))	ESCC
hg19	hg19.chr17:g.7576857A>T	hg19.chr17:g.7576857A>T	TP53	62636:c.989A>T	62636:p.(Leu330His)	PMID25839328;1N31-VS-1T31	Li et al. (originally published by Zhang et al.(2015))	ESCC
hg19	hg19.chr17:g.7577568C>T	hg19.chr17:g.7577568C>T	TP53	62635:c.713C>T	62635:p.(Cys238Tyr)	PMID25839328;1N31-VS-1T31	Li et al. (originally published by Zhang et al.(2015))	ESCC
hg19	hg19.chr4:g.153247366C>T	hg19.chr4:g.153247366C>T	FBXW7	20029:c.1436C>T	20029:p.(Arg479Gln)	PMID25839328;1N31-VS-1T31	Li et al. (originally published by Zhang et al.(2015))	ESCC
hg19	hg19.chr9:g.139413930T>C	hg19.chr9:g.139413930T>C	NOTCH1	37446:c.830T>C	37446:p.(Asn277Ser)	PMID25839328;1N31-VS-1T31	Li et al. (originally published by Zhang et al.(2015))	ESCC
hg19	hg19.chr17:g.7573976T>A	hg19.chr17:g.7573976T>A	TP53	62643:c.1051T>A	62643:p.(Lys351Ter)	PMID25839328;1N32-VS-1T32	Li et al. (originally published by Zhang et al.(2015))	ESCC
hg19	hg19.chr4:g.187630885G>A	hg19.chr4:g.187630885G>A	FAT1	20264:c.97G>A	20264:p.(Gln33Ter)	PMID25839328;1N33-VS-1T33	Li et al. (originally published by Zhang et al.(2015))	ESCC
hg19	hg19.chr17:g.7578413C>A	hg19.chr17:g.7578413C>A	TP53	62635:c.517C>A	62635:p.(Val173Leu)	PMID25839328;1N33-VS-1T33	Li et al. (originally published by Zhang et al.(2015))	ESCC
hg19	hg19.chr17:g.7577559G>C	hg19.chr17:g.7577559G>C	TP53	62635:c.722G>C	62635:p.(Ser241Cys)	PMID25839328;1N34-VS-1T34	Li et al. (originally published by Zhang et al.(2015))	ESCC
hg19	hg19.chr17:g.7577556C>A	hg19.chr17:g.7577556C>A	TP53	62635:c.725C>A	62635:p.(Cys242Phe)	PMID25839328;1N36-VS-1T36	Li et al. (originally published by Zhang et al.(2015))	ESCC
hg19	hg19.chr17:g.7578406C>T	hg19.chr17:g.7578406C>T	TP53	62635:c.524C>T	62635:p.(Arg175His)	PMID25839328;1N37-VS-1T37	Li et al. (originally published by Zhang et al.(2015))	ESCC
hg19	hg19.chr4:g.187630588G>A	hg19.chr4:g.187630588G>A	FAT1	20264:c.394G>A	20264:p.(Arg132Ter)	PMID25839328;1N40-VS-1T40	Li et al. (originally published by Zhang et al.(2015))	ESCC
hg19	hg19.chr17:g.7577097C>G	hg19.chr17:g.7577097C>G	TP53	62636:c.841C>G	62636:p.(Asp281His)	PMID25839328;1N41-VS-1T41	Li et al. (originally published by Zhang et al.(2015))	ESCC
hg19	hg19.chr9:g.139412724C>T	hg19.chr9:g.139412724C>T	NOTCH1	37446:c.1120C>T	37446:p.(Asp374Asn)	PMID25839328;1N41-VS-1T41	Li et al. (originally published by Zhang et al.(2015))	ESCC
hg19	hg19.chr9:g.139412729A>C	hg19.chr9:g.139412729A>C	NOTCH1	37446:c.1115A>C	37446:p.(Leu372Arg)	PMID25839328;1N42-VS-1T42	Li et al. (originally published by Zhang et al.(2015))	ESCC
hg19	hg19.chr17:g.7577568C>T	hg19.chr17:g.7577568C>T	TP53	62635:c.713C>T	62635:p.(Cys238Tyr)	PMID25839328;1N43-VS-1T43	Li et al. (originally published by Zhang et al.(2015))	ESCC
hg19	hg19.chr9:g.139393662C>A	hg19.chr9:g.139393662C>A	NOTCH1	37446:c.5984C>A	37446:p.(Gly1995Val)	PMID25839328;1N43-VS-1T43	Li et al. (originally published by Zhang et al.(2015))	ESCC
hg19	hg19.chr17:g.7578466G>T	hg19.chr17:g.7578466G>T	TP53	62635:c.464G>T	62635:p.(Thr155Asn)	PMID25839328;1N44-VS-1T44	Li et al. (originally published by Zhang et al.(2015))	ESCC
hg19	hg19.chr17:g.7578524G>A	hg19.chr17:g.7578524G>A	TP53	62635:c.406G>A	62635:p.(Gln136Ter)	PMID25839328;1N45-VS-1T45	Li et al. (originally published by Zhang et al.(2015))	ESCC
hg19	hg19.chr3:g.178936091G>A	hg19.chr3:g.178936091G>A	PIK3CA	14944:c.1633G>A	14944:p.(Glu545Lys)	PMID25839328;1N45-VS-1T45	Li et al. (originally published by Zhang et al.(2015))	ESCC
hg19	hg19.chr4:g.187524142G>T	hg19.chr4:g.187524142G>T	FAT1	20264:c.11397G>T	20264:p.(Cys3799Ter)	PMID25839328;1N45-VS-1T45	Li et al. (originally published by Zhang et al.(2015))	ESCC
hg19	hg19.chr17:g.7577118C>A	hg19.chr17:g.7577118C>A	TP53	62636:c.820C>A	62636:p.(Val274Phe)	PMID25839328;1N46-VS-1T46	Li et al. (originally published by Zhang et al.(2015))	ESCC
hg19	hg19.chr3:g.178936082G>A	hg19.chr3:g.178936082G>A	PIK3CA	14944:c.1624G>A	14944:p.(Glu542Lys)	PMID25839328;1N47-VS-1T47	Li et al. (originally published by Zhang et al.(2015))	ESCC
hg19	hg19.chr4:g.187549310G>C	hg19.chr4:g.187549310G>C	FAT1	20264:c.4808G>C	20264:p.(Ser1603Ter)	PMID25839328;1N48-VS-1T48	Li et al. (originally published by Zhang et al.(2015))	ESCC
hg19	hg19.chr17:g.7577082C>A	hg19.chr17:g.7577082C>A	TP53	62636:c.856C>A	62636:p.(Glu286Ter)	PMID25839328;1N48-VS-1T48	Li et al. (originally published by Zhang et al.(2015))	ESCC
hg19	hg19.chr17:g.7578190T>C	hg19.chr17:g.7578190T>C	TP53	62635:c.659T>C	62635:p.(Tyr220Cys)	PMID25839328;1N49-VS-1T49	Li et al. (originally published by Zhang et al.(2015))	ESCC
hg19	hg19.chr17:g.7577120C>T	hg19.chr17:g.7577120C>T	TP53	62636:c.818C>T	62636:p.(Arg273His)	PMID25839328;1N51-VS-1T51	Li et al. (originally published by Zhang et al.(2015))	ESCC
hg19	hg19.chr17:g.7577550C>A	hg19.chr17:g.7577550C>A	TP53	62635:c.731C>A	62635:p.(Gly244Val)	PMID25839328;1N52-VS-1T52	Li et al. (originally published by Zhang et al.(2015))	ESCC
hg19	hg19.chr4:g.153247175T>C	hg19.chr4:g.153247175T>C	FBXW7	20029:c.1627T>C	20029:p.(Arg543Gly)	PMID25839328;1N52-VS-1T52	Li et al. (originally published by Zhang et al.(2015))	ESCC
hg19	hg19.chr9:g.139407963C>T	hg19.chr9:g.139407963C>T	NOTCH1	37446:c.2234C>T	37446:p.(Trp745Ter)	PMID25839328;1N52-VS-1T52	Li et al. (originally published by Zhang et al.(2015))	ESCC
hg19	hg19.chr17:g.7578272G>A	hg19.chr17:g.7578272G>A	TP53	62635:c.577G>A	62635:p.(His193Tyr)	PMID25839328;1N53-VS-1T53	Li et al. (originally published by Zhang et al.(2015))	ESCC
hg19	hg19.chr3:g.178927980T>C	hg19.chr3:g.178927980T>C	PIK3CA	14944:c.1258T>C	14944:p.(Cys420Arg)	PMID25839328;1N54-VS-1T54	Li et al. (originally published by Zhang et al.(2015))	ESCC
hg19	hg19.chr17:g.7578442T>C	hg19.chr17:g.7578442T>C	TP53	62635:c.488T>C	62635:p.(Tyr163Cys)	PMID25839328;1N55-VS-1T55	Li et al. (originally published by Zhang et al.(2015))	ESCC
hg19	hg19.chr17:g.7577574T>C	hg19.chr17:g.7577574T>C	TP53	62635:c.707T>C	62635:p.(Tyr236Cys)	PMID25839328;1N56-VS-1T56	Li et al. (originally published by Zhang et al.(2015))	ESCC
hg19	hg19.chr4:g.153249419A>T	hg19.chr4:g.153249419A>T	FBXW7	20029:c.1359A>T	20029:p.(Cys453Ter)	PMID25839328;1N56-VS-1T56	Li et al. (originally published by Zhang et al.(2015))	ESCC
hg19	hg19.chr9:g.139412375C>T	hg19.chr9:g.139412375C>T	NOTCH1	37446:c.1270C>T	37446:p.(Glu424Lys)	PMID25839328;1N56-VS-1T56	Li et al. (originally published by Zhang et al.(2015))	ESCC
hg19	hg19.chr17:g.7578475G>A	hg19.chr17:g.7578475G>A	TP53	62635:c.455G>A	62635:p.(Pro152Leu)	PMID25839328;1N57-VS-1T57	Li et al. (originally published by Zhang et al.(2015))	ESCC
hg19	hg19.chr17:g.7579361A>G	hg19.chr17:g.7579361A>G	TP53	62651:c.371A>G	62651:p.(Phe124Ser)	PMID25839328;1N57-VS-1T57	Li et al. (originally published by Zhang et al.(2015))	ESCC
hg19	hg19.chr9:g.139413064C>A	hg19.chr9:g.139413064C>A	NOTCH1	37446:c.1078C>A	37446:p.(Glu360Ter)	PMID25839328;1N58-VS-1T58	Li et al. (originally published by Zhang et al.(2015))	ESCC
hg19	hg19.chr4:g.187541322G>A	hg19.chr4:g.187541322G>A	FAT1	20264:c.6418G>A	20264:p.(Gln2140Ter)	PMID25839328;1N59-VS-1T59	Li et al. (originally published by Zhang et al.(2015))	ESCC
hg19	hg19.chr3:g.178936091G>A	hg19.chr3:g.178936091G>A	PIK3CA	14944:c.1633G>A	14944:p.(Glu545Lys)	PMID25839328;1N59-VS-1T59	Li et al. (originally published by Zhang et al.(2015))	ESCC
hg19	hg19.chr9:g.139410022C>A	hg19.chr9:g.139410022C>A	NOTCH1	37446:c.1816C>A	37446:p.(Glu606Ter)	PMID25839328;1N59-VS-1T59	Li et al. (originally published by Zhang et al.(2015))	ESCC
hg19	hg19.chr9:g.139411837C>A	hg19.chr9:g.139411837C>A	NOTCH1	37446:c.1442C>A	37446:p.(Gly481Val)	PMID25839328;1N61-VS-1T61	Li et al. (originally published by Zhang et al.(2015))	ESCC
hg19	hg19.chr17:g.7577094G>A	hg19.chr17:g.7577094G>A	TP53	62636:c.844G>A	62636:p.(Arg282Trp)	PMID25839328;1N62-VS-1T62	Li et al. (originally published by Zhang et al.(2015))	ESCC
hg19	hg19.chr4:g.187629100G>A	hg19.chr4:g.187629100G>A	FAT1	20264:c.1882G>A	20264:p.(Arg628Ter)	PMID25839328;1N64-VS-1T64	Li et al. (originally published by Zhang et al.(2015))	ESCC
hg19	hg19.chr17:g.7578413C>A	hg19.chr17:g.7578413C>A	TP53	62635:c.517C>A	62635:p.(Val173Leu)	PMID25839328;1N64-VS-1T64	Li et al. (originally published by Zhang et al.(2015))	ESCC
hg19	hg19.chr17:g.7578413C>T	hg19.chr17:g.7578413C>T	TP53	62635:c.517C>T	62635:p.(Val173Met)	PMID25839328;1N65-VS-1T65	Li et al. (originally published by Zhang et al.(2015))	ESCC
hg19	hg19.chr17:g.7577094G>A	hg19.chr17:g.7577094G>A	TP53	62636:c.844G>A	62636:p.(Arg282Trp)	PMID25839328;1N66-VS-1T66	Li et al. (originally published by Zhang et al.(2015))	ESCC
hg19	hg19.chr17:g.7577105G>A	hg19.chr17:g.7577105G>A	TP53	62636:c.833G>A	62636:p.(Pro278Leu)	PMID25839328;3N21-VS-3T21	Li et al. (originally published by Zhang et al.(2015))	ESCC
hg19	hg19.chr4:g.187630827T>C	hg19.chr4:g.187630827T>C	FAT1	20264:c.155T>C	20264:p.(Tyr52Cys)	PMID25839328;3N22-VS-3T22	Li et al. (originally published by Zhang et al.(2015))	ESCC
hg19	hg19.chr17:g.7578416C>A	hg19.chr17:g.7578416C>A	TP53	62635:c.514C>A	62635:p.(Val172Phe)	PMID25839328;3N22-VS-3T22	Li et al. (originally published by Zhang et al.(2015))	ESCC
hg19	hg19.chr9:g.139412352G>C	hg19.chr9:g.139412352G>C	NOTCH1	37446:c.1293G>C	37446:p.(Asn431Lys)	PMID25839328;3N22-VS-3T22	Li et al. (originally published by Zhang et al.(2015))	ESCC
hg19	hg19.chr17:g.7577538C>T	hg19.chr17:g.7577538C>T	TP53	62635:c.743C>T	62635:p.(Arg248Gln)	PMID25839328;3N23-VS-3T23	Li et al. (originally published by Zhang et al.(2015))	ESCC
hg19	hg19.chr17:g.7578493C>T	hg19.chr17:g.7578493C>T	TP53	62635:c.437C>T	62635:p.(Trp146Ter)	PMID25839328;3N23-VS-3T23	Li et al. (originally published by Zhang et al.(2015))	ESCC
hg19	hg19.chr17:g.7578382G>C	hg19.chr17:g.7578382G>C	TP53	62635:c.548G>C	62635:p.(Ser183Ter)	PMID25839328;3N24-VS-3T24	Li et al. (originally published by Zhang et al.(2015))	ESCC
hg19	hg19.chr2:g.178098944C>T	hg19.chr2:g.178098944C>T	NFE2L2	12333:c.101C>T	12333:p.(Arg34Gln)	PMID25839328;3N25-VS-3T25	Li et al. (originally published by Zhang et al.(2015))	ESCC
hg19	hg19.chr17:g.7578461C>A	hg19.chr17:g.7578461C>A	TP53	62635:c.469C>A	62635:p.(Val157Phe)	PMID25839328;3N26-VS-3T26	Li et al. (originally published by Zhang et al.(2015))	ESCC
hg19	hg19.chr4:g.187524567G>A	hg19.chr4:g.187524567G>A	FAT1	20264:c.11113G>A	20264:p.(Gln3705Ter)	PMID25839328;3N26-VS-3T26	Li et al. (originally published by Zhang et al.(2015))	ESCC
hg19	hg19.chr4:g.187542861G>A	hg19.chr4:g.187542861G>A	FAT1	20264:c.4879G>A	20264:p.(Arg1627Ter)	PMID25839328;3N27-VS-3T27	Li et al. (originally published by Zhang et al.(2015))	ESCC
hg19	hg19.chr17:g.7577547C>T	hg19.chr17:g.7577547C>T	TP53	62635:c.734C>T	62635:p.(Gly245Asp)	PMID25839328;3N27-VS-3T27	Li et al. (originally published by Zhang et al.(2015))	ESCC
hg19	hg19.chr17:g.7574021C>A	hg19.chr17:g.7574021C>A	TP53	62643:c.1006C>A	62643:p.(Glu336Ter)	PMID25839328;3N28-VS-3T28	Li et al. (originally published by Zhang et al.(2015))	ESCC
hg19	hg19.chr3:g.178952085A>G	hg19.chr3:g.178952085A>G	PIK3CA	14944:c.3140A>G	14944:p.(His1047Arg)	PMID25839328;3N28-VS-3T28	Li et al. (originally published by Zhang et al.(2015))	ESCC
hg19	hg19.chr4:g.187629299G>A	hg19.chr4:g.187629299G>A	FAT1	20264:c.1683G>A	20264:p.(Asn561Asn)	PMID25839328;3N29-VS-3T29	Li et al. (originally published by Zhang et al.(2015))	ESCC
hg19	hg19.chr17:g.7574003G>A	hg19.chr17:g.7574003G>A	TP53	62643:c.1024G>A	62643:p.(Arg342Ter)	PMID25839328;3N30-VS-3T30	Li et al. (originally published by Zhang et al.(2015))	ESCC
hg19	hg19.chr17:g.7578280G>A	hg19.chr17:g.7578280G>A	TP53	62635:c.569G>A	62635:p.(Pro190Leu)	PMID25839328;3N31-VS-3T31	Li et al. (originally published by Zhang et al.(2015))	ESCC
hg19	hg19.chr17:g.7579521C>A	hg19.chr17:g.7579521C>A	TP53	62651:c.211C>A	62651:p.(Glu71Ter)	PMID25839328;3N32-VS-3T32	Li et al. (originally published by Zhang et al.(2015))	ESCC
hg19	hg19.chr4:g.187530346G>T	hg19.chr4:g.187530346G>T	FAT1	20264:c.10197G>T	20264:p.(Asp3399Glu)	PMID25839328;3N32-VS-3T32	Li et al. (originally published by Zhang et al.(2015))	ESCC
hg19	hg19.chr17:g.7578406C>T	hg19.chr17:g.7578406C>T	TP53	62635:c.524C>T	62635:p.(Arg175His)	PMID25839328;3N33-VS-3T33	Li et al. (originally published by Zhang et al.(2015))	ESCC
hg19	hg19.chr3:g.178936091G>A	hg19.chr3:g.178936091G>A	PIK3CA	14944:c.1633G>A	14944:p.(Glu545Lys)	PMID25839328;3N33-VS-3T33	Li et al. (originally published by Zhang et al.(2015))	ESCC
hg19	hg19.chr17:g.7578395G>A	hg19.chr17:g.7578395G>A	TP53	62635:c.535G>A	62635:p.(His179Tyr)	PMID25839328;3N34-VS-3T34	Li et al. (originally published by Zhang et al.(2015))	ESCC
hg19	hg19.chr4:g.187541293T>C	hg19.chr4:g.187541293T>C	FAT1	20264:c.6447T>C	20264:p.(Glu2149Glu)	PMID25839328;3N35-VS-3T35	Li et al. (originally published by Zhang et al.(2015))	ESCC
hg19	hg19.chr17:g.7578492C>T	hg19.chr17:g.7578492C>T	TP53	62635:c.438C>T	62635:p.(Trp146Ter)	PMID25839328;3N36-VS-3T36	Li et al. (originally published by Zhang et al.(2015))	ESCC
hg19	hg19.chr17:g.7577568C>T	hg19.chr17:g.7577568C>T	TP53	62635:c.713C>T	62635:p.(Cys238Tyr)	PMID25839328;3N39-VS-3T39	Li et al. (originally published by Zhang et al.(2015))	ESCC
hg19	hg19.chr3:g.178936091G>A	hg19.chr3:g.178936091G>A	PIK3CA	14944:c.1633G>A	14944:p.(Glu545Lys)	PMID25839328;3N40-VS-3T40	Li et al. (originally published by Zhang et al.(2015))	ESCC
hg19	hg19.chr9:g.139417386C>T	hg19.chr9:g.139417386C>T	NOTCH1	37446:c.658C>T	37446:p.(Val220Met)	PMID25839328;3N40-VS-3T40	Li et al. (originally published by Zhang et al.(2015))	ESCC
hg19	hg19.chr4:g.187628455G>A	hg19.chr4:g.187628455G>A	FAT1	20264:c.2527G>A	20264:p.(Gln843Ter)	PMID25839328;3N40-VS-3T40	Li et al. (originally published by Zhang et al.(2015))	ESCC
hg19	hg19.chr2:g.178098960C>G	hg19.chr2:g.178098960C>G	NFE2L2	12333:c.85C>G	12333:p.(Asp29His)	PMID25839328;3N41-VS-3T41	Li et al. (originally published by Zhang et al.(2015))	ESCC
hg19	hg19.chr3:g.178936091G>A	hg19.chr3:g.178936091G>A	PIK3CA	14944:c.1633G>A	14944:p.(Glu545Lys)	PMID25839328;3N41-VS-3T41	Li et al. (originally published by Zhang et al.(2015))	ESCC
hg19	hg19.chr17:g.7579583A>T	hg19.chr17:g.7579583A>T	TP53	62651:c.149A>T	62651:p.(Leu50Ter)	PMID25839328;3N42-VS-3T42	Li et al. (originally published by Zhang et al.(2015))	ESCC
hg19	hg19.chr17:g.7577538C>T	hg19.chr17:g.7577538C>T	TP53	62635:c.743C>T	62635:p.(Arg248Gln)	PMID25839328;3N43-VS-3T43	Li et al. (originally published by Zhang et al.(2015))	ESCC
hg19	hg19.chr17:g.7577538C>T	hg19.chr17:g.7577538C>T	TP53	62635:c.743C>T	62635:p.(Arg248Gln)	PMID25839328;3N44-VS-3T44	Li et al. (originally published by Zhang et al.(2015))	ESCC
hg19	hg19.chr17:g.7579329T>C	hg19.chr17:g.7579329T>C	TP53	62651:c.403T>C	62651:p.(Lys135Glu)	PMID25839328;3N46-VS-3T46	Li et al. (originally published by Zhang et al.(2015))	ESCC
hg19	hg19.chr17:g.7577518T>A	hg19.chr17:g.7577518T>A	TP53	62635:c.763T>A	62635:p.(Ile255Phe)	PMID25839328;3N47-VS-3T47	Li et al. (originally published by Zhang et al.(2015))	ESCC
hg19	hg19.chr2:g.178095742T>A	hg19.chr2:g.178095742T>A	NFE2L2	12333:c.1589T>A	12333:p.(Asp530Val)	PMID25839328;3N47-VS-3T47	Li et al. (originally published by Zhang et al.(2015))	ESCC
hg19	hg19.chr17:g.7577106G>T	hg19.chr17:g.7577106G>T	TP53	62636:c.832G>T	62636:p.(Pro278Thr)	PMID25839328;3N48-VS-3T48	Li et al. (originally published by Zhang et al.(2015))	ESCC
hg19	hg19.chr3:g.178936091G>A	hg19.chr3:g.178936091G>A	PIK3CA	14944:c.1633G>A	14944:p.(Glu545Lys)	PMID25839328;3N48-VS-3T48	Li et al. (originally published by Zhang et al.(2015))	ESCC
hg19	hg19.chr3:g.178936091G>A	hg19.chr3:g.178936091G>A	PIK3CA	14944:c.1633G>A	14944:p.(Glu545Lys)	PMID25839328;3N50-VS-3T50	Li et al. (originally published by Zhang et al.(2015))	ESCC
hg19	hg19.chr17:g.7578419C>A	hg19.chr17:g.7578419C>A	TP53	62635:c.511C>A	62635:p.(Glu171Ter)	PMID25839328;3N52-VS-3T52	Li et al. (originally published by Zhang et al.(2015))	ESCC
hg19	hg19.chr4:g.153247366C>G	hg19.chr4:g.153247366C>G	FBXW7	20029:c.1436C>G	20029:p.(Arg479Pro)	PMID25839328;3N52-VS-3T52	Li et al. (originally published by Zhang et al.(2015))	ESCC
hg19	hg19.chr17:g.7578190T>C	hg19.chr17:g.7578190T>C	TP53	62635:c.659T>C	62635:p.(Tyr220Cys)	PMID25839328;3N53-VS-3T53	Li et al. (originally published by Zhang et al.(2015))	ESCC
hg19	hg19.chr17:g.7574003G>A	hg19.chr17:g.7574003G>A	TP53	62643:c.1024G>A	62643:p.(Arg342Ter)	PMID25839328;3N55-VS-3T55	Li et al. (originally published by Zhang et al.(2015))	ESCC
hg19	hg19.chr13:g.48934208T>A	hg19.chr13:g.48934208T>A	RB1	49601:c.663T>A	49601:p.(Cys221Ter)	PMID25839328;3N56-VS-3T56	Li et al. (originally published by Zhang et al.(2015))	ESCC
hg19	hg19.chr4:g.153259052C>A	hg19.chr4:g.153259052C>A	FBXW7	20029:c.763C>A	20029:p.(Glu255Ter)	PMID25839328;3N57-VS-3T57	Li et al. (originally published by Zhang et al.(2015))	ESCC
hg19	hg19.chr17:g.7578437G>A	hg19.chr17:g.7578437G>A	TP53	62635:c.493G>A	62635:p.(Gln165Ter)	PMID25839328;3N58-VS-3T58	Li et al. (originally published by Zhang et al.(2015))	ESCC
hg19	hg19.chr17:g.7577124C>A	hg19.chr17:g.7577124C>A	TP53	62636:c.814C>A	62636:p.(Val272Leu)	PMID25839328;3N59-VS-3T59	Li et al. (originally published by Zhang et al.(2015))	ESCC
hg19	hg19.chr17:g.7578212G>A	hg19.chr17:g.7578212G>A	TP53	62635:c.637G>A	62635:p.(Arg213Ter)	PMID25839328;3N59-VS-3T59	Li et al. (originally published by Zhang et al.(2015))	ESCC
hg19	hg19.chr3:g.178943810A>G	hg19.chr3:g.178943810A>G	PIK3CA	14944:c.2477A>G	14944:p.(Asn826Ser)	PMID25839328;3N59-VS-3T59	Li et al. (originally published by Zhang et al.(2015))	ESCC
hg19	hg19.chr17:g.7577120C>T	hg19.chr17:g.7577120C>T	TP53	62636:c.818C>T	62636:p.(Arg273His)	PMID25839328;3N60-VS-3T60	Li et al. (originally published by Zhang et al.(2015))	ESCC
hg19	hg19.chr17:g.7577124C>T	hg19.chr17:g.7577124C>T	TP53	62636:c.814C>T	62636:p.(Val272Met)	PMID25839328;3N62-VS-3T62	Li et al. (originally published by Zhang et al.(2015))	ESCC
hg19	hg19.chr17:g.7579389G>A	hg19.chr17:g.7579389G>A	TP53	62651:c.343G>A	62651:p.(Gln115Ter)	PMID25839328;3N63-VS-3T63	Li et al. (originally published by Zhang et al.(2015))	ESCC
hg19	hg19.chr17:g.7572989C>A	hg19.chr17:g.7572989C>A	TP53	62643:c.1120C>A	62643:p.(Gly374Cys)	PMID25839328;1N26-VS-1T26	Li et al. (originally published by Zhang et al.(2015))	ESCC
hg19	hg19.chr17:g.7578206T>C	hg19.chr17:g.7578206T>C	TP53	62635:c.643T>C	62635:p.(Ser215Gly)	PMID25839328;1N43-VS-1T43	Li et al. (originally published by Zhang et al.(2015))	ESCC
hg19	hg19.chr17:g.7574003G>A	hg19.chr17:g.7574003G>A	TP53	62643:c.1024G>A	62643:p.(Arg342Ter)	PMID25839328;1N43-VS-1T43	Li et al. (originally published by Zhang et al.(2015))	ESCC
hg19	hg19.chr17:g.7579355A>T	hg19.chr17:g.7579355A>T	TP53	62651:c.377A>T	62651:p.(Leu126Gln)	PMID25839328;3N41-VS-3T41	Li et al. (originally published by Zhang et al.(2015))	ESCC
hg19	hg19.chr17:g.7574003G>A	hg19.chr17:g.7574003G>A	TP53	62643:c.1024G>A	62643:p.(Arg342Ter)	PMID25839328;1N61-VS-1T61	Li et al. (originally published by Zhang et al.(2015))	ESCC
hg19	hg19.chr17:g.7578403C>A	hg19.chr17:g.7578403C>A	TP53	62635:c.527C>A	62635:p.(Cys176Phe)	PMID25839328;3N54-VS-3T54	Li et al. (originally published by Zhang et al.(2015))	ESCC
hg19	hg19.chr17:g.7577022G>A	hg19.chr17:g.7577022G>A	TP53	62636:c.916G>A	62636:p.(Arg306Ter)	PMID25839328;3N56-VS-3T56	Li et al. (originally published by Zhang et al.(2015))	ESCC
hg19	hg19.chr17:g.7578212G>A	hg19.chr17:g.7578212G>A	TP53	62635:c.637G>A	62635:p.(Arg213Ter)	PMID25839328;1N62-VS-1T62	Li et al. (originally published by Zhang et al.(2015))	ESCC
hg19	hg19.chr3:g.178916854G>A	hg19.chr3:g.178916854G>A	PIK3CA	14944:c.241G>A	14944:p.(Glu81Lys)	PMID25839328;1N32-VS-1T32	Li et al. (originally published by Zhang et al.(2015))	ESCC
hg19	hg19.chr3:g.178921553T>A	hg19.chr3:g.178921553T>A	PIK3CA	14944:c.1035T>A	14944:p.(Asn345Lys)	PMID25839328;3N42-VS-3T42	Li et al. (originally published by Zhang et al.(2015))	ESCC
hg19	hg19.chr9:g.139399393G>A	hg19.chr9:g.139399393G>A	NOTCH1	37446:c.4750G>A	37446:p.(Gln1584Ter)	PMID25839328;1N32-VS-1T32	Li et al. (originally published by Zhang et al.(2015))	ESCC
hg19	hg19.chr9:g.139417459G>T	hg19.chr9:g.139417459G>T	NOTCH1	37446:c.585G>T	37446:p.(Cys195Ter)	PMID25839328;1N39-VS-1T39	Li et al. (originally published by Zhang et al.(2015))	ESCC
hg19	hg19.chr9:g.139413072A>G	hg19.chr9:g.139413072A>G	NOTCH1	37446:c.1070A>G	37446:p.(Phe357Ser)	PMID25839328;3N53-VS-3T53	Li et al. (originally published by Zhang et al.(2015))	ESCC
hg19	hg19.chr9:g.139399518T>A	hg19.chr9:g.139399518T>A	NOTCH1	37446:c.4625T>A	37446:p.(Asp1542Val)	PMID25839328;1N62-VS-1T62	Li et al. (originally published by Zhang et al.(2015))	ESCC
hg19	hg19.chr17:g.7578217G>A	hg19.chr17:g.7578217G>A	TP53	62635:c.632G>A	62635:p.(Thr211Ile)	PMID26873401;ESCC_1	Li et al. (originally published by Sawada et al.(2016))	ESCC
hg19	hg19.chr17:g.7577124C>T	hg19.chr17:g.7577124C>T	TP53	62636:c.814C>T	62636:p.(Val272Met)	PMID26873401;ESCC_5	Li et al. (originally published by Sawada et al.(2016))	ESCC
hg19	hg19.chr17:g.7577094G>A	hg19.chr17:g.7577094G>A	TP53	62636:c.844G>A	62636:p.(Arg282Trp)	PMID26873401;ESCC_6	Li et al. (originally published by Sawada et al.(2016))	ESCC
hg19	hg19.chr3:g.178941904A>G	hg19.chr3:g.178941904A>G	PIK3CA	14944:c.2223A>G	14944:p.(Arg741Arg)	PMID26873401;ESCC_6	Li et al. (originally published by Sawada et al.(2016))	ESCC
hg19	hg19.chr4:g.153332841C>A	hg19.chr4:g.153332841C>A	FBXW7	20029:c.115C>A	20029:p.(Glu39Ter)	PMID26873401;ESCC_6	Li et al. (originally published by Sawada et al.(2016))	ESCC
hg19	hg19.chr17:g.7578208T>C	hg19.chr17:g.7578208T>C	TP53	62635:c.641T>C	62635:p.(His214Arg)	PMID26873401;ESCC_8	Li et al. (originally published by Sawada et al.(2016))	ESCC
hg19	hg19.chr17:g.7578526C>A	hg19.chr17:g.7578526C>A	TP53	62635:c.404C>A	62635:p.(Cys135Phe)	PMID26873401;ESCC_8	Li et al. (originally published by Sawada et al.(2016))	ESCC
hg19	hg19.chr17:g.7577548C>G	hg19.chr17:g.7577548C>G	TP53	62635:c.733C>G	62635:p.(Gly245Arg)	PMID26873401;ESCC_9	Li et al. (originally published by Sawada et al.(2016))	ESCC
hg19	hg19.chr17:g.7577581A>G	hg19.chr17:g.7577581A>G	TP53	62635:c.700A>G	62635:p.(Tyr234His)	PMID26873401;ESCC_10	Li et al. (originally published by Sawada et al.(2016))	ESCC
hg19	hg19.chr3:g.178936091G>A	hg19.chr3:g.178936091G>A	PIK3CA	14944:c.1633G>A	14944:p.(Glu545Lys)	PMID26873401;ESCC_10	Li et al. (originally published by Sawada et al.(2016))	ESCC
hg19	hg19.chr4:g.187584747G>A	hg19.chr4:g.187584747G>A	FAT1	20264:c.3286G>A	20264:p.(Arg1096Ter)	PMID26873401;ESCC_10	Li et al. (originally published by Sawada et al.(2016))	ESCC
hg19	hg19.chr17:g.7577118C>G	hg19.chr17:g.7577118C>G	TP53	62636:c.820C>G	62636:p.(Val274Leu)	PMID26873401;ESCC_11	Li et al. (originally published by Sawada et al.(2016))	ESCC
hg19	hg19.chr17:g.7578475G>T	hg19.chr17:g.7578475G>T	TP53	62635:c.455G>T	62635:p.(Pro152Gln)	PMID26873401;ESCC_11	Li et al. (originally published by Sawada et al.(2016))	ESCC
hg19	hg19.chr2:g.178098936A>G	hg19.chr2:g.178098936A>G	NFE2L2	12333:c.109A>G	12333:p.(Phe37Leu)	PMID26873401;ESCC_11	Li et al. (originally published by Sawada et al.(2016))	ESCC
hg19	hg19.chr3:g.178947852C>G	hg19.chr3:g.178947852C>G	PIK3CA	14944:c.2727C>G	14944:p.(Phe909Leu)	PMID26873401;ESCC_11	Li et al. (originally published by Sawada et al.(2016))	ESCC
hg19	hg19.chr4:g.153247367G>C	hg19.chr4:g.153247367G>C	FBXW7	20029:c.1435G>C	20029:p.(Arg479Gly)	PMID26873401;ESCC_11	Li et al. (originally published by Sawada et al.(2016))	ESCC
hg19	hg19.chr9:g.139413214C>T	hg19.chr9:g.139413214C>T	NOTCH1	37446:c.928C>T	37446:p.(Gly310Arg)	PMID26873401;ESCC_11	Li et al. (originally published by Sawada et al.(2016))	ESCC
hg19	hg19.chr17:g.7577046C>A	hg19.chr17:g.7577046C>A	TP53	62636:c.892C>A	62636:p.(Glu298Ter)	PMID26873401;ESCC_12	Li et al. (originally published by Sawada et al.(2016))	ESCC
hg19	hg19.chr2:g.178097261G>C	hg19.chr2:g.178097261G>C	NFE2L2	12333:c.453G>C	12333:p.(Ile151Met)	PMID26873401;ESCC_12	Li et al. (originally published by Sawada et al.(2016))	ESCC
hg19	hg19.chr17:g.7578526C>A	hg19.chr17:g.7578526C>A	TP53	62635:c.404C>A	62635:p.(Cys135Phe)	PMID26873401;ESCC_13	Li et al. (originally published by Sawada et al.(2016))	ESCC
hg19	hg19.chr3:g.178936082G>A	hg19.chr3:g.178936082G>A	PIK3CA	14944:c.1624G>A	14944:p.(Glu542Lys)	PMID26873401;ESCC_13	Li et al. (originally published by Sawada et al.(2016))	ESCC
hg19	hg19.chr17:g.7577094G>A	hg19.chr17:g.7577094G>A	TP53	62636:c.844G>A	62636:p.(Arg282Trp)	PMID26873401;ESCC_14	Li et al. (originally published by Sawada et al.(2016))	ESCC
hg19	hg19.chr17:g.7579358C>G	hg19.chr17:g.7579358C>G	TP53	62651:c.374C>G	62651:p.(Arg125Pro)	PMID26873401;ESCC_17	Li et al. (originally published by Sawada et al.(2016))	ESCC
hg19	hg19.chr17:g.7578190T>G	hg19.chr17:g.7578190T>G	TP53	62635:c.659T>G	62635:p.(Tyr220Ser)	PMID26873401;ESCC_18	Li et al. (originally published by Sawada et al.(2016))	ESCC
hg19	hg19.chr17:g.7578394T>C	hg19.chr17:g.7578394T>C	TP53	62635:c.536T>C	62635:p.(His179Arg)	PMID26873401;ESCC_21	Li et al. (originally published by Sawada et al.(2016))	ESCC
hg19	hg19.chr17:g.7578235T>C	hg19.chr17:g.7578235T>C	TP53	62635:c.614T>C	62635:p.(Tyr205Cys)	PMID26873401;ESCC_22	Li et al. (originally published by Sawada et al.(2016))	ESCC
hg19	hg19.chr17:g.7578371C>T	hg19.chr17:g.7578371C>T	TP53	62635:c.559C>T	62635:p.(Gly187Ser)	PMID26873401;ESCC_22	Li et al. (originally published by Sawada et al.(2016))	ESCC
hg19	hg19.chr17:g.7578406C>T	hg19.chr17:g.7578406C>T	TP53	62635:c.524C>T	62635:p.(Arg175His)	PMID26873401;ESCC_24	Li et al. (originally published by Sawada et al.(2016))	ESCC
hg19	hg19.chr17:g.7579358C>A	hg19.chr17:g.7579358C>A	TP53	62651:c.374C>A	62651:p.(Arg125Leu)	PMID26873401;ESCC_25	Li et al. (originally published by Sawada et al.(2016))	ESCC
hg19	hg19.chr17:g.7579389G>A	hg19.chr17:g.7579389G>A	TP53	62651:c.343G>A	62651:p.(Gln115Ter)	PMID26873401;ESCC_26	Li et al. (originally published by Sawada et al.(2016))	ESCC
hg19	hg19.chr2:g.178098920C>T	hg19.chr2:g.178098920C>T	NFE2L2	12333:c.125C>T	12333:p.(Arg42Gln)	PMID26873401;ESCC_27	Li et al. (originally published by Sawada et al.(2016))	ESCC
hg19	hg19.chr2:g.178098962A>G	hg19.chr2:g.178098962A>G	NFE2L2	12333:c.83A>G	12333:p.(Ile28Thr)	PMID26873401;ESCC_27	Li et al. (originally published by Sawada et al.(2016))	ESCC
hg19	hg19.chr3:g.178936082G>A	hg19.chr3:g.178936082G>A	PIK3CA	14944:c.1624G>A	14944:p.(Glu542Lys)	PMID26873401;ESCC_27	Li et al. (originally published by Sawada et al.(2016))	ESCC
hg19	hg19.chr9:g.139412359C>T	hg19.chr9:g.139412359C>T	NOTCH1	37446:c.1286C>T	37446:p.(Cys429Tyr)	PMID26873401;ESCC_27	Li et al. (originally published by Sawada et al.(2016))	ESCC
hg19	hg19.chr17:g.7578508C>T	hg19.chr17:g.7578508C>T	TP53	62635:c.422C>T	62635:p.(Cys141Tyr)	PMID26873401;ESCC_28	Li et al. (originally published by Sawada et al.(2016))	ESCC
hg19	hg19.chr2:g.178098804C>G	hg19.chr2:g.178098804C>G	NFE2L2	12333:c.241C>G	12333:p.(Gly81Arg)	PMID26873401;ESCC_28	Li et al. (originally published by Sawada et al.(2016))	ESCC
hg19	hg19.chr17:g.7578448G>T	hg19.chr17:g.7578448G>T	TP53	62635:c.482G>T	62635:p.(Ala161Asp)	PMID26873401;ESCC_29	Li et al. (originally published by Sawada et al.(2016))	ESCC
hg19	hg19.chr2:g.178098816C>A	hg19.chr2:g.178098816C>A	NFE2L2	12333:c.229C>A	12333:p.(Asp77Tyr)	PMID26873401;ESCC_29	Li et al. (originally published by Sawada et al.(2016))	ESCC
hg19	hg19.chr17:g.7577114C>A	hg19.chr17:g.7577114C>A	TP53	62636:c.824C>A	62636:p.(Cys275Phe)	PMID26873401;ESCC_31	Li et al. (originally published by Sawada et al.(2016))	ESCC
hg19	hg19.chr17:g.7578190T>C	hg19.chr17:g.7578190T>C	TP53	62635:c.659T>C	62635:p.(Tyr220Cys)	PMID26873401;ESCC_31	Li et al. (originally published by Sawada et al.(2016))	ESCC
hg19	hg19.chr17:g.7577539G>A	hg19.chr17:g.7577539G>A	TP53	62635:c.742G>A	62635:p.(Arg248Trp)	PMID26873401;ESCC_32	Li et al. (originally published by Sawada et al.(2016))	ESCC
hg19	hg19.chr9:g.139412326C>G	hg19.chr9:g.139412326C>G	NOTCH1	37446:c.1319C>G	37446:p.(Cys440Ser)	PMID26873401;ESCC_32	Li et al. (originally published by Sawada et al.(2016))	ESCC
hg19	hg19.chr17:g.7578235T>C	hg19.chr17:g.7578235T>C	TP53	62635:c.614T>C	62635:p.(Tyr205Cys)	PMID26873401;ESCC_33	Li et al. (originally published by Sawada et al.(2016))	ESCC
hg19	hg19.chr9:g.139396316C>T	hg19.chr9:g.139396316C>T	NOTCH1	37446:c.5522C>T	37446:p.(Arg1841Gln)	PMID26873401;ESCC_33	Li et al. (originally published by Sawada et al.(2016))	ESCC
hg19	hg19.chr17:g.7578234A>C	hg19.chr17:g.7578234A>C	TP53	62635:c.615A>C	62635:p.(Tyr205Ter)	PMID26873401;ESCC_34	Li et al. (originally published by Sawada et al.(2016))	ESCC
hg19	hg19.chr17:g.7578448G>T	hg19.chr17:g.7578448G>T	TP53	62635:c.482G>T	62635:p.(Ala161Asp)	PMID26873401;ESCC_35	Li et al. (originally published by Sawada et al.(2016))	ESCC
hg19	hg19.chr17:g.7578239C>A	hg19.chr17:g.7578239C>A	TP53	62635:c.610C>A	62635:p.(Glu204Ter)	PMID26873401;ESCC_36	Li et al. (originally published by Sawada et al.(2016))	ESCC
hg19	hg19.chr2:g.178098809T>C	hg19.chr2:g.178098809T>C	NFE2L2	12333:c.236T>C	12333:p.(Glu79Gly)	PMID26873401;ESCC_36	Li et al. (originally published by Sawada et al.(2016))	ESCC
hg19	hg19.chr4:g.187540887G>A	hg19.chr4:g.187540887G>A	FAT1	20264:c.6853G>A	20264:p.(Gln2285Ter)	PMID26873401;ESCC_36	Li et al. (originally published by Sawada et al.(2016))	ESCC
hg19	hg19.chr9:g.139412676T>C	hg19.chr9:g.139412676T>C	NOTCH1	37446:c.1168T>C	37446:p.(Asn390Asp)	PMID26873401;ESCC_36	Li et al. (originally published by Sawada et al.(2016))	ESCC
hg19	hg19.chr9:g.139412366C>A	hg19.chr9:g.139412366C>A	NOTCH1	37446:c.1279C>A	37446:p.(Gly427Cys)	PMID26873401;ESCC_37	Li et al. (originally published by Sawada et al.(2016))	ESCC
hg19	hg19.chr9:g.139412589C>A	hg19.chr9:g.139412589C>A	NOTCH1	37446:c.1255C>A	37446:p.(Gly419Cys)	PMID26873401;ESCC_37	Li et al. (originally published by Sawada et al.(2016))	ESCC
hg19	hg19.chr17:g.7577099C>G	hg19.chr17:g.7577099C>G	TP53	62636:c.839C>G	62636:p.(Arg280Thr)	PMID26873401;ESCC_38	Li et al. (originally published by Sawada et al.(2016))	ESCC
hg19	hg19.chr17:g.7578524G>A	hg19.chr17:g.7578524G>A	TP53	62635:c.406G>A	62635:p.(Gln136Ter)	PMID26873401;ESCC_38	Li et al. (originally published by Sawada et al.(2016))	ESCC
hg19	hg19.chr4:g.153245411G>A	hg19.chr4:g.153245411G>A	FBXW7	20029:c.1780G>A	20029:p.(Leu594Phe)	PMID26873401;ESCC_38	Li et al. (originally published by Sawada et al.(2016))	ESCC
hg19	hg19.chr9:g.139395012C>A	hg19.chr9:g.139395012C>A	NOTCH1	37446:c.5926C>A	37446:p.(Val1976Phe)	PMID26873401;ESCC_39	Li et al. (originally published by Sawada et al.(2016))	ESCC
hg19	hg19.chr17:g.7577544A>G	hg19.chr17:g.7577544A>G	TP53	62635:c.737A>G	62635:p.(Met246Thr)	PMID26873401;ESCC_40	Li et al. (originally published by Sawada et al.(2016))	ESCC
hg19	hg19.chr13:g.48955422C>G	hg19.chr13:g.48955422C>G	RB1	49601:c.1538C>G	49601:p.(Ser513Cys)	PMID26873401;ESCC_42	Li et al. (originally published by Sawada et al.(2016))	ESCC
hg19	hg19.chr17:g.7578403C>T	hg19.chr17:g.7578403C>T	TP53	62635:c.527C>T	62635:p.(Cys176Tyr)	PMID26873401;ESCC_42	Li et al. (originally published by Sawada et al.(2016))	ESCC
hg19	hg19.chr17:g.7577124C>T	hg19.chr17:g.7577124C>T	TP53	62636:c.814C>T	62636:p.(Val272Met)	PMID26873401;ESCC_43	Li et al. (originally published by Sawada et al.(2016))	ESCC
hg19	hg19.chr17:g.7578190T>C	hg19.chr17:g.7578190T>C	TP53	62635:c.659T>C	62635:p.(Tyr220Cys)	PMID26873401;ESCC_43	Li et al. (originally published by Sawada et al.(2016))	ESCC
hg19	hg19.chr17:g.7578212G>A	hg19.chr17:g.7578212G>A	TP53	62635:c.637G>A	62635:p.(Arg213Ter)	PMID26873401;ESCC_44	Li et al. (originally published by Sawada et al.(2016))	ESCC
hg19	hg19.chr17:g.7577058C>A	hg19.chr17:g.7577058C>A	TP53	62636:c.880C>A	62636:p.(Glu294Ter)	PMID26873401;ESCC_45	Li et al. (originally published by Sawada et al.(2016))	ESCC
hg19	hg19.chr9:g.139412278C>T	hg19.chr9:g.139412278C>T	NOTCH1	37446:c.1367C>T	37446:p.(Cys456Tyr)	PMID26873401;ESCC_45	Li et al. (originally published by Sawada et al.(2016))	ESCC
hg19	hg19.chr2:g.178098956A>T	hg19.chr2:g.178098956A>T	NFE2L2	12333:c.89A>T	12333:p.(Leu30His)	PMID26873401;ESCC_47	Li et al. (originally published by Sawada et al.(2016))	ESCC
hg19	hg19.chr17:g.7578403C>T	hg19.chr17:g.7578403C>T	TP53	62635:c.527C>T	62635:p.(Cys176Tyr)	PMID26873401;ESCC_50	Li et al. (originally published by Sawada et al.(2016))	ESCC
hg19	hg19.chr17:g.7579358C>A	hg19.chr17:g.7579358C>A	TP53	62651:c.374C>A	62651:p.(Arg125Leu)	PMID26873401;ESCC_51	Li et al. (originally published by Sawada et al.(2016))	ESCC
hg19	hg19.chr17:g.7578406C>T	hg19.chr17:g.7578406C>T	TP53	62635:c.524C>T	62635:p.(Arg175His)	PMID26873401;ESCC_52	Li et al. (originally published by Sawada et al.(2016))	ESCC
hg19	hg19.chr2:g.178098959T>C	hg19.chr2:g.178098959T>C	NFE2L2	12333:c.86T>C	12333:p.(Asp29Gly)	PMID26873401;ESCC_52	Li et al. (originally published by Sawada et al.(2016))	ESCC
hg19	hg19.chr4:g.187549883C>A	hg19.chr4:g.187549883C>A	FAT1	20264:c.4358C>A	20264:p.(Arg1453Leu)	PMID26873401;ESCC_52	Li et al. (originally published by Sawada et al.(2016))	ESCC
hg19	hg19.chr17:g.7577570C>T	hg19.chr17:g.7577570C>T	TP53	62635:c.711C>T	62635:p.(Met237Ile)	PMID26873401;ESCC_53	Li et al. (originally published by Sawada et al.(2016))	ESCC
hg19	hg19.chr13:g.48951168C>T	hg19.chr13:g.48951168C>T	RB1	49601:c.1330C>T	49601:p.(Gln444Ter)	PMID26873401;ESCC_54	Li et al. (originally published by Sawada et al.(2016))	ESCC
hg19	hg19.chr17:g.7577022G>A	hg19.chr17:g.7577022G>A	TP53	62636:c.916G>A	62636:p.(Arg306Ter)	PMID26873401;ESCC_54	Li et al. (originally published by Sawada et al.(2016))	ESCC
hg19	hg19.chr9:g.139395299T>A	hg19.chr9:g.139395299T>A	NOTCH1	37446:c.5639T>A	37446:p.(Asp1880Val)	PMID26873401;ESCC_54	Li et al. (originally published by Sawada et al.(2016))	ESCC
hg19	hg19.chr3:g.178942585G>A	hg19.chr3:g.178942585G>A	PIK3CA	14944:c.2392G>A	14944:p.(Glu798Lys)	PMID26873401;ESCC_55	Li et al. (originally published by Sawada et al.(2016))	ESCC
hg19	hg19.chr17:g.7576853C>G	hg19.chr17:g.7576853C>G	TP53	62636:c.993C>G	62636:p.(Gln331His)	PMID26873401;ESCC_57	Li et al. (originally published by Sawada et al.(2016))	ESCC
hg19	hg19.chr2:g.178098816C>G	hg19.chr2:g.178098816C>G	NFE2L2	12333:c.229C>G	12333:p.(Asp77His)	PMID26873401;ESCC_57	Li et al. (originally published by Sawada et al.(2016))	ESCC
hg19	hg19.chr4:g.187542283A>G	hg19.chr4:g.187542283A>G	FAT1	20264:c.5457A>G	20264:p.(Tyr1819Tyr)	PMID26873401;ESCC_57	Li et al. (originally published by Sawada et al.(2016))	ESCC
hg19	hg19.chr4:g.187542410G>T	hg19.chr4:g.187542410G>T	FAT1	20264:c.5330G>T	20264:p.(Ser1777Ter)	PMID26873401;ESCC_57	Li et al. (originally published by Sawada et al.(2016))	ESCC
hg19	hg19.chr17:g.7577574T>C	hg19.chr17:g.7577574T>C	TP53	62635:c.707T>C	62635:p.(Tyr236Cys)	PMID26873401;ESCC_58	Li et al. (originally published by Sawada et al.(2016))	ESCC
hg19	hg19.chr17:g.7578208T>A	hg19.chr17:g.7578208T>A	TP53	62635:c.641T>A	62635:p.(His214Leu)	PMID26873401;ESCC_58	Li et al. (originally published by Sawada et al.(2016))	ESCC
hg19	hg19.chr2:g.178098959T>C	hg19.chr2:g.178098959T>C	NFE2L2	12333:c.86T>C	12333:p.(Asp29Gly)	PMID26873401;ESCC_58	Li et al. (originally published by Sawada et al.(2016))	ESCC
hg19	hg19.chr17:g.7578406C>T	hg19.chr17:g.7578406C>T	TP53	62635:c.524C>T	62635:p.(Arg175His)	PMID26873401;ESCC_60	Li et al. (originally published by Sawada et al.(2016))	ESCC
hg19	hg19.chr3:g.178952085A>G	hg19.chr3:g.178952085A>G	PIK3CA	14944:c.3140A>G	14944:p.(His1047Arg)	PMID26873401;ESCC_60	Li et al. (originally published by Sawada et al.(2016))	ESCC
hg19	hg19.chr17:g.7578235T>C	hg19.chr17:g.7578235T>C	TP53	62635:c.614T>C	62635:p.(Tyr205Cys)	PMID26873401;ESCC_61	Li et al. (originally published by Sawada et al.(2016))	ESCC
hg19	hg19.chr17:g.7577109A>C	hg19.chr17:g.7577109A>C	TP53	62636:c.829A>C	62636:p.(Cys277Gly)	PMID26873401;ESCC_62	Li et al. (originally published by Sawada et al.(2016))	ESCC
hg19	hg19.chr17:g.7578266T>A	hg19.chr17:g.7578266T>A	TP53	62635:c.583T>A	62635:p.(Ile195Phe)	PMID26873401;ESCC_63	Li et al. (originally published by Sawada et al.(2016))	ESCC
hg19	hg19.chr17:g.7577098T>A	hg19.chr17:g.7577098T>A	TP53	62636:c.840T>A	62636:p.(Arg280Ser)	PMID26873401;ESCC_65	Li et al. (originally published by Sawada et al.(2016))	ESCC
hg19	hg19.chr17:g.7577094G>A	hg19.chr17:g.7577094G>A	TP53	62636:c.844G>A	62636:p.(Arg282Trp)	PMID26873401;ESCC_66	Li et al. (originally published by Sawada et al.(2016))	ESCC
hg19	hg19.chr9:g.139411829C>G	hg19.chr9:g.139411829C>G	NOTCH1	37446:c.1450C>G	37446:p.(Gly484Arg)	PMID26873401;ESCC_66	Li et al. (originally published by Sawada et al.(2016))	ESCC
hg19	hg19.chr17:g.7577509C>T	hg19.chr17:g.7577509C>T	TP53	62635:c.772C>T	62635:p.(Glu258Lys)	PMID26873401;ESCC_68	Li et al. (originally published by Sawada et al.(2016))	ESCC
hg19	hg19.chr17:g.7578551A>T	hg19.chr17:g.7578551A>T	TP53	62635:c.379A>T	62635:p.(Ser127Thr)	PMID26873401;ESCC_68	Li et al. (originally published by Sawada et al.(2016))	ESCC
hg19	hg19.chr17:g.7578395G>C	hg19.chr17:g.7578395G>C	TP53	62635:c.535G>C	62635:p.(His179Asp)	PMID26873401;ESCC_72	Li et al. (originally published by Sawada et al.(2016))	ESCC
hg19	hg19.chr17:g.7577098T>A	hg19.chr17:g.7577098T>A	TP53	62636:c.840T>A	62636:p.(Arg280Ser)	PMID26873401;ESCC_73	Li et al. (originally published by Sawada et al.(2016))	ESCC
hg19	hg19.chr17:g.7578190T>C	hg19.chr17:g.7578190T>C	TP53	62635:c.659T>C	62635:p.(Tyr220Cys)	PMID26873401;ESCC_73	Li et al. (originally published by Sawada et al.(2016))	ESCC
hg19	hg19.chr4:g.153249390G>C	hg19.chr4:g.153249390G>C	FBXW7	20029:c.1388G>C	20029:p.(Thr463Ser)	PMID26873401;ESCC_73	Li et al. (originally published by Sawada et al.(2016))	ESCC
hg19	hg19.chr3:g.178921553T>A	hg19.chr3:g.178921553T>A	PIK3CA	14944:c.1035T>A	14944:p.(Asn345Lys)	PMID26873401;ESCC_74	Li et al. (originally published by Sawada et al.(2016))	ESCC
hg19	hg19.chr4:g.187541358G>A	hg19.chr4:g.187541358G>A	FAT1	20264:c.6382G>A	20264:p.(Gln2128Ter)	PMID26873401;ESCC_74	Li et al. (originally published by Sawada et al.(2016))	ESCC
hg19	hg19.chr9:g.139400150G>A	hg19.chr9:g.139400150G>A	NOTCH1	37446:c.4198G>A	37446:p.(Gln1400Ter)	PMID26873401;ESCC_74	Li et al. (originally published by Sawada et al.(2016))	ESCC
hg19	hg19.chr17:g.7578263G>A	hg19.chr17:g.7578263G>A	TP53	62635:c.586G>A	62635:p.(Arg196Ter)	PMID26873401;ESCC_75	Li et al. (originally published by Sawada et al.(2016))	ESCC
hg19	hg19.chr4:g.187549662G>A	hg19.chr4:g.187549662G>A	FAT1	20264:c.4579G>A	20264:p.(Gln1527Ter)	PMID26873401;ESCC_76	Li et al. (originally published by Sawada et al.(2016))	ESCC
hg19	hg19.chr9:g.139407533G>A	hg19.chr9:g.139407533G>A	NOTCH1	37446:c.2407G>A	37446:p.(Gln803Ter)	PMID26873401;ESCC_76	Li et al. (originally published by Sawada et al.(2016))	ESCC
hg19	hg19.chr2:g.178098966C>A	hg19.chr2:g.178098966C>A	NFE2L2	12333:c.79C>A	12333:p.(Asp27Tyr)	PMID26873401;ESCC_77	Li et al. (originally published by Sawada et al.(2016))	ESCC
hg19	hg19.chr17:g.7578190T>C	hg19.chr17:g.7578190T>C	TP53	62635:c.659T>C	62635:p.(Tyr220Cys)	PMID26873401;ESCC_79	Li et al. (originally published by Sawada et al.(2016))	ESCC
hg19	hg19.chr17:g.7578263G>C	hg19.chr17:g.7578263G>C	TP53	62635:c.586G>C	62635:p.(Arg196Gly)	PMID26873401;ESCC_79	Li et al. (originally published by Sawada et al.(2016))	ESCC
hg19	hg19.chr4:g.187628358C>A	hg19.chr4:g.187628358C>A	FAT1	20264:c.2624C>A	20264:p.(Gly875Val)	PMID26873401;ESCC_79	Li et al. (originally published by Sawada et al.(2016))	ESCC
hg19	hg19.chr9:g.139404312C>A	hg19.chr9:g.139404312C>A	NOTCH1	37446:c.2842C>A	37446:p.(Glu948Ter)	PMID26873401;ESCC_79	Li et al. (originally published by Sawada et al.(2016))	ESCC
hg19	hg19.chr17:g.7578212G>A	hg19.chr17:g.7578212G>A	TP53	62635:c.637G>A	62635:p.(Arg213Ter)	PMID26873401;ESCC_80	Li et al. (originally published by Sawada et al.(2016))	ESCC
hg19	hg19.chr17:g.7577081T>A	hg19.chr17:g.7577081T>A	TP53	62636:c.857T>A	62636:p.(Glu286Val)	PMID26873401;ESCC_81	Li et al. (originally published by Sawada et al.(2016))	ESCC
hg19	hg19.chr17:g.7577545T>C	hg19.chr17:g.7577545T>C	TP53	62635:c.736T>C	62635:p.(Met246Val)	PMID26873401;ESCC_82	Li et al. (originally published by Sawada et al.(2016))	ESCC
hg19	hg19.chr17:g.7577138C>A	hg19.chr17:g.7577138C>A	TP53	62636:c.800C>A	62636:p.(Arg267Leu)	PMID26873401;ESCC_83	Li et al. (originally published by Sawada et al.(2016))	ESCC
hg19	hg19.chr17:g.7577153C>A	hg19.chr17:g.7577153C>A	TP53	62636:c.785C>A	62636:p.(Gly262Val)	PMID26873401;ESCC_83	Li et al. (originally published by Sawada et al.(2016))	ESCC
hg19	hg19.chr2:g.178096212G>A	hg19.chr2:g.178096212G>A	NFE2L2	12333:c.1119G>A	12333:p.(Leu373Leu)	PMID26873401;ESCC_83	Li et al. (originally published by Sawada et al.(2016))	ESCC
hg19	hg19.chr2:g.178096555G>A	hg19.chr2:g.178096555G>A	NFE2L2	12333:c.776G>A	12333:p.(Ser259Phe)	PMID26873401;ESCC_83	Li et al. (originally published by Sawada et al.(2016))	ESCC
hg19	hg19.chr13:g.48881457T>G	hg19.chr13:g.48881457T>G	RB1	49601:c.179T>G	49601:p.(Leu60Ter)	PMID26873401;ESCC_86	Li et al. (originally published by Sawada et al.(2016))	ESCC
hg19	hg19.chr17:g.7578431G>A	hg19.chr17:g.7578431G>A	TP53	62635:c.499G>A	62635:p.(Gln167Ter)	PMID26873401;ESCC_87	Li et al. (originally published by Sawada et al.(2016))	ESCC
hg19	hg19.chr17:g.7578394T>A	hg19.chr17:g.7578394T>A	TP53	62635:c.536T>A	62635:p.(His179Leu)	PMID26873401;ESCC_91	Li et al. (originally published by Sawada et al.(2016))	ESCC
hg19	hg19.chr17:g.7578394T>C	hg19.chr17:g.7578394T>C	TP53	62635:c.536T>C	62635:p.(His179Arg)	PMID26873401;ESCC_92	Li et al. (originally published by Sawada et al.(2016))	ESCC
hg19	hg19.chr4:g.187540580G>A	hg19.chr4:g.187540580G>A	FAT1	20264:c.7160G>A	20264:p.(Pro2387Leu)	PMID26873401;ESCC_92	Li et al. (originally published by Sawada et al.(2016))	ESCC
hg19	hg19.chr17:g.7577124C>T	hg19.chr17:g.7577124C>T	TP53	62636:c.814C>T	62636:p.(Val272Met)	PMID26873401;ESCC_93	Li et al. (originally published by Sawada et al.(2016))	ESCC
hg19	hg19.chr9:g.139391613C>G	hg19.chr9:g.139391613C>G	NOTCH1	37446:c.6578C>G	37446:p.(Ser2193Thr)	PMID26873401;ESCC_93	Li et al. (originally published by Sawada et al.(2016))	ESCC
hg19	hg19.chr17:g.7578413C>G	hg19.chr17:g.7578413C>G	TP53	62635:c.517C>G	62635:p.(Val173Leu)	PMID26873401;ESCC_95	Li et al. (originally published by Sawada et al.(2016))	ESCC
hg19	hg19.chr17:g.7578212G>A	hg19.chr17:g.7578212G>A	TP53	62635:c.637G>A	62635:p.(Arg213Ter)	PMID26873401;ESCC_96	Li et al. (originally published by Sawada et al.(2016))	ESCC
hg19	hg19.chr17:g.7578190T>C	hg19.chr17:g.7578190T>C	TP53	62635:c.659T>C	62635:p.(Tyr220Cys)	PMID26873401;ESCC_99	Li et al. (originally published by Sawada et al.(2016))	ESCC
hg19	hg19.chr17:g.7574003G>A	hg19.chr17:g.7574003G>A	TP53	62643:c.1024G>A	62643:p.(Arg342Ter)	PMID26873401;ESCC_100	Li et al. (originally published by Sawada et al.(2016))	ESCC
hg19	hg19.chr2:g.178098807T>C	hg19.chr2:g.178098807T>C	NFE2L2	12333:c.238T>C	12333:p.(Thr80Ala)	PMID26873401;ESCC_100	Li et al. (originally published by Sawada et al.(2016))	ESCC
hg19	hg19.chr17:g.7577124C>T	hg19.chr17:g.7577124C>T	TP53	62636:c.814C>T	62636:p.(Val272Met)	PMID26873401;ESCC_101	Li et al. (originally published by Sawada et al.(2016))	ESCC
hg19	hg19.chr17:g.7577094G>A	hg19.chr17:g.7577094G>A	TP53	62636:c.844G>A	62636:p.(Arg282Trp)	PMID26873401;ESCC_102	Li et al. (originally published by Sawada et al.(2016))	ESCC
hg19	hg19.chr2:g.178098957G>A	hg19.chr2:g.178098957G>A	NFE2L2	12333:c.88G>A	12333:p.(Leu30Phe)	PMID26873401;ESCC_102	Li et al. (originally published by Sawada et al.(2016))	ESCC
hg19	hg19.chr17:g.7577094G>A	hg19.chr17:g.7577094G>A	TP53	62636:c.844G>A	62636:p.(Arg282Trp)	PMID26873401;ESCC_103	Li et al. (originally published by Sawada et al.(2016))	ESCC
hg19	hg19.chr17:g.7578469C>A	hg19.chr17:g.7578469C>A	TP53	62635:c.461C>A	62635:p.(Gly154Val)	PMID26873401;ESCC_103	Li et al. (originally published by Sawada et al.(2016))	ESCC
hg19	hg19.chr2:g.178098959T>C	hg19.chr2:g.178098959T>C	NFE2L2	12333:c.86T>C	12333:p.(Asp29Gly)	PMID26873401;ESCC_103	Li et al. (originally published by Sawada et al.(2016))	ESCC
hg19	hg19.chr17:g.7578517G>A	hg19.chr17:g.7578517G>A	TP53	62635:c.413G>A	62635:p.(Ala138Val)	PMID26873401;ESCC_104	Li et al. (originally published by Sawada et al.(2016))	ESCC
hg19	hg19.chr13:g.49039214G>A	hg19.chr13:g.49039214G>A	RB1	49601:c.2292G>A	49601:p.(Leu764Leu)	PMID26873401;ESCC_107	Li et al. (originally published by Sawada et al.(2016))	ESCC
hg19	hg19.chr17:g.7577120C>T	hg19.chr17:g.7577120C>T	TP53	62636:c.818C>T	62636:p.(Arg273His)	PMID26873401;ESCC_107	Li et al. (originally published by Sawada et al.(2016))	ESCC
hg19	hg19.chr2:g.178098973C>G	hg19.chr2:g.178098973C>G	NFE2L2	12333:c.72C>G	12333:p.(Trp24Cys)	PMID26873401;ESCC_107	Li et al. (originally published by Sawada et al.(2016))	ESCC
hg19	hg19.chr4:g.187628138C>T	hg19.chr4:g.187628138C>T	FAT1	20264:c.2844C>T	20264:p.(Trp948Ter)	PMID26873401;ESCC_107	Li et al. (originally published by Sawada et al.(2016))	ESCC
hg19	hg19.chr9:g.139402803T>C	hg19.chr9:g.139402803T>C	NOTCH1	37446:c.3206T>C	37446:p.(Lys1069Arg)	PMID26873401;ESCC_108	Li et al. (originally published by Sawada et al.(2016))	ESCC
hg19	hg19.chr13:g.48939042T>C	hg19.chr13:g.48939042T>C	RB1	49601:c.874T>C	49601:p.(Tyr292His)	PMID26873401;ESCC_109	Li et al. (originally published by Sawada et al.(2016))	ESCC
hg19	hg19.chr17:g.7578271T>A	hg19.chr17:g.7578271T>A	TP53	62635:c.578T>A	62635:p.(His193Leu)	PMID26873401;ESCC_109	Li et al. (originally published by Sawada et al.(2016))	ESCC
hg19	hg19.chr2:g.178098975A>G	hg19.chr2:g.178098975A>G	NFE2L2	12333:c.70A>G	12333:p.(Trp24Arg)	PMID26873401;ESCC_110	Li et al. (originally published by Sawada et al.(2016))	ESCC
hg19	hg19.chr17:g.7577120C>T	hg19.chr17:g.7577120C>T	TP53	62636:c.818C>T	62636:p.(Arg273His)	PMID26873401;ESCC_111	Li et al. (originally published by Sawada et al.(2016))	ESCC
hg19	hg19.chr17:g.7578257C>A	hg19.chr17:g.7578257C>A	TP53	62635:c.592C>A	62635:p.(Glu198Ter)	PMID26873401;ESCC_113	Li et al. (originally published by Sawada et al.(2016))	ESCC
hg19	hg19.chr17:g.7578190T>C	hg19.chr17:g.7578190T>C	TP53	62635:c.659T>C	62635:p.(Tyr220Cys)	PMID26873401;ESCC_114	Li et al. (originally published by Sawada et al.(2016))	ESCC
hg19	hg19.chr17:g.7578271T>C	hg19.chr17:g.7578271T>C	TP53	62635:c.578T>C	62635:p.(His193Arg)	PMID26873401;ESCC_114	Li et al. (originally published by Sawada et al.(2016))	ESCC
hg19	hg19.chr17:g.7577094G>A	hg19.chr17:g.7577094G>A	TP53	62636:c.844G>A	62636:p.(Arg282Trp)	PMID26873401;ESCC_115	Li et al. (originally published by Sawada et al.(2016))	ESCC
hg19	hg19.chr4:g.187557215C>A	hg19.chr4:g.187557215C>A	FAT1	20264:c.4147C>A	20264:p.(Glu1383Ter)	PMID26873401;ESCC_115	Li et al. (originally published by Sawada et al.(2016))	ESCC
hg19	hg19.chr4:g.187521255G>C	hg19.chr4:g.187521255G>C	FAT1	20264:c.11900G>C	20264:p.(Pro3967Arg)	PMID26873401;ESCC_116	Li et al. (originally published by Sawada et al.(2016))	ESCC
hg19	hg19.chr4:g.187521451G>A	hg19.chr4:g.187521451G>A	FAT1	20264:c.11704G>A	20264:p.(Gln3902Ter)	PMID26873401;ESCC_116	Li et al. (originally published by Sawada et al.(2016))	ESCC
hg19	hg19.chr4:g.187521458G>A	hg19.chr4:g.187521458G>A	FAT1	20264:c.11697G>A	20264:p.(Val3899Val)	PMID26873401;ESCC_116	Li et al. (originally published by Sawada et al.(2016))	ESCC
hg19	hg19.chr4:g.187522459G>A	hg19.chr4:g.187522459G>A	FAT1	20264:c.11604G>A	20264:p.(Val3868Val)	PMID26873401;ESCC_116	Li et al. (originally published by Sawada et al.(2016))	ESCC
hg19	hg19.chr17:g.7578271T>A	hg19.chr17:g.7578271T>A	TP53	62635:c.578T>A	62635:p.(His193Leu)	PMID26873401;ESCC_118	Li et al. (originally published by Sawada et al.(2016))	ESCC
hg19	hg19.chr3:g.178936091G>A	hg19.chr3:g.178936091G>A	PIK3CA	14944:c.1633G>A	14944:p.(Glu545Lys)	PMID26873401;ESCC_118	Li et al. (originally published by Sawada et al.(2016))	ESCC
hg19	hg19.chr4:g.153244235G>C	hg19.chr4:g.153244235G>C	FBXW7	20029:c.1922G>C	20029:p.(Ser641Ter)	PMID26873401;ESCC_118	Li et al. (originally published by Sawada et al.(2016))	ESCC
hg19	hg19.chr4:g.153249503C>T	hg19.chr4:g.153249503C>T	FBXW7	20029:c.1275C>T	20029:p.(Trp425Ter)	PMID26873401;ESCC_118	Li et al. (originally published by Sawada et al.(2016))	ESCC
hg19	hg19.chr17:g.7578550G>A	hg19.chr17:g.7578550G>A	TP53	62635:c.380G>A	62635:p.(Ser127Phe)	PMID26873401;ESCC_120	Li et al. (originally published by Sawada et al.(2016))	ESCC
hg19	hg19.chr2:g.178098966C>A	hg19.chr2:g.178098966C>A	NFE2L2	12333:c.79C>A	12333:p.(Asp27Tyr)	PMID26873401;ESCC_120	Li et al. (originally published by Sawada et al.(2016))	ESCC
hg19	hg19.chr17:g.7578257C>A	hg19.chr17:g.7578257C>A	TP53	62635:c.592C>A	62635:p.(Glu198Ter)	PMID26873401;ESCC_121	Li et al. (originally published by Sawada et al.(2016))	ESCC
hg19	hg19.chr17:g.7578190T>C	hg19.chr17:g.7578190T>C	TP53	62635:c.659T>C	62635:p.(Tyr220Cys)	PMID26873401;ESCC_122	Li et al. (originally published by Sawada et al.(2016))	ESCC
hg19	hg19.chr9:g.139412689G>T	hg19.chr9:g.139412689G>T	NOTCH1	37446:c.1155G>T	37446:p.(Ser385Ser)	PMID26873401;ESCC_122	Li et al. (originally published by Sawada et al.(2016))	ESCC
hg19	hg19.chr3:g.178952085A>G	hg19.chr3:g.178952085A>G	PIK3CA	14944:c.3140A>G	14944:p.(His1047Arg)	PMID26873401;ESCC_123	Li et al. (originally published by Sawada et al.(2016))	ESCC
hg19	hg19.chr17:g.7578508C>T	hg19.chr17:g.7578508C>T	TP53	62635:c.422C>T	62635:p.(Cys141Tyr)	PMID26873401;ESCC_124	Li et al. (originally published by Sawada et al.(2016))	ESCC
hg19	hg19.chr4:g.153247289G>A	hg19.chr4:g.153247289G>A	FBXW7	20029:c.1513G>A	20029:p.(Arg505Cys)	PMID26873401;ESCC_124	Li et al. (originally published by Sawada et al.(2016))	ESCC
hg19	hg19.chr17:g.7578460A>C	hg19.chr17:g.7578460A>C	TP53	62635:c.470A>C	62635:p.(Val157Gly)	PMID26873401;ESCC_125	Li et al. (originally published by Sawada et al.(2016))	ESCC
hg19	hg19.chr17:g.7578552G>C	hg19.chr17:g.7578552G>C	TP53	62635:c.378G>C	62635:p.(Tyr126Ter)	PMID26873401;ESCC_126	Li et al. (originally published by Sawada et al.(2016))	ESCC
hg19	hg19.chr17:g.7578402G>T	hg19.chr17:g.7578402G>T	TP53	62635:c.528G>T	62635:p.(Cys176Ter)	PMID26873401;ESCC_127	Li et al. (originally published by Sawada et al.(2016))	ESCC
hg19	hg19.chr2:g.178098974C>G	hg19.chr2:g.178098974C>G	NFE2L2	12333:c.71C>G	12333:p.(Trp24Ser)	PMID26873401;ESCC_127	Li et al. (originally published by Sawada et al.(2016))	ESCC
hg19	hg19.chr17:g.7578271T>A	hg19.chr17:g.7578271T>A	TP53	62635:c.578T>A	62635:p.(His193Leu)	PMID26873401;ESCC_128	Li et al. (originally published by Sawada et al.(2016))	ESCC
hg19	hg19.chr17:g.7577082C>G	hg19.chr17:g.7577082C>G	TP53	62636:c.856C>G	62636:p.(Glu286Gln)	PMID26873401;ESCC_129	Li et al. (originally published by Sawada et al.(2016))	ESCC
hg19	hg19.chr17:g.7577541T>A	hg19.chr17:g.7577541T>A	TP53	62635:c.740T>A	62635:p.(Asn247Ile)	PMID26873401;ESCC_130	Li et al. (originally published by Sawada et al.(2016))	ESCC
hg19	hg19.chr2:g.178098962A>G	hg19.chr2:g.178098962A>G	NFE2L2	12333:c.83A>G	12333:p.(Ile28Thr)	PMID26873401;ESCC_130	Li et al. (originally published by Sawada et al.(2016))	ESCC
hg19	hg19.chr4:g.153268138G>A	hg19.chr4:g.153268138G>A	FBXW7	20029:c.670G>A	20029:p.(Arg224Ter)	PMID26873401;ESCC_130	Li et al. (originally published by Sawada et al.(2016))	ESCC
hg19	hg19.chr9:g.139413214C>T	hg19.chr9:g.139413214C>T	NOTCH1	37446:c.928C>T	37446:p.(Gly310Arg)	PMID26873401;ESCC_130	Li et al. (originally published by Sawada et al.(2016))	ESCC
hg19	hg19.chr17:g.7577120C>T	hg19.chr17:g.7577120C>T	TP53	62636:c.818C>T	62636:p.(Arg273His)	PMID26873401;ESCC_131	Li et al. (originally published by Sawada et al.(2016))	ESCC
hg19	hg19.chr17:g.7578263G>A	hg19.chr17:g.7578263G>A	TP53	62635:c.586G>A	62635:p.(Arg196Ter)	PMID26873401;ESCC_131	Li et al. (originally published by Sawada et al.(2016))	ESCC
hg19	hg19.chr2:g.178098960C>G	hg19.chr2:g.178098960C>G	NFE2L2	12333:c.85C>G	12333:p.(Asp29His)	PMID26873401;ESCC_131	Li et al. (originally published by Sawada et al.(2016))	ESCC
hg19	hg19.chr4:g.153258983G>A	hg19.chr4:g.153258983G>A	FBXW7	20029:c.832G>A	20029:p.(Arg278Ter)	PMID26873401;ESCC_131	Li et al. (originally published by Sawada et al.(2016))	ESCC
hg19	hg19.chr9:g.139412326C>A	hg19.chr9:g.139412326C>A	NOTCH1	37446:c.1319C>A	37446:p.(Cys440Phe)	PMID26873401;ESCC_131	Li et al. (originally published by Sawada et al.(2016))	ESCC
hg19	hg19.chr17:g.7577534C>A	hg19.chr17:g.7577534C>A	TP53	62635:c.747C>A	62635:p.(Arg249Ser)	PMID26873401;ESCC_132	Li et al. (originally published by Sawada et al.(2016))	ESCC
hg19	hg19.chr17:g.7577547C>T	hg19.chr17:g.7577547C>T	TP53	62635:c.734C>T	62635:p.(Gly245Asp)	PMID26873401;ESCC_133	Li et al. (originally published by Sawada et al.(2016))	ESCC
hg19	hg19.chr17:g.7578466G>T	hg19.chr17:g.7578466G>T	TP53	62635:c.464G>T	62635:p.(Thr155Asn)	PMID26873401;ESCC_133	Li et al. (originally published by Sawada et al.(2016))	ESCC
hg19	hg19.chr9:g.139418191G>T	hg19.chr9:g.139418191G>T	NOTCH1	37446:c.381G>T	37446:p.(Cys127Ter)	PMID26873401;ESCC_133	Li et al. (originally published by Sawada et al.(2016))	ESCC
hg19	hg19.chr17:g.7576853C>T	hg19.chr17:g.7576853C>T	TP53	62636:c.993C>T	62636:p.(Gln331Gln)	PMID26873401;ESCC_134	Li et al. (originally published by Sawada et al.(2016))	ESCC
hg19	hg19.chr17:g.7577538C>T	hg19.chr17:g.7577538C>T	TP53	62635:c.743C>T	62635:p.(Arg248Gln)	PMID26873401;ESCC_135	Li et al. (originally published by Sawada et al.(2016))	ESCC
hg19	hg19.chr17:g.7577539G>A	hg19.chr17:g.7577539G>A	TP53	62635:c.742G>A	62635:p.(Arg248Trp)	PMID26873401;ESCC_136	Li et al. (originally published by Sawada et al.(2016))	ESCC
hg19	hg19.chr17:g.7578178T>A	hg19.chr17:g.7578178T>A	TP53	62635:c.671T>A	62635:p.(Glu224Val)	PMID26873401;ESCC_136	Li et al. (originally published by Sawada et al.(2016))	ESCC
hg19	hg19.chr2:g.178098965T>C	hg19.chr2:g.178098965T>C	NFE2L2	12333:c.80T>C	12333:p.(Asp27Gly)	PMID26873401;ESCC_136	Li et al. (originally published by Sawada et al.(2016))	ESCC
hg19	hg19.chr4:g.187541913G>A	hg19.chr4:g.187541913G>A	FAT1	20264:c.5827G>A	20264:p.(Gln1943Ter)	PMID26873401;ESCC_136	Li et al. (originally published by Sawada et al.(2016))	ESCC
hg19	hg19.chr9:g.139412669A>G	hg19.chr9:g.139412669A>G	NOTCH1	37446:c.1175A>G	37446:p.(Val392Ala)	PMID26873401;ESCC_136	Li et al. (originally published by Sawada et al.(2016))	ESCC
hg19	hg19.chr17:g.7578394T>C	hg19.chr17:g.7578394T>C	TP53	62635:c.536T>C	62635:p.(His179Arg)	PMID26873401;ESCC_137	Li et al. (originally published by Sawada et al.(2016))	ESCC
hg19	hg19.chr17:g.7577539G>A	hg19.chr17:g.7577539G>A	TP53	62635:c.742G>A	62635:p.(Arg248Trp)	PMID26873401;ESCC_139	Li et al. (originally published by Sawada et al.(2016))	ESCC
hg19	hg19.chr1:g.120484322G>A	hg19.chr1:g.120484322G>A	NOTCH2	6040:c.2808G>A	6040:p.(Leu936Leu)	PMID26873401;ESCC_140	Li et al. (originally published by Sawada et al.(2016))	ESCC
hg19	hg19.chr17:g.7577120C>T	hg19.chr17:g.7577120C>T	TP53	62636:c.818C>T	62636:p.(Arg273His)	PMID26873401;ESCC_140	Li et al. (originally published by Sawada et al.(2016))	ESCC
hg19	hg19.chr17:g.7577506C>A	hg19.chr17:g.7577506C>A	TP53	62635:c.775C>A	62635:p.(Asp259Tyr)	PMID26873401;ESCC_141	Li et al. (originally published by Sawada et al.(2016))	ESCC
hg19	hg19.chr17:g.7578235T>C	hg19.chr17:g.7578235T>C	TP53	62635:c.614T>C	62635:p.(Tyr205Cys)	PMID26873401;ESCC_141	Li et al. (originally published by Sawada et al.(2016))	ESCC
hg19	hg19.chr9:g.139401080C>A	hg19.chr9:g.139401080C>A	NOTCH1	37446:c.3913C>A	37446:p.(Glu1305Ter)	PMID26873401;ESCC_141	Li et al. (originally published by Sawada et al.(2016))	ESCC
hg19	hg19.chr17:g.7577118C>A	hg19.chr17:g.7577118C>A	TP53	62636:c.820C>A	62636:p.(Val274Phe)	PMID26873401;ESCC_142	Li et al. (originally published by Sawada et al.(2016))	ESCC
hg19	hg19.chr3:g.178936091G>A	hg19.chr3:g.178936091G>A	PIK3CA	14944:c.1633G>A	14944:p.(Glu545Lys)	PMID26873401;ESCC_142	Li et al. (originally published by Sawada et al.(2016))	ESCC
hg19	hg19.chr17:g.7578235T>C	hg19.chr17:g.7578235T>C	TP53	62635:c.614T>C	62635:p.(Tyr205Cys)	PMID26873401;ESCC_143	Li et al. (originally published by Sawada et al.(2016))	ESCC
hg19	hg19.chr2:g.178098954C>T	hg19.chr2:g.178098954C>T	NFE2L2	12333:c.91C>T	12333:p.(Gly31Arg)	PMID26873401;ESCC_143	Li et al. (originally published by Sawada et al.(2016))	ESCC
hg19	hg19.chr4:g.187557367C>T	hg19.chr4:g.187557367C>T	FAT1	20264:c.3995C>T	20264:p.(Arg1332His)	PMID26873401;ESCC_143	Li et al. (originally published by Sawada et al.(2016))	ESCC
hg19	hg19.chr4:g.187630477C>T	hg19.chr4:g.187630477C>T	FAT1	20264:c.505C>T	20264:p.(Ala169Thr)	PMID26873401;ESCC_143	Li et al. (originally published by Sawada et al.(2016))	ESCC
hg19	hg19.chr17:g.7578403C>T	hg19.chr17:g.7578403C>T	TP53	62635:c.527C>T	62635:p.(Cys176Tyr)	PMID26873401;ESCC_144	Li et al. (originally published by Sawada et al.(2016))	ESCC
hg19	hg19.chr17:g.7578271T>A	hg19.chr17:g.7578271T>A	TP53	62635:c.578T>A	62635:p.(His193Leu)	PMID26873401;ESCC_146	Li et al. (originally published by Sawada et al.(2016))	ESCC
hg19	hg19.chr17:g.7578393A>T	hg19.chr17:g.7578393A>T	TP53	62635:c.537A>T	62635:p.(His179Gln)	PMID26873401;ESCC_146	Li et al. (originally published by Sawada et al.(2016))	ESCC
hg19	hg19.chr17:g.7578526C>T	hg19.chr17:g.7578526C>T	TP53	62635:c.404C>T	62635:p.(Cys135Tyr)	PMID26873401;ESCC_149	Li et al. (originally published by Sawada et al.(2016))	ESCC
hg19	hg19.chr17:g.7579406G>C	hg19.chr17:g.7579406G>C	TP53	62651:c.326G>C	62651:p.(Ser109Ter)	PMID26873401;ESCC_149	Li et al. (originally published by Sawada et al.(2016))	ESCC
hg19	hg19.chr17:g.7574000C>A	hg19.chr17:g.7574000C>A	TP53	62643:c.1027C>A	62643:p.(Glu343Ter)	PMID26873401;ESCC_150	Li et al. (originally published by Sawada et al.(2016))	ESCC
hg19	hg19.chr17:g.7578271T>A	hg19.chr17:g.7578271T>A	TP53	62635:c.578T>A	62635:p.(His193Leu)	PMID26873401;ESCC_151	Li et al. (originally published by Sawada et al.(2016))	ESCC
hg19	hg19.chr17:g.7578535T>C	hg19.chr17:g.7578535T>C	TP53	62635:c.395T>C	62635:p.(Lys132Arg)	PMID26873401;ESCC_152	Li et al. (originally published by Sawada et al.(2016))	ESCC
hg19	hg19.chr17:g.7578413C>T	hg19.chr17:g.7578413C>T	TP53	62635:c.517C>T	62635:p.(Val173Met)	PMID26873401;ESCC_153	Li et al. (originally published by Sawada et al.(2016))	ESCC
hg19	hg19.chr3:g.178938934G>A	hg19.chr3:g.178938934G>A	PIK3CA	14944:c.2176G>A	14944:p.(Glu726Lys)	PMID26873401;ESCC_153	Li et al. (originally published by Sawada et al.(2016))	ESCC
hg19	hg19.chr17:g.7577022G>A	hg19.chr17:g.7577022G>A	TP53	62636:c.916G>A	62636:p.(Arg306Ter)	PMID26873401;ESCC_154	Li et al. (originally published by Sawada et al.(2016))	ESCC
hg19	hg19.chr17:g.7577128A>T	hg19.chr17:g.7577128A>T	TP53	62636:c.810A>T	62636:p.(Phe270Leu)	PMID26873401;ESCC_156	Li et al. (originally published by Sawada et al.(2016))	ESCC
hg19	hg19.chr17:g.7577541T>A	hg19.chr17:g.7577541T>A	TP53	62635:c.740T>A	62635:p.(Asn247Ile)	PMID26873401;ESCC_156	Li et al. (originally published by Sawada et al.(2016))	ESCC
hg19	hg19.chr3:g.178936091G>A	hg19.chr3:g.178936091G>A	PIK3CA	14944:c.1633G>A	14944:p.(Glu545Lys)	PMID26873401;ESCC_158	Li et al. (originally published by Sawada et al.(2016))	ESCC
hg19	hg19.chr9:g.139399270C>A	hg19.chr9:g.139399270C>A	NOTCH1	37446:c.4873C>A	37446:p.(Glu1625Ter)	PMID26873401;ESCC_159	Li et al. (originally published by Sawada et al.(2016))	ESCC
hg19	hg19.chr17:g.7577581A>G	hg19.chr17:g.7577581A>G	TP53	62635:c.700A>G	62635:p.(Tyr234His)	PMID26873401;ESCC_160	Li et al. (originally published by Sawada et al.(2016))	ESCC
hg19	hg19.chr3:g.178916876G>A	hg19.chr3:g.178916876G>A	PIK3CA	14944:c.263G>A	14944:p.(Arg88Gln)	PMID26873401;ESCC_160	Li et al. (originally published by Sawada et al.(2016))	ESCC
hg19	hg19.chr17:g.7578235T>C	hg19.chr17:g.7578235T>C	TP53	62635:c.614T>C	62635:p.(Tyr205Cys)	PMID26873401;ESCC_161	Li et al. (originally published by Sawada et al.(2016))	ESCC
hg19	hg19.chr3:g.178952137G>C	hg19.chr3:g.178952137G>C	PIK3CA	14944:c.3192G>C	14944:p.(Gln1064His)	PMID26873401;ESCC_161	Li et al. (originally published by Sawada et al.(2016))	ESCC
hg19	hg19.chr13:g.48934189C>G	hg19.chr13:g.48934189C>G	RB1	49601:c.644C>G	49601:p.(Ser215Ter)	PMID26873401;ESCC_162	Li et al. (originally published by Sawada et al.(2016))	ESCC
hg19	hg19.chr17:g.7579575G>A	hg19.chr17:g.7579575G>A	TP53	62651:c.157G>A	62651:p.(Gln53Ter)	PMID26873401;ESCC_162	Li et al. (originally published by Sawada et al.(2016))	ESCC
hg19	hg19.chr3:g.178936082G>A	hg19.chr3:g.178936082G>A	PIK3CA	14944:c.1624G>A	14944:p.(Glu542Lys)	PMID26873401;ESCC_162	Li et al. (originally published by Sawada et al.(2016))	ESCC
hg19	hg19.chr9:g.139412353T>C	hg19.chr9:g.139412353T>C	NOTCH1	37446:c.1292T>C	37446:p.(Asn431Ser)	PMID26873401;ESCC_162	Li et al. (originally published by Sawada et al.(2016))	ESCC
hg19	hg19.chr9:g.139417631C>T	hg19.chr9:g.139417631C>T	NOTCH1	37446:c.413C>T	37446:p.(Cys138Tyr)	PMID26873401;ESCC_162	Li et al. (originally published by Sawada et al.(2016))	ESCC
hg19	hg19.chr17:g.7577559G>C	hg19.chr17:g.7577559G>C	TP53	62635:c.722G>C	62635:p.(Ser241Cys)	PMID26873401;ESCC_163	Li et al. (originally published by Sawada et al.(2016))	ESCC
hg19	hg19.chr17:g.7578403C>A	hg19.chr17:g.7578403C>A	TP53	62635:c.527C>A	62635:p.(Cys176Phe)	PMID26873401;ESCC_164	Li et al. (originally published by Sawada et al.(2016))	ESCC
hg19	hg19.chr4:g.187524834C>T	hg19.chr4:g.187524834C>T	FAT1	20264:c.10846C>T	20264:p.(Val3616Ile)	PMID26873401;ESCC_164	Li et al. (originally published by Sawada et al.(2016))	ESCC
hg19	hg19.chr4:g.187549892T>C	hg19.chr4:g.187549892T>C	FAT1	20264:c.4349T>C	20264:p.(Asn1450Ser)	PMID26873401;ESCC_164	Li et al. (originally published by Sawada et al.(2016))	ESCC
hg19	hg19.chr17:g.7578530A>T	hg19.chr17:g.7578530A>T	TP53	62635:c.400A>T	62635:p.(Phe134Ile)	PMID26873401;ESCC_167	Li et al. (originally published by Sawada et al.(2016))	ESCC
hg19	hg19.chr9:g.139412338A>C	hg19.chr9:g.139412338A>C	NOTCH1	37446:c.1307A>C	37446:p.(Phe436Cys)	PMID26873401;ESCC_168	Li et al. (originally published by Sawada et al.(2016))	ESCC
hg19	hg19.chr17:g.7578235T>G	hg19.chr17:g.7578235T>G	TP53	62635:c.614T>G	62635:p.(Tyr205Ser)	PMID26873401;ESCC_169	Li et al. (originally published by Sawada et al.(2016))	ESCC
hg19	hg19.chr4:g.187524647A>C	hg19.chr4:g.187524647A>C	FAT1	20264:c.11033A>C	20264:p.(Ile3678Arg)	PMID26873401;ESCC_170	Li et al. (originally published by Sawada et al.(2016))	ESCC
hg19	hg19.chr9:g.139413084C>A	hg19.chr9:g.139413084C>A	NOTCH1	37446:c.1058C>A	37446:p.(Arg353Leu)	PMID26873401;ESCC_170	Li et al. (originally published by Sawada et al.(2016))	ESCC
hg19	hg19.chr2:g.178095672C>T	hg19.chr2:g.178095672C>T	NFE2L2	12333:c.1659C>T	12333:p.(Leu553Leu)	PMID27058444;GS000007884-ASM-T	Li et al. (originally published by Qin et al.(2016))	ESCC
hg19	hg19.chr13:g.48937093G>A	hg19.chr13:g.48937093G>A	RB1	49601:c.861G>A	49601:p.(Glu287Glu)	PMID27058444;GS000008178-ASM-T	Li et al. (originally published by Qin et al.(2016))	ESCC
hg19	hg19.chr4:g.153247253C>T	hg19.chr4:g.153247253C>T	FBXW7	20029:c.1549C>T	20029:p.(Gly517Arg)	PMID27058444;GS000007884-ASM-T	Li et al. (originally published by Qin et al.(2016))	ESCC
hg19	hg19.chr17:g.7577548C>T	hg19.chr17:g.7577548C>T	TP53	62635:c.733C>T	62635:p.(Gly245Ser)	PMID27058444;GS000007885-ASM-T	Li et al. (originally published by Qin et al.(2016))	ESCC
hg19	hg19.chr9:g.139399204G>A	hg19.chr9:g.139399204G>A	NOTCH1	37446:c.4939G>A	37446:p.(Gln1647Ter)	PMID27058444;GS000008178-ASM-T	Li et al. (originally published by Qin et al.(2016))	ESCC
hg19	hg19.chr17:g.7578271T>C	hg19.chr17:g.7578271T>C	TP53	62635:c.578T>C	62635:p.(His193Arg)	PMID27058444;GS000010520-ASM-T	Li et al. (originally published by Qin et al.(2016))	ESCC
hg19	hg19.chr2:g.178098960C>G	hg19.chr2:g.178098960C>G	NFE2L2	12333:c.85C>G	12333:p.(Asp29His)	PMID27058444;GS000010802-ASM-T	Li et al. (originally published by Qin et al.(2016))	ESCC
hg19	hg19.chr17:g.7578535T>C	hg19.chr17:g.7578535T>C	TP53	62635:c.395T>C	62635:p.(Lys132Arg)	PMID27058444;GS000010802-ASM-T	Li et al. (originally published by Qin et al.(2016))	ESCC
hg19	hg19.chr3:g.178952085A>G	hg19.chr3:g.178952085A>G	PIK3CA	14944:c.3140A>G	14944:p.(His1047Arg)	PMID27058444;GS000010803-ASM-T	Li et al. (originally published by Qin et al.(2016))	ESCC
hg19	hg19.chr17:g.7576853C>T	hg19.chr17:g.7576853C>T	TP53	62636:c.993C>T	62636:p.(Gln331Gln)	PMID27058444;2603-QC-63	Li et al. (originally published by Qin et al.(2016))	ESCC
hg19	hg19.chr17:g.7578177C>T	hg19.chr17:g.7578177C>T	TP53	62635:c.672C>T	62635:p.(Glu224Glu)	PMID27058444;2603-QC-87	Li et al. (originally published by Qin et al.(2016))	ESCC
hg19	hg19.chr3:g.178947114G>C	hg19.chr3:g.178947114G>C	PIK3CA	14944:c.2550G>C	14944:p.(Val850Val)	PMID27058444;2603-QC-9	Li et al. (originally published by Qin et al.(2016))	ESCC
hg19	hg19.chr2:g.178098975A>G	hg19.chr2:g.178098975A>G	NFE2L2	12333:c.70A>G	12333:p.(Trp24Arg)	PMID27058444;2603-QC-107	Li et al. (originally published by Qin et al.(2016))	ESCC
hg19	hg19.chr17:g.7577085C>A	hg19.chr17:g.7577085C>A	TP53	62636:c.853C>A	62636:p.(Glu285Ter)	PMID27058444;2603-QC-109	Li et al. (originally published by Qin et al.(2016))	ESCC
hg19	hg19.chr17:g.7577547C>A	hg19.chr17:g.7577547C>A	TP53	62635:c.734C>A	62635:p.(Gly245Val)	PMID27058444;2603-QC-111	Li et al. (originally published by Qin et al.(2016))	ESCC
hg19	hg19.chr2:g.178098945G>C	hg19.chr2:g.178098945G>C	NFE2L2	12333:c.100G>C	12333:p.(Arg34Gly)	PMID27058444;2603-QC-115	Li et al. (originally published by Qin et al.(2016))	ESCC
hg19	hg19.chr13:g.48947567T>G	hg19.chr13:g.48947567T>G	RB1	49601:c.1154T>G	49601:p.(Leu385Ter)	PMID27058444;2603-QC-115	Li et al. (originally published by Qin et al.(2016))	ESCC
hg19	hg19.chr17:g.7577570C>T	hg19.chr17:g.7577570C>T	TP53	62635:c.711C>T	62635:p.(Met237Ile)	PMID27058444;2603-QC-115	Li et al. (originally published by Qin et al.(2016))	ESCC
hg19	hg19.chr17:g.7577520A>T	hg19.chr17:g.7577520A>T	TP53	62635:c.761A>T	62635:p.(Ile254Asn)	PMID27058444;2603-QC-11	Li et al. (originally published by Qin et al.(2016))	ESCC
hg19	hg19.chr17:g.7577022G>A	hg19.chr17:g.7577022G>A	TP53	62636:c.916G>A	62636:p.(Arg306Ter)	PMID27058444;2603-QC-121	Li et al. (originally published by Qin et al.(2016))	ESCC
hg19	hg19.chr17:g.7578190T>C	hg19.chr17:g.7578190T>C	TP53	62635:c.659T>C	62635:p.(Tyr220Cys)	PMID27058444;2603-QC-125	Li et al. (originally published by Qin et al.(2016))	ESCC
hg19	hg19.chr17:g.7577559G>T	hg19.chr17:g.7577559G>T	TP53	62635:c.722G>T	62635:p.(Ser241Tyr)	PMID27058444;2603-QC-127	Li et al. (originally published by Qin et al.(2016))	ESCC
hg19	hg19.chr1:g.120469211C>A	hg19.chr1:g.120469211C>A	NOTCH2	6040:c.3916C>A	6040:p.(Asp1306Tyr)	PMID27058444;2603-QC-129	Li et al. (originally published by Qin et al.(2016))	ESCC
hg19	hg19.chr17:g.7578212G>A	hg19.chr17:g.7578212G>A	TP53	62635:c.637G>A	62635:p.(Arg213Ter)	PMID27058444;2603-QC-133	Li et al. (originally published by Qin et al.(2016))	ESCC
hg19	hg19.chr2:g.178098953C>G	hg19.chr2:g.178098953C>G	NFE2L2	12333:c.92C>G	12333:p.(Gly31Ala)	PMID27058444;2603-QC-135	Li et al. (originally published by Qin et al.(2016))	ESCC
hg19	hg19.chr4:g.187541574C>A	hg19.chr4:g.187541574C>A	FAT1	20264:c.6166C>A	20264:p.(Glu2056Ter)	PMID27058444;2603-QC-135	Li et al. (originally published by Qin et al.(2016))	ESCC
hg19	hg19.chr9:g.139413181A>G	hg19.chr9:g.139413181A>G	NOTCH1	37446:c.961A>G	37446:p.(Cys321Arg)	PMID27058444;2603-QC-15	Li et al. (originally published by Qin et al.(2016))	ESCC
hg19	hg19.chr17:g.7576897G>A	hg19.chr17:g.7576897G>A	TP53	62636:c.949G>A	62636:p.(Gln317Ter)	PMID27058444;2603-QC-15	Li et al. (originally published by Qin et al.(2016))	ESCC
hg19	hg19.chr17:g.7577090C>G	hg19.chr17:g.7577090C>G	TP53	62636:c.848C>G	62636:p.(Arg283Pro)	PMID27058444;2603-QC-17	Li et al. (originally published by Qin et al.(2016))	ESCC
hg19	hg19.chr4:g.187518210A>T	hg19.chr4:g.187518210A>T	FAT1	20264:c.12484A>T	20264:p.(Cys4162Ser)	PMID27058444;2603-QC-19	Li et al. (originally published by Qin et al.(2016))	ESCC
hg19	hg19.chr17:g.7577529A>T	hg19.chr17:g.7577529A>T	TP53	62635:c.752A>T	62635:p.(Ile251Asn)	PMID27058444;2603-QC-19	Li et al. (originally published by Qin et al.(2016))	ESCC
hg19	hg19.chr3:g.178936082G>A	hg19.chr3:g.178936082G>A	PIK3CA	14944:c.1624G>A	14944:p.(Glu542Lys)	PMID27058444;2603-QC-21	Li et al. (originally published by Qin et al.(2016))	ESCC
hg19	hg19.chr2:g.178098810C>T	hg19.chr2:g.178098810C>T	NFE2L2	12333:c.235C>T	12333:p.(Glu79Lys)	PMID27058444;2603-QC-23	Li et al. (originally published by Qin et al.(2016))	ESCC
hg19	hg19.chr17:g.7578406C>T	hg19.chr17:g.7578406C>T	TP53	62635:c.524C>T	62635:p.(Arg175His)	PMID27058444;2603-QC-23	Li et al. (originally published by Qin et al.(2016))	ESCC
hg19	hg19.chr9:g.139412375C>T	hg19.chr9:g.139412375C>T	NOTCH1	37446:c.1270C>T	37446:p.(Glu424Lys)	PMID27058444;2603-QC-25	Li et al. (originally published by Qin et al.(2016))	ESCC
hg19	hg19.chr9:g.139412252C>T	hg19.chr9:g.139412252C>T	NOTCH1	37446:c.1393C>T	37446:p.(Ala465Thr)	PMID27058444;2603-QC-27	Li et al. (originally published by Qin et al.(2016))	ESCC
hg19	hg19.chr9:g.139396470C>A	hg19.chr9:g.139396470C>A	NOTCH1	37446:c.5455C>A	37446:p.(Glu1819Ter)	PMID27058444;2603-QC-33	Li et al. (originally published by Qin et al.(2016))	ESCC
hg19	hg19.chr17:g.7577022G>A	hg19.chr17:g.7577022G>A	TP53	62636:c.916G>A	62636:p.(Arg306Ter)	PMID27058444;2603-QC-33	Li et al. (originally published by Qin et al.(2016))	ESCC
hg19	hg19.chr2:g.178098803C>A	hg19.chr2:g.178098803C>A	NFE2L2	12333:c.242C>A	12333:p.(Gly81Val)	PMID27058444;2603-QC-35	Li et al. (originally published by Qin et al.(2016))	ESCC
hg19	hg19.chr17:g.7578190T>C	hg19.chr17:g.7578190T>C	TP53	62635:c.659T>C	62635:p.(Tyr220Cys)	PMID27058444;2603-QC-35	Li et al. (originally published by Qin et al.(2016))	ESCC
hg19	hg19.chr17:g.7578208T>C	hg19.chr17:g.7578208T>C	TP53	62635:c.641T>C	62635:p.(His214Arg)	PMID27058444;2603-QC-35	Li et al. (originally published by Qin et al.(2016))	ESCC
hg19	hg19.chr17:g.7573991C>A	hg19.chr17:g.7573991C>A	TP53	62643:c.1036C>A	62643:p.(Glu346Ter)	PMID27058444;2603-QC-3	Li et al. (originally published by Qin et al.(2016))	ESCC
hg19	hg19.chr17:g.7578212G>A	hg19.chr17:g.7578212G>A	TP53	62635:c.637G>A	62635:p.(Arg213Ter)	PMID27058444;2603-QC-41	Li et al. (originally published by Qin et al.(2016))	ESCC
hg19	hg19.chr17:g.7577539G>C	hg19.chr17:g.7577539G>C	TP53	62635:c.742G>C	62635:p.(Arg248Gly)	PMID27058444;2603-QC-47	Li et al. (originally published by Qin et al.(2016))	ESCC
hg19	hg19.chr17:g.7578263G>A	hg19.chr17:g.7578263G>A	TP53	62635:c.586G>A	62635:p.(Arg196Ter)	PMID27058444;2603-QC-49	Li et al. (originally published by Qin et al.(2016))	ESCC
hg19	hg19.chr17:g.7578530A>T	hg19.chr17:g.7578530A>T	TP53	62635:c.400A>T	62635:p.(Phe134Ile)	PMID27058444;2603-QC-51	Li et al. (originally published by Qin et al.(2016))	ESCC
hg19	hg19.chr2:g.178098960C>A	hg19.chr2:g.178098960C>A	NFE2L2	12333:c.85C>A	12333:p.(Asp29Tyr)	PMID27058444;2603-QC-53	Li et al. (originally published by Qin et al.(2016))	ESCC
hg19	hg19.chr3:g.178936091G>A	hg19.chr3:g.178936091G>A	PIK3CA	14944:c.1633G>A	14944:p.(Glu545Lys)	PMID27058444;2603-QC-53	Li et al. (originally published by Qin et al.(2016))	ESCC
hg19	hg19.chr9:g.139393636G>A	hg19.chr9:g.139393636G>A	NOTCH1	37446:c.6010G>A	37446:p.(Arg2004Cys)	PMID27058444;2603-QC-53	Li et al. (originally published by Qin et al.(2016))	ESCC
hg19	hg19.chr9:g.139412314T>C	hg19.chr9:g.139412314T>C	NOTCH1	37446:c.1331T>C	37446:p.(Tyr444Cys)	PMID27058444;2603-QC-59	Li et al. (originally published by Qin et al.(2016))	ESCC
hg19	hg19.chr17:g.7579575G>A	hg19.chr17:g.7579575G>A	TP53	62651:c.157G>A	62651:p.(Gln53Ter)	PMID27058444;2603-QC-59	Li et al. (originally published by Qin et al.(2016))	ESCC
hg19	hg19.chr17:g.7579358C>A	hg19.chr17:g.7579358C>A	TP53	62651:c.374C>A	62651:p.(Arg125Leu)	PMID27058444;2603-QC-5	Li et al. (originally published by Qin et al.(2016))	ESCC
hg19	hg19.chr17:g.7578406C>T	hg19.chr17:g.7578406C>T	TP53	62635:c.524C>T	62635:p.(Arg175His)	PMID27058444;2603-QC-65	Li et al. (originally published by Qin et al.(2016))	ESCC
hg19	hg19.chr2:g.178098800T>A	hg19.chr2:g.178098800T>A	NFE2L2	12333:c.245T>A	12333:p.(Glu82Val)	PMID27058444;2603-QC-69	Li et al. (originally published by Qin et al.(2016))	ESCC
hg19	hg19.chr17:g.7577547C>T	hg19.chr17:g.7577547C>T	TP53	62635:c.734C>T	62635:p.(Gly245Asp)	PMID27058444;2603-QC-69	Li et al. (originally published by Qin et al.(2016))	ESCC
hg19	hg19.chr17:g.7578413C>A	hg19.chr17:g.7578413C>A	TP53	62635:c.517C>A	62635:p.(Val173Leu)	PMID27058444;2603-QC-71	Li et al. (originally published by Qin et al.(2016))	ESCC
hg19	hg19.chr17:g.7579485C>A	hg19.chr17:g.7579485C>A	TP53	62651:c.247C>A	62651:p.(Glu83Ter)	PMID27058444;2603-QC-73	Li et al. (originally published by Qin et al.(2016))	ESCC
hg19	hg19.chr17:g.7578554A>G	hg19.chr17:g.7578554A>G	TP53	62635:c.376A>G	62635:p.(Tyr126His)	PMID27058444;2603-QC-75	Li et al. (originally published by Qin et al.(2016))	ESCC
hg19	hg19.chr17:g.7579533G>A	hg19.chr17:g.7579533G>A	TP53	62651:c.199G>A	62651:p.(Gln67Ter)	PMID27058444;2603-QC-77	Li et al. (originally published by Qin et al.(2016))	ESCC
hg19	hg19.chr9:g.139417464T>G	hg19.chr9:g.139417464T>G	NOTCH1	37446:c.580T>G	37446:p.(Thr194Pro)	PMID27058444;2603-QC-79	Li et al. (originally published by Qin et al.(2016))	ESCC
hg19	hg19.chr17:g.7577120C>T	hg19.chr17:g.7577120C>T	TP53	62636:c.818C>T	62636:p.(Arg273His)	PMID27058444;2603-QC-83	Li et al. (originally published by Qin et al.(2016))	ESCC
hg19	hg19.chr17:g.7577574T>C	hg19.chr17:g.7577574T>C	TP53	62635:c.707T>C	62635:p.(Tyr236Cys)	PMID27058444;2603-QC-85	Li et al. (originally published by Qin et al.(2016))	ESCC
hg19	hg19.chr3:g.178936082G>A	hg19.chr3:g.178936082G>A	PIK3CA	14944:c.1624G>A	14944:p.(Glu542Lys)	PMID27058444;2603-QC-87	Li et al. (originally published by Qin et al.(2016))	ESCC
hg19	hg19.chr17:g.7577085C>T	hg19.chr17:g.7577085C>T	TP53	62636:c.853C>T	62636:p.(Glu285Lys)	PMID27058444;2603-QC-89	Li et al. (originally published by Qin et al.(2016))	ESCC
hg19	hg19.chr17:g.7578218T>C	hg19.chr17:g.7578218T>C	TP53	62635:c.631T>C	62635:p.(Thr211Ala)	PMID27058444;2603-QC-89	Li et al. (originally published by Qin et al.(2016))	ESCC
hg19	hg19.chr4:g.153249385G>A	hg19.chr4:g.153249385G>A	FBXW7	20029:c.1393G>A	20029:p.(Arg465Cys)	PMID27058444;2603-QC-91	Li et al. (originally published by Qin et al.(2016))	ESCC
hg19	hg19.chr13:g.48941643C>G	hg19.chr13:g.48941643C>G	RB1	49601:c.953C>G	49601:p.(Ser318Cys)	PMID27058444;2603-QC-91	Li et al. (originally published by Qin et al.(2016))	ESCC
hg19	hg19.chr13:g.48941720C>T	hg19.chr13:g.48941720C>T	RB1	49601:c.1030C>T	49601:p.(Gln344Ter)	PMID27058444;2603-QC-91	Li et al. (originally published by Qin et al.(2016))	ESCC
hg19	hg19.chr17:g.7578458G>C	hg19.chr17:g.7578458G>C	TP53	62635:c.472G>C	62635:p.(Arg158Gly)	PMID27058444;2603-QC-91	Li et al. (originally published by Qin et al.(2016))	ESCC
hg19	hg19.chr3:g.178938878A>T	hg19.chr3:g.178938878A>T	PIK3CA	14944:c.2120A>T	14944:p.(Glu707Val)	PMID27058444;2603-QC-95	Li et al. (originally published by Qin et al.(2016))	ESCC
hg19	hg19.chr17:g.7577126T>A	hg19.chr17:g.7577126T>A	TP53	62636:c.812T>A	62636:p.(Glu271Val)	PMID27058444;2603-QC-9	Li et al. (originally published by Qin et al.(2016))	ESCC
hg19	hg19.chr4:g.187522436T>C	hg19.chr4:g.187522436T>C	FAT1	20264:c.11627T>C	20264:p.(Tyr3876Cys)	PMID28548104;ESCC_10	Li et al. (originally published by Chang et al.(2017))	ESCC
hg19	hg19.chr4:g.187628809G>A	hg19.chr4:g.187628809G>A	FAT1	20264:c.2173G>A	20264:p.(Gln725Ter)	PMID28548104;ESCC_210	Li et al. (originally published by Chang et al.(2017))	ESCC
hg19	hg19.chr4:g.187541252G>A	hg19.chr4:g.187541252G>A	FAT1	20264:c.6488G>A	20264:p.(Ala2163Val)	PMID28548104;ESCC_234	Li et al. (originally published by Chang et al.(2017))	ESCC
hg19	hg19.chr4:g.187542708C>T	hg19.chr4:g.187542708C>T	FAT1	20264:c.5032C>T	20264:p.(Glu1678Lys)	PMID28548104;ESCC_55	Li et al. (originally published by Chang et al.(2017))	ESCC
hg19	hg19.chr4:g.153247283C>A	hg19.chr4:g.153247283C>A	FBXW7	20029:c.1519C>A	20029:p.(Val507Phe)	PMID28548104;ESCC_144	Li et al. (originally published by Chang et al.(2017))	ESCC
hg19	hg19.chr4:g.153249384C>T	hg19.chr4:g.153249384C>T	FBXW7	20029:c.1394C>T	20029:p.(Arg465His)	PMID28548104;ESCC_171	Li et al. (originally published by Chang et al.(2017))	ESCC
hg19	hg19.chr4:g.153244080C>T	hg19.chr4:g.153244080C>T	FBXW7	20029:c.2077C>T	20029:p.(Glu693Lys)	PMID28548104;ESCC_196	Li et al. (originally published by Chang et al.(2017))	ESCC
hg19	hg19.chr4:g.153249390G>A	hg19.chr4:g.153249390G>A	FBXW7	20029:c.1388G>A	20029:p.(Thr463Ile)	PMID28548104;ESCC_249	Li et al. (originally published by Chang et al.(2017))	ESCC
hg19	hg19.chr2:g.178098800T>A	hg19.chr2:g.178098800T>A	NFE2L2	12333:c.245T>A	12333:p.(Glu82Val)	PMID28548104;ESCC_169	Li et al. (originally published by Chang et al.(2017))	ESCC
hg19	hg19.chr2:g.178098815T>C	hg19.chr2:g.178098815T>C	NFE2L2	12333:c.230T>C	12333:p.(Asp77Gly)	PMID28548104;ESCC_24	Li et al. (originally published by Chang et al.(2017))	ESCC
hg19	hg19.chr2:g.178098800T>A	hg19.chr2:g.178098800T>A	NFE2L2	12333:c.245T>A	12333:p.(Glu82Val)	PMID28548104;ESCC_240	Li et al. (originally published by Chang et al.(2017))	ESCC
hg19	hg19.chr2:g.178095752G>C	hg19.chr2:g.178095752G>C	NFE2L2	12333:c.1579G>C	12333:p.(Gln527Glu)	PMID28548104;ESCC_48	Li et al. (originally published by Chang et al.(2017))	ESCC
hg19	hg19.chr2:g.178095758G>C	hg19.chr2:g.178095758G>C	NFE2L2	12333:c.1573G>C	12333:p.(Leu525Val)	PMID28548104;ESCC_48	Li et al. (originally published by Chang et al.(2017))	ESCC
hg19	hg19.chr2:g.178095840T>A	hg19.chr2:g.178095840T>A	NFE2L2	12333:c.1491T>A	12333:p.(Leu497Phe)	PMID28548104;ESCC_E45	Li et al. (originally published by Chang et al.(2017))	ESCC
hg19	hg19.chr2:g.178098975A>T	hg19.chr2:g.178098975A>T	NFE2L2	12333:c.70A>T	12333:p.(Trp24Arg)	PMID28548104;ESCC_E45	Li et al. (originally published by Chang et al.(2017))	ESCC
hg19	hg19.chr9:g.139397766C>A	hg19.chr9:g.139397766C>A	NOTCH1	37446:c.5035C>A	37446:p.(Glu1679Ter)	PMID28548104;ESCC_125	Li et al. (originally published by Chang et al.(2017))	ESCC
hg19	hg19.chr9:g.139412218C>A	hg19.chr9:g.139412218C>A	NOTCH1	37446:c.1427C>A	37446:p.(Cys476Phe)	PMID28548104;ESCC_145	Li et al. (originally published by Chang et al.(2017))	ESCC
hg19	hg19.chr9:g.139412252C>T	hg19.chr9:g.139412252C>T	NOTCH1	37446:c.1393C>T	37446:p.(Ala465Thr)	PMID28548104;ESCC_170	Li et al. (originally published by Chang et al.(2017))	ESCC
hg19	hg19.chr9:g.139413129T>C	hg19.chr9:g.139413129T>C	NOTCH1	37446:c.1013T>C	37446:p.(Asp338Gly)	PMID28548104;ESCC_172	Li et al. (originally published by Chang et al.(2017))	ESCC
hg19	hg19.chr9:g.139418402C>T	hg19.chr9:g.139418402C>T	NOTCH1	37446:c.170C>T	37446:p.(Cys57Tyr)	PMID28548104;ESCC_172	Li et al. (originally published by Chang et al.(2017))	ESCC
hg19	hg19.chr9:g.139412303G>A	hg19.chr9:g.139412303G>A	NOTCH1	37446:c.1342G>A	37446:p.(Arg448Ter)	PMID28548104;ESCC_198	Li et al. (originally published by Chang et al.(2017))	ESCC
hg19	hg19.chr9:g.139412218C>A	hg19.chr9:g.139412218C>A	NOTCH1	37446:c.1427C>A	37446:p.(Cys476Phe)	PMID28548104;ESCC_201	Li et al. (originally published by Chang et al.(2017))	ESCC
hg19	hg19.chr9:g.139396800G>A	hg19.chr9:g.139396800G>A	NOTCH1	37446:c.5308G>A	37446:p.(Pro1770Ser)	PMID28548104;ESCC_27	Li et al. (originally published by Chang et al.(2017))	ESCC
hg19	hg19.chr9:g.139413064C>A	hg19.chr9:g.139413064C>A	NOTCH1	37446:c.1078C>A	37446:p.(Glu360Ter)	PMID28548104;ESCC_58	Li et al. (originally published by Chang et al.(2017))	ESCC
hg19	hg19.chr9:g.139397717C>A	hg19.chr9:g.139397717C>A	NOTCH1	37446:c.5084C>A	37446:p.(Ser1695Ile)	PMID28548104;ESCC_E3	Li et al. (originally published by Chang et al.(2017))	ESCC
hg19	hg19.chr9:g.139412230C>A	hg19.chr9:g.139412230C>A	NOTCH1	37446:c.1415C>A	37446:p.(Gly472Val)	PMID28548104;ESCC_E3	Li et al. (originally published by Chang et al.(2017))	ESCC
hg19	hg19.chr1:g.120512344C>A	hg19.chr1:g.120512344C>A	NOTCH2	6040:c.898C>A	6040:p.(Asp300Tyr)	PMID28548104;ESCC_156	Li et al. (originally published by Chang et al.(2017))	ESCC
hg19	hg19.chr1:g.120468023G>C	hg19.chr1:g.120468023G>C	NOTCH2	6040:c.4416G>C	6040:p.(Cys1472Trp)	PMID28548104;ESCC_E3	Li et al. (originally published by Chang et al.(2017))	ESCC
hg19	hg19.chr3:g.178916876G>A	hg19.chr3:g.178916876G>A	PIK3CA	14944:c.263G>A	14944:p.(Arg88Gln)	PMID28548104;ESCC_144	Li et al. (originally published by Chang et al.(2017))	ESCC
hg19	hg19.chr3:g.178952085A>G	hg19.chr3:g.178952085A>G	PIK3CA	14944:c.3140A>G	14944:p.(His1047Arg)	PMID28548104;ESCC_198	Li et al. (originally published by Chang et al.(2017))	ESCC
hg19	hg19.chr3:g.178952085A>G	hg19.chr3:g.178952085A>G	PIK3CA	14944:c.3140A>G	14944:p.(His1047Arg)	PMID28548104;ESCC_239	Li et al. (originally published by Chang et al.(2017))	ESCC
hg19	hg19.chr3:g.178936091G>A	hg19.chr3:g.178936091G>A	PIK3CA	14944:c.1633G>A	14944:p.(Glu545Lys)	PMID28548104;ESCC_57	Li et al. (originally published by Chang et al.(2017))	ESCC
hg19	hg19.chr13:g.48955533T>G	hg19.chr13:g.48955533T>G	RB1	49601:c.1649T>G	49601:p.(Leu550Ter)	PMID28548104;ESCC_142	Li et al. (originally published by Chang et al.(2017))	ESCC
hg19	hg19.chr17:g.7578407G>C	hg19.chr17:g.7578407G>C	TP53	62635:c.523G>C	62635:p.(Arg175Gly)	PMID28548104;ESCC_10	Li et al. (originally published by Chang et al.(2017))	ESCC
hg19	hg19.chr17:g.7577022G>A	hg19.chr17:g.7577022G>A	TP53	62636:c.916G>A	62636:p.(Arg306Ter)	PMID28548104;ESCC_12	Li et al. (originally published by Chang et al.(2017))	ESCC
hg19	hg19.chr17:g.7577120C>T	hg19.chr17:g.7577120C>T	TP53	62636:c.818C>T	62636:p.(Arg273His)	PMID28548104;ESCC_125	Li et al. (originally published by Chang et al.(2017))	ESCC
hg19	hg19.chr17:g.7578190T>C	hg19.chr17:g.7578190T>C	TP53	62635:c.659T>C	62635:p.(Tyr220Cys)	PMID28548104;ESCC_125	Li et al. (originally published by Chang et al.(2017))	ESCC
hg19	hg19.chr17:g.7577538C>T	hg19.chr17:g.7577538C>T	TP53	62635:c.743C>T	62635:p.(Arg248Gln)	PMID28548104;ESCC_130	Li et al. (originally published by Chang et al.(2017))	ESCC
hg19	hg19.chr17:g.7577124C>T	hg19.chr17:g.7577124C>T	TP53	62636:c.814C>T	62636:p.(Val272Met)	PMID28548104;ESCC_134	Li et al. (originally published by Chang et al.(2017))	ESCC
hg19	hg19.chr17:g.7577581A>T	hg19.chr17:g.7577581A>T	TP53	62635:c.700A>T	62635:p.(Tyr234Asn)	PMID28548104;ESCC_140	Li et al. (originally published by Chang et al.(2017))	ESCC
hg19	hg19.chr17:g.7578541A>T	hg19.chr17:g.7578541A>T	TP53	62635:c.389A>T	62635:p.(Leu130His)	PMID28548104;ESCC_143	Li et al. (originally published by Chang et al.(2017))	ESCC
hg19	hg19.chr17:g.7577121G>A	hg19.chr17:g.7577121G>A	TP53	62636:c.817G>A	62636:p.(Arg273Cys)	PMID28548104;ESCC_144	Li et al. (originally published by Chang et al.(2017))	ESCC
hg19	hg19.chr17:g.7577547C>A	hg19.chr17:g.7577547C>A	TP53	62635:c.734C>A	62635:p.(Gly245Val)	PMID28548104;ESCC_150	Li et al. (originally published by Chang et al.(2017))	ESCC
hg19	hg19.chr17:g.7578212G>A	hg19.chr17:g.7578212G>A	TP53	62635:c.637G>A	62635:p.(Arg213Ter)	PMID28548104;ESCC_158	Li et al. (originally published by Chang et al.(2017))	ESCC
hg19	hg19.chr17:g.7577082C>T	hg19.chr17:g.7577082C>T	TP53	62636:c.856C>T	62636:p.(Glu286Lys)	PMID28548104;ESCC_16	Li et al. (originally published by Chang et al.(2017))	ESCC
hg19	hg19.chr17:g.7578257C>A	hg19.chr17:g.7578257C>A	TP53	62635:c.592C>A	62635:p.(Glu198Ter)	PMID28548104;ESCC_162	Li et al. (originally published by Chang et al.(2017))	ESCC
hg19	hg19.chr17:g.7577560A>G	hg19.chr17:g.7577560A>G	TP53	62635:c.721A>G	62635:p.(Ser241Pro)	PMID28548104;ESCC_168	Li et al. (originally published by Chang et al.(2017))	ESCC
hg19	hg19.chr17:g.7577539G>A	hg19.chr17:g.7577539G>A	TP53	62635:c.742G>A	62635:p.(Arg248Trp)	PMID28548104;ESCC_171	Li et al. (originally published by Chang et al.(2017))	ESCC
hg19	hg19.chr17:g.7577579G>C	hg19.chr17:g.7577579G>C	TP53	62635:c.702G>C	62635:p.(Tyr234Ter)	PMID28548104;ESCC_172	Li et al. (originally published by Chang et al.(2017))	ESCC
hg19	hg19.chr17:g.7577547C>T	hg19.chr17:g.7577547C>T	TP53	62635:c.734C>T	62635:p.(Gly245Asp)	PMID28548104;ESCC_173	Li et al. (originally published by Chang et al.(2017))	ESCC
hg19	hg19.chr17:g.7577539G>A	hg19.chr17:g.7577539G>A	TP53	62635:c.742G>A	62635:p.(Arg248Trp)	PMID28548104;ESCC_175	Li et al. (originally published by Chang et al.(2017))	ESCC
hg19	hg19.chr17:g.7577538C>T	hg19.chr17:g.7577538C>T	TP53	62635:c.743C>T	62635:p.(Arg248Gln)	PMID28548104;ESCC_178	Li et al. (originally published by Chang et al.(2017))	ESCC
hg19	hg19.chr17:g.7577548C>T	hg19.chr17:g.7577548C>T	TP53	62635:c.733C>T	62635:p.(Gly245Ser)	PMID28548104;ESCC_179	Li et al. (originally published by Chang et al.(2017))	ESCC
hg19	hg19.chr17:g.7577539G>A	hg19.chr17:g.7577539G>A	TP53	62635:c.742G>A	62635:p.(Arg248Trp)	PMID28548104;ESCC_182	Li et al. (originally published by Chang et al.(2017))	ESCC
hg19	hg19.chr17:g.7578461C>A	hg19.chr17:g.7578461C>A	TP53	62635:c.469C>A	62635:p.(Val157Phe)	PMID28548104;ESCC_185	Li et al. (originally published by Chang et al.(2017))	ESCC
hg19	hg19.chr17:g.7578461C>A	hg19.chr17:g.7578461C>A	TP53	62635:c.469C>A	62635:p.(Val157Phe)	PMID28548104;ESCC_191	Li et al. (originally published by Chang et al.(2017))	ESCC
hg19	hg19.chr17:g.7577085C>T	hg19.chr17:g.7577085C>T	TP53	62636:c.853C>T	62636:p.(Glu285Lys)	PMID28548104;ESCC_196	Li et al. (originally published by Chang et al.(2017))	ESCC
hg19	hg19.chr17:g.7578266T>A	hg19.chr17:g.7578266T>A	TP53	62635:c.583T>A	62635:p.(Ile195Phe)	PMID28548104;ESCC_198	Li et al. (originally published by Chang et al.(2017))	ESCC
hg19	hg19.chr17:g.7577114C>A	hg19.chr17:g.7577114C>A	TP53	62636:c.824C>A	62636:p.(Cys275Phe)	PMID28548104;ESCC_199	Li et al. (originally published by Chang et al.(2017))	ESCC
hg19	hg19.chr17:g.7579566C>T	hg19.chr17:g.7579566C>T	TP53	62651:c.166C>T	62651:p.(Asp56Asn)	PMID28548104;ESCC_199	Li et al. (originally published by Chang et al.(2017))	ESCC
hg19	hg19.chr17:g.7578212G>A	hg19.chr17:g.7578212G>A	TP53	62635:c.637G>A	62635:p.(Arg213Ter)	PMID28548104;ESCC_208	Li et al. (originally published by Chang et al.(2017))	ESCC
hg19	hg19.chr17:g.7578235T>C	hg19.chr17:g.7578235T>C	TP53	62635:c.614T>C	62635:p.(Tyr205Cys)	PMID28548104;ESCC_210	Li et al. (originally published by Chang et al.(2017))	ESCC
hg19	hg19.chr17:g.7578394T>C	hg19.chr17:g.7578394T>C	TP53	62635:c.536T>C	62635:p.(His179Arg)	PMID28548104;ESCC_213	Li et al. (originally published by Chang et al.(2017))	ESCC
hg19	hg19.chr17:g.7578406C>T	hg19.chr17:g.7578406C>T	TP53	62635:c.524C>T	62635:p.(Arg175His)	PMID28548104;ESCC_220	Li et al. (originally published by Chang et al.(2017))	ESCC
hg19	hg19.chr17:g.7577102C>T	hg19.chr17:g.7577102C>T	TP53	62636:c.836C>T	62636:p.(Gly279Glu)	PMID28548104;ESCC_223	Li et al. (originally published by Chang et al.(2017))	ESCC
hg19	hg19.chr17:g.7579528C>T	hg19.chr17:g.7579528C>T	TP53	62651:c.204C>T	62651:p.(Trp68Ter)	PMID28548104;ESCC_224	Li et al. (originally published by Chang et al.(2017))	ESCC
hg19	hg19.chr17:g.7578263G>A	hg19.chr17:g.7578263G>A	TP53	62635:c.586G>A	62635:p.(Arg196Ter)	PMID28548104;ESCC_23	Li et al. (originally published by Chang et al.(2017))	ESCC
hg19	hg19.chr17:g.7574018G>A	hg19.chr17:g.7574018G>A	TP53	62643:c.1009G>A	62643:p.(Arg337Cys)	PMID28548104;ESCC_249	Li et al. (originally published by Chang et al.(2017))	ESCC
hg19	hg19.chr17:g.7579414C>T	hg19.chr17:g.7579414C>T	TP53	62651:c.318C>T	62651:p.(Trp106Ter)	PMID28548104;ESCC_26	Li et al. (originally published by Chang et al.(2017))	ESCC
hg19	hg19.chr17:g.7577115A>C	hg19.chr17:g.7577115A>C	TP53	62636:c.823A>C	62636:p.(Cys275Gly)	PMID28548104;ESCC_27	Li et al. (originally published by Chang et al.(2017))	ESCC
hg19	hg19.chr17:g.7579361A>C	hg19.chr17:g.7579361A>C	TP53	62651:c.371A>C	62651:p.(Phe124Cys)	PMID28548104;ESCC_35	Li et al. (originally published by Chang et al.(2017))	ESCC
hg19	hg19.chr17:g.7578406C>T	hg19.chr17:g.7578406C>T	TP53	62635:c.524C>T	62635:p.(Arg175His)	PMID28548104;ESCC_36	Li et al. (originally published by Chang et al.(2017))	ESCC
hg19	hg19.chr17:g.7577573G>T	hg19.chr17:g.7577573G>T	TP53	62635:c.708G>T	62635:p.(Tyr236Ter)	PMID28548104;ESCC_42	Li et al. (originally published by Chang et al.(2017))	ESCC
hg19	hg19.chr17:g.7578413C>T	hg19.chr17:g.7578413C>T	TP53	62635:c.517C>T	62635:p.(Val173Met)	PMID28548104;ESCC_48	Li et al. (originally published by Chang et al.(2017))	ESCC
hg19	hg19.chr17:g.7577046C>A	hg19.chr17:g.7577046C>A	TP53	62636:c.892C>A	62636:p.(Glu298Ter)	PMID28548104;ESCC_50	Li et al. (originally published by Chang et al.(2017))	ESCC
hg19	hg19.chr17:g.7578535T>C	hg19.chr17:g.7578535T>C	TP53	62635:c.395T>C	62635:p.(Lys132Arg)	PMID28548104;ESCC_55	Li et al. (originally published by Chang et al.(2017))	ESCC
hg19	hg19.chr17:g.7578524G>A	hg19.chr17:g.7578524G>A	TP53	62635:c.406G>A	62635:p.(Gln136Ter)	PMID28548104;ESCC_57	Li et al. (originally published by Chang et al.(2017))	ESCC
hg19	hg19.chr17:g.7577120C>T	hg19.chr17:g.7577120C>T	TP53	62636:c.818C>T	62636:p.(Arg273His)	PMID28548104;ESCC_62	Li et al. (originally published by Chang et al.(2017))	ESCC
hg19	hg19.chr17:g.7574018G>A	hg19.chr17:g.7574018G>A	TP53	62643:c.1009G>A	62643:p.(Arg337Cys)	PMID28548104;ESCC_64	Li et al. (originally published by Chang et al.(2017))	ESCC
hg19	hg19.chr17:g.7578265A>T	hg19.chr17:g.7578265A>T	TP53	62635:c.584A>T	62635:p.(Ile195Asn)	PMID28548104;ESCC_64	Li et al. (originally published by Chang et al.(2017))	ESCC
hg19	hg19.chr17:g.7579415C>T	hg19.chr17:g.7579415C>T	TP53	62651:c.317C>T	62651:p.(Trp106Ter)	PMID28548104;ESCC_65	Li et al. (originally published by Chang et al.(2017))	ESCC
hg19	hg19.chr17:g.7577120C>T	hg19.chr17:g.7577120C>T	TP53	62636:c.818C>T	62636:p.(Arg273His)	PMID28548104;ESCC_E3	Li et al. (originally published by Chang et al.(2017))	ESCC
hg19	hg19.chr17:g.7578212G>A	hg19.chr17:g.7578212G>A	TP53	62635:c.637G>A	62635:p.(Arg213Ter)	PMID28548104;ESCC_E3	Li et al. (originally published by Chang et al.(2017))	ESCC
hg19	hg19.chr17:g.7578212G>A	hg19.chr17:g.7578212G>A	TP53	62635:c.637G>A	62635:p.(Arg213Ter)	PMID28548104;ESCC_E30	Li et al. (originally published by Chang et al.(2017))	ESCC
hg19	hg19.chr17:g.7578263G>A	hg19.chr17:g.7578263G>A	TP53	62635:c.586G>A	62635:p.(Arg196Ter)	PMID28548104;ESCC_E45	Li et al. (originally published by Chang et al.(2017))	ESCC
hg19	hg19.chr17:g.7578203C>T	hg19.chr17:g.7578203C>T	TP53	62635:c.646C>T	62635:p.(Val216Met)	PMID28548104;ESCC_E50	Li et al. (originally published by Chang et al.(2017))	ESCC
hg19	hg19.chr17:g.7578272G>T	hg19.chr17:g.7578272G>T	TP53	62635:c.577G>T	62635:p.(His193Asn)	PMID28548104;ESCC_E74	Li et al. (originally published by Chang et al.(2017))	ESCC
hg19	hg19.chr17:g.7573991C>A	hg19.chr17:g.7573991C>A	TP53	62643:c.1036C>A	62643:p.(Glu346Ter)	PMID28548104;ESCC_E79	Li et al. (originally published by Chang et al.(2017))	ESCC
hg19	hg19.chr17:g.7579358C>A	hg19.chr17:g.7579358C>A	TP53	62651:c.374C>A	62651:p.(Arg125Leu)	PMID28548104;ESCC_E79	Li et al. (originally published by Chang et al.(2017))	ESCC
hg19	hg19.chr1:g.120611960C>T	hg19.chr1:g.120611960C>T	NOTCH2	6040:c.61C>T	6040:p.(Ala21Thr)	PMID28608921;ESCC_B519A	Li et al. (originally published by Dai et al.(2017))	ESCC
hg19	hg19.chr2:g.178098956A>G	hg19.chr2:g.178098956A>G	NFE2L2	12333:c.89A>G	12333:p.(Leu30Pro)	PMID28608921;ESCC_B519A	Li et al. (originally published by Dai et al.(2017))	ESCC
hg19	hg19.chr2:g.178098965T>C	hg19.chr2:g.178098965T>C	NFE2L2	12333:c.80T>C	12333:p.(Asp27Gly)	PMID28608921;ESCC_34A	Li et al. (originally published by Dai et al.(2017))	ESCC
hg19	hg19.chr2:g.178098973C>G	hg19.chr2:g.178098973C>G	NFE2L2	12333:c.72C>G	12333:p.(Trp24Cys)	PMID28608921;ESCC_30A	Li et al. (originally published by Dai et al.(2017))	ESCC
hg19	hg19.chr3:g.178936082G>A	hg19.chr3:g.178936082G>A	PIK3CA	14944:c.1624G>A	14944:p.(Glu542Lys)	PMID28608921;ESCC_11A	Li et al. (originally published by Dai et al.(2017))	ESCC
hg19	hg19.chr4:g.187541298T>A	hg19.chr4:g.187541298T>A	FAT1	20264:c.6442T>A	20264:p.(Lys2148Ter)	PMID28608921;ESCC_26A	Li et al. (originally published by Dai et al.(2017))	ESCC
hg19	hg19.chr4:g.187541349G>C	hg19.chr4:g.187541349G>C	FAT1	20264:c.6391G>C	20264:p.(Pro2131Ala)	PMID28608921;ESCC_26A	Li et al. (originally published by Dai et al.(2017))	ESCC
hg19	hg19.chr4:g.187630188G>T	hg19.chr4:g.187630188G>T	FAT1	20264:c.794G>T	20264:p.(Ser265Ter)	PMID28608921;ESCC_34A	Li et al. (originally published by Dai et al.(2017))	ESCC
hg19	hg19.chr9:g.139412228C>A	hg19.chr9:g.139412228C>A	NOTCH1	37446:c.1417C>A	37446:p.(Glu473Ter)	PMID28608921;ESCC_5A	Li et al. (originally published by Dai et al.(2017))	ESCC
hg19	hg19.chr9:g.139412353T>G	hg19.chr9:g.139412353T>G	NOTCH1	37446:c.1292T>G	37446:p.(Asn431Thr)	PMID28608921;ESCC_18A	Li et al. (originally published by Dai et al.(2017))	ESCC
hg19	hg19.chr9:g.139412591A>G	hg19.chr9:g.139412591A>G	NOTCH1	37446:c.1253A>G	37446:p.(Leu418Pro)	PMID28608921;ESCC_29A	Li et al. (originally published by Dai et al.(2017))	ESCC
hg19	hg19.chr9:g.139412597C>A	hg19.chr9:g.139412597C>A	NOTCH1	37446:c.1247C>A	37446:p.(Cys416Phe)	PMID28608921;ESCC_21A	Li et al. (originally published by Dai et al.(2017))	ESCC
hg19	hg19.chr13:g.48941648C>T	hg19.chr13:g.48941648C>T	RB1	49601:c.958C>T	49601:p.(Arg320Ter)	PMID28608921;ESCC_R176A	Li et al. (originally published by Dai et al.(2017))	ESCC
hg19	hg19.chr17:g.7576853C>A	hg19.chr17:g.7576853C>A	TP53	62636:c.993C>A	62636:p.(Gln331His)	PMID28608921;ESCC_3A	Li et al. (originally published by Dai et al.(2017))	ESCC
hg19	hg19.chr17:g.7577022G>A	hg19.chr17:g.7577022G>A	TP53	62636:c.916G>A	62636:p.(Arg306Ter)	PMID28608921;ESCC_33A	Li et al. (originally published by Dai et al.(2017))	ESCC
hg19	hg19.chr17:g.7577094G>A	hg19.chr17:g.7577094G>A	TP53	62636:c.844G>A	62636:p.(Arg282Trp)	PMID28608921;ESCC_35A	Li et al. (originally published by Dai et al.(2017))	ESCC
hg19	hg19.chr17:g.7577094G>A	hg19.chr17:g.7577094G>A	TP53	62636:c.844G>A	62636:p.(Arg282Trp)	PMID28608921;ESCC_37A	Li et al. (originally published by Dai et al.(2017))	ESCC
hg19	hg19.chr17:g.7577120C>T	hg19.chr17:g.7577120C>T	TP53	62636:c.818C>T	62636:p.(Arg273His)	PMID28608921;ESCC_15A	Li et al. (originally published by Dai et al.(2017))	ESCC
hg19	hg19.chr17:g.7577120C>T	hg19.chr17:g.7577120C>T	TP53	62636:c.818C>T	62636:p.(Arg273His)	PMID28608921;ESCC_22A	Li et al. (originally published by Dai et al.(2017))	ESCC
hg19	hg19.chr17:g.7577121G>A	hg19.chr17:g.7577121G>A	TP53	62636:c.817G>A	62636:p.(Arg273Cys)	PMID28608921;ESCC_62A	Li et al. (originally published by Dai et al.(2017))	ESCC
hg19	hg19.chr17:g.7577518T>A	hg19.chr17:g.7577518T>A	TP53	62635:c.763T>A	62635:p.(Ile255Phe)	PMID28608921;ESCC_24A	Li et al. (originally published by Dai et al.(2017))	ESCC
hg19	hg19.chr17:g.7577538C>T	hg19.chr17:g.7577538C>T	TP53	62635:c.743C>T	62635:p.(Arg248Gln)	PMID28608921;ESCC_41A	Li et al. (originally published by Dai et al.(2017))	ESCC
hg19	hg19.chr17:g.7577538C>T	hg19.chr17:g.7577538C>T	TP53	62635:c.743C>T	62635:p.(Arg248Gln)	PMID28608921;ESCC_5A	Li et al. (originally published by Dai et al.(2017))	ESCC
hg19	hg19.chr17:g.7577539G>A	hg19.chr17:g.7577539G>A	TP53	62635:c.742G>A	62635:p.(Arg248Trp)	PMID28608921;ESCC_8A	Li et al. (originally published by Dai et al.(2017))	ESCC
hg19	hg19.chr17:g.7577556C>A	hg19.chr17:g.7577556C>A	TP53	62635:c.725C>A	62635:p.(Cys242Phe)	PMID28608921;ESCC_39A	Li et al. (originally published by Dai et al.(2017))	ESCC
hg19	hg19.chr17:g.7577566T>C	hg19.chr17:g.7577566T>C	TP53	62635:c.715T>C	62635:p.(Asn239Asp)	PMID28608921;ESCC_4A	Li et al. (originally published by Dai et al.(2017))	ESCC
hg19	hg19.chr17:g.7578188C>A	hg19.chr17:g.7578188C>A	TP53	62635:c.661C>A	62635:p.(Glu221Ter)	PMID28608921;ESCC_34A	Li et al. (originally published by Dai et al.(2017))	ESCC
hg19	hg19.chr17:g.7578190T>C	hg19.chr17:g.7578190T>C	TP53	62635:c.659T>C	62635:p.(Tyr220Cys)	PMID28608921;ESCC_10A	Li et al. (originally published by Dai et al.(2017))	ESCC
hg19	hg19.chr17:g.7578190T>C	hg19.chr17:g.7578190T>C	TP53	62635:c.659T>C	62635:p.(Tyr220Cys)	PMID28608921;ESCC_1A	Li et al. (originally published by Dai et al.(2017))	ESCC
hg19	hg19.chr17:g.7578190T>C	hg19.chr17:g.7578190T>C	TP53	62635:c.659T>C	62635:p.(Tyr220Cys)	PMID28608921;ESCC_66A	Li et al. (originally published by Dai et al.(2017))	ESCC
hg19	hg19.chr17:g.7578212G>A	hg19.chr17:g.7578212G>A	TP53	62635:c.637G>A	62635:p.(Arg213Ter)	PMID28608921;ESCC_9A	Li et al. (originally published by Dai et al.(2017))	ESCC
hg19	hg19.chr17:g.7578212G>A	hg19.chr17:g.7578212G>A	TP53	62635:c.637G>A	62635:p.(Arg213Ter)	PMID28608921;ESCC_B519A	Li et al. (originally published by Dai et al.(2017))	ESCC
hg19	hg19.chr17:g.7578271T>A	hg19.chr17:g.7578271T>A	TP53	62635:c.578T>A	62635:p.(His193Leu)	PMID28608921;ESCC_52A	Li et al. (originally published by Dai et al.(2017))	ESCC
hg19	hg19.chr17:g.7578394T>C	hg19.chr17:g.7578394T>C	TP53	62635:c.536T>C	62635:p.(His179Arg)	PMID28608921;ESCC_16A	Li et al. (originally published by Dai et al.(2017))	ESCC
hg19	hg19.chr17:g.7578394T>C	hg19.chr17:g.7578394T>C	TP53	62635:c.536T>C	62635:p.(His179Arg)	PMID28608921;ESCC_3A	Li et al. (originally published by Dai et al.(2017))	ESCC
hg19	hg19.chr17:g.7578406C>T	hg19.chr17:g.7578406C>T	TP53	62635:c.524C>T	62635:p.(Arg175His)	PMID28608921;ESCC_18A	Li et al. (originally published by Dai et al.(2017))	ESCC
hg19	hg19.chr17:g.7578406C>T	hg19.chr17:g.7578406C>T	TP53	62635:c.524C>T	62635:p.(Arg175His)	PMID28608921;ESCC_29A	Li et al. (originally published by Dai et al.(2017))	ESCC
hg19	hg19.chr17:g.7578406C>T	hg19.chr17:g.7578406C>T	TP53	62635:c.524C>T	62635:p.(Arg175His)	PMID28608921;ESCC_2A	Li et al. (originally published by Dai et al.(2017))	ESCC
hg19	hg19.chr17:g.7578460A>G	hg19.chr17:g.7578460A>G	TP53	62635:c.470A>G	62635:p.(Val157Ala)	PMID28608921;ESCC_2A	Li et al. (originally published by Dai et al.(2017))	ESCC
hg19	hg19.chr17:g.7579361A>C	hg19.chr17:g.7579361A>C	TP53	62651:c.371A>C	62651:p.(Phe124Cys)	PMID28608921;ESCC_30A	Li et al. (originally published by Dai et al.(2017))	ESCC
hg19	hg19.chr17:g.7579406G>T	hg19.chr17:g.7579406G>T	TP53	62651:c.326G>T	62651:p.(Ser109Ter)	PMID28608921;ESCC_11A	Li et al. (originally published by Dai et al.(2017))	ESCC
hg19	hg19.chr17:g.7579528C>T	hg19.chr17:g.7579528C>T	TP53	62651:c.204C>T	62651:p.(Trp68Ter)	PMID28608921;ESCC_23A	Li et al. (originally published by Dai et al.(2017))	ESCC
hg19	hg19.chr17:g.7579844C>T	hg19.chr17:g.7579844C>T	TP53	62651:c.114C>T	62651:p.(Trp38Ter)	PMID28608921;ESCC_31A	Li et al. (originally published by Dai et al.(2017))	ESCC
hg19	hg19.chr17:g.7577120C>T	hg19.chr17:g.7577120C>T	TP53	62636:c.818C>T	62636:p.(Arg273His)	PMID30012096;ZH17	Li et al. (originally published by Guo et al.(2018))	ESCC
hg19	hg19.chr17:g.7577094G>A	hg19.chr17:g.7577094G>A	TP53	62636:c.844G>A	62636:p.(Arg282Trp)	PMID30012096;ZH19	Li et al. (originally published by Guo et al.(2018))	ESCC
hg19	hg19.chr17:g.7577559G>T	hg19.chr17:g.7577559G>T	TP53	62635:c.722G>T	62635:p.(Ser241Tyr)	PMID30012096;ZH19	Li et al. (originally published by Guo et al.(2018))	ESCC
hg19	hg19.chr2:g.178098973C>G	hg19.chr2:g.178098973C>G	NFE2L2	12333:c.72C>G	12333:p.(Trp24Cys)	PMID30012096;ZH23	Li et al. (originally published by Guo et al.(2018))	ESCC
hg19	hg19.chr17:g.7577120C>T	hg19.chr17:g.7577120C>T	TP53	62636:c.818C>T	62636:p.(Arg273His)	PMID30012096;ZH23	Li et al. (originally published by Guo et al.(2018))	ESCC
hg19	hg19.chr17:g.7577575A>G	hg19.chr17:g.7577575A>G	TP53	62635:c.706A>G	62635:p.(Tyr236His)	PMID30012096;ZH23	Li et al. (originally published by Guo et al.(2018))	ESCC
hg19	hg19.chr3:g.178952085A>G	hg19.chr3:g.178952085A>G	PIK3CA	14944:c.3140A>G	14944:p.(His1047Arg)	PMID30012096;ZH25	Li et al. (originally published by Guo et al.(2018))	ESCC
hg19	hg19.chr17:g.7577120C>A	hg19.chr17:g.7577120C>A	TP53	62636:c.818C>A	62636:p.(Arg273Leu)	PMID30012096;ZH25	Li et al. (originally published by Guo et al.(2018))	ESCC
hg19	hg19.chr2:g.178098800T>C	hg19.chr2:g.178098800T>C	NFE2L2	12333:c.245T>C	12333:p.(Glu82Gly)	PMID30012096;ZH26	Li et al. (originally published by Guo et al.(2018))	ESCC
hg19	hg19.chr17:g.7578550G>T	hg19.chr17:g.7578550G>T	TP53	62635:c.380G>T	62635:p.(Ser127Tyr)	PMID30012096;ZH26	Li et al. (originally published by Guo et al.(2018))	ESCC
hg19	hg19.chr4:g.187524103C>T	hg19.chr4:g.187524103C>T	FAT1	20264:c.11436C>T	20264:p.(Glu3812Glu)	PMID30975989;ESCC012	Li et al. (originally published by Yan et al.(2019))	ESCC
hg19	hg19.chr1:g.120611958G>A	hg19.chr1:g.120611958G>A	NOTCH2	6040:c.63G>A	6040:p.(Ala21Ala)	PMID30975989;ESCC031	Li et al. (originally published by Yan et al.(2019))	ESCC
hg19	hg19.chr3:g.178936082G>A	hg19.chr3:g.178936082G>A	PIK3CA	14944:c.1624G>A	14944:p.(Glu542Lys)	PMID30975989;ESCC045	Li et al. (originally published by Yan et al.(2019))	ESCC
hg19	hg19.chr1:g.120458737T>C	hg19.chr1:g.120458737T>C	NOTCH2	6040:c.6608T>C	6040:p.(Asn2203Ser)	PMID30975989;ESCC023	Li et al. (originally published by Yan et al.(2019))	ESCC
hg19	hg19.chr9:g.139391529G>A	hg19.chr9:g.139391529G>A	NOTCH1	37446:c.6662G>A	37446:p.(Ser2221Phe)	PMID30975989;ESCC014	Li et al. (originally published by Yan et al.(2019))	ESCC
hg19	hg19.chr17:g.7578406C>T	hg19.chr17:g.7578406C>T	TP53	62635:c.524C>T	62635:p.(Arg175His)	PMID30975989;ESCC007	Li et al. (originally published by Yan et al.(2019))	ESCC
hg19	hg19.chr13:g.48878116C>T	hg19.chr13:g.48878116C>T	RB1	49601:c.68C>T	49601:p.(Pro23Leu)	PMID30975989;ESCC029	Li et al. (originally published by Yan et al.(2019))	ESCC
hg19	hg19.chr3:g.178936005G>A	hg19.chr3:g.178936005G>A	PIK3CA	14944:c.1547G>A	14944:p.(Arg516Lys)	PMID30975989;ESCC022	Li et al. (originally published by Yan et al.(2019))	ESCC
hg19	hg19.chr9:g.139390779G>A	hg19.chr9:g.139390779G>A	NOTCH1	37446:c.7412G>A	37446:p.(Ser2471Leu)	PMID30975989;ESCC036	Li et al. (originally published by Yan et al.(2019))	ESCC
hg19	hg19.chr3:g.178936091G>A	hg19.chr3:g.178936091G>A	PIK3CA	14944:c.1633G>A	14944:p.(Glu545Lys)	PMID30975989;ESCC015	Li et al. (originally published by Yan et al.(2019))	ESCC
hg19	hg19.chr4:g.153247366C>G	hg19.chr4:g.153247366C>G	FBXW7	20029:c.1436C>G	20029:p.(Arg479Pro)	PMID30975989;ESCC012	Li et al. (originally published by Yan et al.(2019))	ESCC
hg19	hg19.chr4:g.187630906G>A	hg19.chr4:g.187630906G>A	FAT1	20264:c.76G>A	20264:p.(Arg26Ter)	PMID30975989;ESCC022	Li et al. (originally published by Yan et al.(2019))	ESCC
hg19	hg19.chr17:g.7579406G>T	hg19.chr17:g.7579406G>T	TP53	62651:c.326G>T	62651:p.(Ser109Ter)	PMID30975989;ESCC011	Li et al. (originally published by Yan et al.(2019))	ESCC
hg19	hg19.chr9:g.139399775C>A	hg19.chr9:g.139399775C>A	NOTCH1	37446:c.4573C>A	37446:p.(Glu1525Ter)	PMID30975989;ESCC024	Li et al. (originally published by Yan et al.(2019))	ESCC
hg19	hg19.chr3:g.178936091G>A	hg19.chr3:g.178936091G>A	PIK3CA	14944:c.1633G>A	14944:p.(Glu545Lys)	PMID30975989;ESCC035	Li et al. (originally published by Yan et al.(2019))	ESCC
hg19	hg19.chr17:g.7578457C>G	hg19.chr17:g.7578457C>G	TP53	62635:c.473C>G	62635:p.(Arg158Pro)	PMID30975989;ESCC039	Li et al. (originally published by Yan et al.(2019))	ESCC
hg19	hg19.chr4:g.153249440C>A	hg19.chr4:g.153249440C>A	FBXW7	20029:c.1338C>A	20029:p.(Trp446Cys)	PMID30975989;ESCC028	Li et al. (originally published by Yan et al.(2019))	ESCC
hg19	hg19.chr2:g.178098810C>G	hg19.chr2:g.178098810C>G	NFE2L2	12333:c.235C>G	12333:p.(Glu79Gln)	PMID30975989;ESCC045	Li et al. (originally published by Yan et al.(2019))	ESCC
hg19	hg19.chr4:g.153249510C>T	hg19.chr4:g.153249510C>T	FBXW7	20029:c.1268C>T	20029:p.(Gly423Glu)	PMID30975989;ESCC031	Li et al. (originally published by Yan et al.(2019))	ESCC
hg19	hg19.chr17:g.7578268A>T	hg19.chr17:g.7578268A>T	TP53	62635:c.581A>T	62635:p.(Leu194His)	PMID30975989;ESCC002	Li et al. (originally published by Yan et al.(2019))	ESCC
hg19	hg19.chr4:g.153244124G>C	hg19.chr4:g.153244124G>C	FBXW7	20029:c.2033G>C	20029:p.(Ser678Ter)	PMID30975989;ESCC039	Li et al. (originally published by Yan et al.(2019))	ESCC
hg19	hg19.chr4:g.153244285C>G	hg19.chr4:g.153244285C>G	FBXW7	20029:c.1872C>G	20029:p.(Gln624His)	PMID30975989;ESCC045	Li et al. (originally published by Yan et al.(2019))	ESCC
hg19	hg19.chr17:g.7577594A>T	hg19.chr17:g.7577594A>T	TP53	62635:c.687A>T	62635:p.(Cys229Ter)	PMID30975989;ESCC015	Li et al. (originally published by Yan et al.(2019))	ESCC
hg19	hg19.chr3:g.178936103G>C	hg19.chr3:g.178936103G>C	PIK3CA	14944:c.1645G>C	14944:p.(Asp549His)	PMID30975989;ESCC012	Li et al. (originally published by Yan et al.(2019))	ESCC
hg19	hg19.chr4:g.187558044G>A	hg19.chr4:g.187558044G>A	FAT1	20264:c.3667G>A	20264:p.(Pro1223Ser)	PMID30975989;ESCC010	Li et al. (originally published by Yan et al.(2019))	ESCC
hg19	hg19.chr17:g.7578524G>A	hg19.chr17:g.7578524G>A	TP53	62635:c.406G>A	62635:p.(Gln136Ter)	PMID30975989;ESCC026	Li et al. (originally published by Yan et al.(2019))	ESCC
hg19	hg19.chr4:g.153268116G>C	hg19.chr4:g.153268116G>C	FBXW7	20029:c.692G>C	20029:p.(Pro231Arg)	PMID30975989;ESCC035	Li et al. (originally published by Yan et al.(2019))	ESCC
hg19	hg19.chr3:g.178936091G>A	hg19.chr3:g.178936091G>A	PIK3CA	14944:c.1633G>A	14944:p.(Glu545Lys)	PMID30975989;ESCC027	Li et al. (originally published by Yan et al.(2019))	ESCC
hg19	hg19.chr17:g.7578271T>A	hg19.chr17:g.7578271T>A	TP53	62635:c.578T>A	62635:p.(His193Leu)	PMID30975989;ESCC022	Li et al. (originally published by Yan et al.(2019))	ESCC
hg19	hg19.chr17:g.7579313G>A	hg19.chr17:g.7579313G>A	TP53	62651:c.419G>A	62651:p.(Thr140Met)	PMID30975989;ESCC022	Li et al. (originally published by Yan et al.(2019))	ESCC
hg19	hg19.chr3:g.178936082G>A	hg19.chr3:g.178936082G>A	PIK3CA	14944:c.1624G>A	14944:p.(Glu542Lys)	PMID30975989;ESCC028	Li et al. (originally published by Yan et al.(2019))	ESCC
hg19	hg19.chr2:g.178097278C>T	hg19.chr2:g.178097278C>T	NFE2L2	12333:c.436C>T	12333:p.(Asp146Asn)	PMID30975989;ESCC031	Li et al. (originally published by Yan et al.(2019))	ESCC
hg19	hg19.chr17:g.7579406G>T	hg19.chr17:g.7579406G>T	TP53	62651:c.326G>T	62651:p.(Ser109Ter)	PMID30975989;ESCC026	Li et al. (originally published by Yan et al.(2019))	ESCC
hg19	hg19.chr3:g.178936091G>C	hg19.chr3:g.178936091G>C	PIK3CA	14944:c.1633G>C	14944:p.(Glu545Gln)	PMID30975989;ESCC010	Li et al. (originally published by Yan et al.(2019))	ESCC
hg19	hg19.chr17:g.7576855G>A	hg19.chr17:g.7576855G>A	TP53	62636:c.991G>A	62636:p.(Gln331Ter)	PMID30975989;ESCC035	Li et al. (originally published by Yan et al.(2019))	ESCC
hg19	hg19.chr17:g.7577548C>T	hg19.chr17:g.7577548C>T	TP53	62635:c.733C>T	62635:p.(Gly245Ser)	PMID30975989;ESCC004	Li et al. (originally published by Yan et al.(2019))	ESCC
hg19	hg19.chr17:g.7574003G>A	hg19.chr17:g.7574003G>A	TP53	62643:c.1024G>A	62643:p.(Arg342Ter)	PMID30975989;ESCC014	Li et al. (originally published by Yan et al.(2019))	ESCC
hg19	hg19.chr3:g.178936091G>A	hg19.chr3:g.178936091G>A	PIK3CA	14944:c.1633G>A	14944:p.(Glu545Lys)	PMID30975989;ESCC021	Li et al. (originally published by Yan et al.(2019))	ESCC
hg19	hg19.chr17:g.7574003G>A	hg19.chr17:g.7574003G>A	TP53	62643:c.1024G>A	62643:p.(Arg342Ter)	PMID30975989;ESCC024	Li et al. (originally published by Yan et al.(2019))	ESCC
hg19	hg19.chr17:g.7574003G>A	hg19.chr17:g.7574003G>A	TP53	62643:c.1024G>A	62643:p.(Arg342Ter)	PMID30975989;ESCC031	Li et al. (originally published by Yan et al.(2019))	ESCC
hg19	hg19.chr9:g.139418400G>A	hg19.chr9:g.139418400G>A	NOTCH1	37446:c.172G>A	37446:p.(Gln58Ter)	PMID30975989;ESCC032	Li et al. (originally published by Yan et al.(2019))	ESCC
hg19	hg19.chr17:g.7577509C>T	hg19.chr17:g.7577509C>T	TP53	62635:c.772C>T	62635:p.(Glu258Lys)	PMID30975989;ESCC033	Li et al. (originally published by Yan et al.(2019))	ESCC
hg19	hg19.chr17:g.7577536T>A	hg19.chr17:g.7577536T>A	TP53	62635:c.745T>A	62635:p.(Arg249Trp)	PMID31289612;11489	Li et al. (originally published by Urabe et al.(2019))	ESCC
hg19	hg19.chr9:g.139412326C>A	hg19.chr9:g.139412326C>A	NOTCH1	37446:c.1319C>A	37446:p.(Cys440Phe)	PMID31289612;11515	Li et al. (originally published by Urabe et al.(2019))	ESCC
hg19	hg19.chr17:g.7577530T>A	hg19.chr17:g.7577530T>A	TP53	62635:c.751T>A	62635:p.(Ile251Phe)	PMID31289612;11515	Li et al. (originally published by Urabe et al.(2019))	ESCC
hg19	hg19.chr17:g.7577085C>T	hg19.chr17:g.7577085C>T	TP53	62636:c.853C>T	62636:p.(Glu285Lys)	PMID31289612;22739	Li et al. (originally published by Urabe et al.(2019))	ESCC
hg19	hg19.chr17:g.7578275G>A	hg19.chr17:g.7578275G>A	TP53	62635:c.574G>A	62635:p.(Gln192Ter)	PMID31289612;22780	Li et al. (originally published by Urabe et al.(2019))	ESCC
hg19	hg19.chr17:g.7578496A>T	hg19.chr17:g.7578496A>T	TP53	62635:c.434A>T	62635:p.(Leu145Gln)	PMID31289612;22780	Li et al. (originally published by Urabe et al.(2019))	ESCC
hg19	hg19.chr17:g.7577539G>A	hg19.chr17:g.7577539G>A	TP53	62635:c.742G>A	62635:p.(Arg248Trp)	PMID31289612;23658	Li et al. (originally published by Urabe et al.(2019))	ESCC
hg19	hg19.chr17:g.7579485C>A	hg19.chr17:g.7579485C>A	TP53	62651:c.247C>A	62651:p.(Glu83Ter)	PMID31289612;23658	Li et al. (originally published by Urabe et al.(2019))	ESCC
hg19	hg19.chr17:g.7578266T>A	hg19.chr17:g.7578266T>A	TP53	62635:c.583T>A	62635:p.(Ile195Phe)	PMID31289612;23727	Li et al. (originally published by Urabe et al.(2019))	ESCC
hg19	hg19.chr17:g.7578271T>C	hg19.chr17:g.7578271T>C	TP53	62635:c.578T>C	62635:p.(His193Arg)	PMID31289612;23727	Li et al. (originally published by Urabe et al.(2019))	ESCC
hg19	hg19.chr17:g.7578190T>C	hg19.chr17:g.7578190T>C	TP53	62635:c.659T>C	62635:p.(Tyr220Cys)	PMID31289612;24311	Li et al. (originally published by Urabe et al.(2019))	ESCC
hg19	hg19.chr17:g.7578263G>A	hg19.chr17:g.7578263G>A	TP53	62635:c.586G>A	62635:p.(Arg196Ter)	PMID31289612;24311	Li et al. (originally published by Urabe et al.(2019))	ESCC
hg19	hg19.chr17:g.7578281G>C	hg19.chr17:g.7578281G>C	TP53	62635:c.568G>C	62635:p.(Pro190Ala)	PMID31289612;24411	Li et al. (originally published by Urabe et al.(2019))	ESCC
hg19	hg19.chr17:g.7577559G>A	hg19.chr17:g.7577559G>A	TP53	62635:c.722G>A	62635:p.(Ser241Phe)	PMID31289612;25074	Li et al. (originally published by Urabe et al.(2019))	ESCC
hg19	hg19.chr4:g.187541209T>A	hg19.chr4:g.187541209T>A	FAT1	20264:c.6531T>A	20264:p.(Lys2177Asn)	PMID31289612;25178	Li et al. (originally published by Urabe et al.(2019))	ESCC
hg19	hg19.chr17:g.7577521T>A	hg19.chr17:g.7577521T>A	TP53	62635:c.760T>A	62635:p.(Ile254Phe)	PMID31289612;25178	Li et al. (originally published by Urabe et al.(2019))	ESCC
hg19	hg19.chr17:g.7578406C>T	hg19.chr17:g.7578406C>T	TP53	62635:c.524C>T	62635:p.(Arg175His)	PMID31289612;25178	Li et al. (originally published by Urabe et al.(2019))	ESCC
hg19	hg19.chr17:g.7578394T>C	hg19.chr17:g.7578394T>C	TP53	62635:c.536T>C	62635:p.(His179Arg)	PMID31289612;25243	Li et al. (originally published by Urabe et al.(2019))	ESCC
hg19	hg19.chr17:g.7578191A>G	hg19.chr17:g.7578191A>G	TP53	62635:c.658A>G	62635:p.(Tyr220His)	PMID31289612;25287	Li et al. (originally published by Urabe et al.(2019))	ESCC
hg19	hg19.chr9:g.139409016T>C	hg19.chr9:g.139409016T>C	NOTCH1	37446:c.2153T>C	37446:p.(Asn718Ser)	PMID31289612;26694	Li et al. (originally published by Urabe et al.(2019))	ESCC
hg19	hg19.chr17:g.7578235T>C	hg19.chr17:g.7578235T>C	TP53	62635:c.614T>C	62635:p.(Tyr205Cys)	PMID31289612;26694	Li et al. (originally published by Urabe et al.(2019))	ESCC
hg19	hg19.chr17:g.7578394T>C	hg19.chr17:g.7578394T>C	TP53	62635:c.536T>C	62635:p.(His179Arg)	PMID31289612;26694	Li et al. (originally published by Urabe et al.(2019))	ESCC
hg19	hg19.chr17:g.7578394T>C	hg19.chr17:g.7578394T>C	TP53	62635:c.536T>C	62635:p.(His179Arg)	PMID31289612;26723	Li et al. (originally published by Urabe et al.(2019))	ESCC
hg19	hg19.chr13:g.48923137G>A	hg19.chr13:g.48923137G>A	RB1	49601:c.585G>A	49601:p.(Trp195Ter)	PMID32398863;BDESCC-01-238	Li et al. (originally published by Cui et al.(2020))	ESCC
hg19	hg19.chr17:g.7578507G>C	hg19.chr17:g.7578507G>C	TP53	62635:c.423G>C	62635:p.(Cys141Trp)	PMID32398863;BDESCC-01-238	Li et al. (originally published by Cui et al.(2020))	ESCC
hg19	hg19.chr4:g.187549458C>A	hg19.chr4:g.187549458C>A	FAT1	20264:c.4660C>A	20264:p.(Asp1554Tyr)	PMID32398863;BDESCC-01-977	Li et al. (originally published by Cui et al.(2020))	ESCC
hg19	hg19.chr17:g.7578203C>T	hg19.chr17:g.7578203C>T	TP53	62635:c.646C>T	62635:p.(Val216Met)	PMID32398863;BDESCC-01-338	Li et al. (originally published by Cui et al.(2020))	ESCC
hg19	hg19.chr3:g.178919117A>G	hg19.chr3:g.178919117A>G	PIK3CA	14944:c.602A>G	14944:p.(Asn201Ser)	PMID32398863;BDESCC-01-301	Li et al. (originally published by Cui et al.(2020))	ESCC
hg19	hg19.chr17:g.7578524G>A	hg19.chr17:g.7578524G>A	TP53	62635:c.406G>A	62635:p.(Gln136Ter)	PMID32398863;BDESCC-01-575	Li et al. (originally published by Cui et al.(2020))	ESCC
hg19	hg19.chr17:g.7579358C>A	hg19.chr17:g.7579358C>A	TP53	62651:c.374C>A	62651:p.(Arg125Leu)	PMID32398863;BDESCC-01-175	Li et al. (originally published by Cui et al.(2020))	ESCC
hg19	hg19.chr17:g.7577511A>C	hg19.chr17:g.7577511A>C	TP53	62635:c.770A>C	62635:p.(Leu257Arg)	PMID32398863;BDESCC-01-278	Li et al. (originally published by Cui et al.(2020))	ESCC
hg19	hg19.chr17:g.7578437G>A	hg19.chr17:g.7578437G>A	TP53	62635:c.493G>A	62635:p.(Gln165Ter)	PMID32398863;BDESCC-01-278	Li et al. (originally published by Cui et al.(2020))	ESCC
hg19	hg19.chr17:g.7578508C>T	hg19.chr17:g.7578508C>T	TP53	62635:c.422C>T	62635:p.(Cys141Tyr)	PMID32398863;BDESCC-01-329	Li et al. (originally published by Cui et al.(2020))	ESCC
hg19	hg19.chr17:g.7577102C>T	hg19.chr17:g.7577102C>T	TP53	62636:c.836C>T	62636:p.(Gly279Glu)	PMID32398863;BDESCC-01-305	Li et al. (originally published by Cui et al.(2020))	ESCC
hg19	hg19.chr17:g.7578403C>A	hg19.chr17:g.7578403C>A	TP53	62635:c.527C>A	62635:p.(Cys176Phe)	PMID32398863;BDESCC-01-397	Li et al. (originally published by Cui et al.(2020))	ESCC
hg19	hg19.chr17:g.7578524G>A	hg19.chr17:g.7578524G>A	TP53	62635:c.406G>A	62635:p.(Gln136Ter)	PMID32398863;BDESCC-01-471	Li et al. (originally published by Cui et al.(2020))	ESCC
hg19	hg19.chr1:g.120468185G>C	hg19.chr1:g.120468185G>C	NOTCH2	6040:c.4254G>C	6040:p.(Pro1418Pro)	PMID32398863;BDESCC-01-667	Li et al. (originally published by Cui et al.(2020))	ESCC
hg19	hg19.chr17:g.7579358C>G	hg19.chr17:g.7579358C>G	TP53	62651:c.374C>G	62651:p.(Arg125Pro)	PMID32398863;BDESCC-01-667	Li et al. (originally published by Cui et al.(2020))	ESCC
hg19	hg19.chr4:g.153247366C>T	hg19.chr4:g.153247366C>T	FBXW7	20029:c.1436C>T	20029:p.(Arg479Gln)	PMID32398863;BDESCC-01-600	Li et al. (originally published by Cui et al.(2020))	ESCC
hg19	hg19.chr17:g.7578490A>T	hg19.chr17:g.7578490A>T	TP53	62635:c.440A>T	62635:p.(Val147Asp)	PMID32398863;BDESCC-01-600	Li et al. (originally published by Cui et al.(2020))	ESCC
hg19	hg19.chr9:g.139395213C>T	hg19.chr9:g.139395213C>T	NOTCH1	37446:c.5725C>T	37446:p.(Val1909Ile)	PMID32398863;BDESCC-01-118	Li et al. (originally published by Cui et al.(2020))	ESCC
hg19	hg19.chr17:g.7577141C>A	hg19.chr17:g.7577141C>A	TP53	62636:c.797C>A	62636:p.(Gly266Val)	PMID32398863;BDESCC-01-118	Li et al. (originally published by Cui et al.(2020))	ESCC
hg19	hg19.chr9:g.139399237C>A	hg19.chr9:g.139399237C>A	NOTCH1	37446:c.4906C>A	37446:p.(Glu1636Ter)	PMID32398863;BDESCC-01-870	Li et al. (originally published by Cui et al.(2020))	ESCC
hg19	hg19.chr17:g.7577141C>T	hg19.chr17:g.7577141C>T	TP53	62636:c.797C>T	62636:p.(Gly266Glu)	PMID32398863;BDESCC-01-789	Li et al. (originally published by Cui et al.(2020))	ESCC
hg19	hg19.chr17:g.7578263G>A	hg19.chr17:g.7578263G>A	TP53	62635:c.586G>A	62635:p.(Arg196Ter)	PMID32398863;BDESCC-01-715	Li et al. (originally published by Cui et al.(2020))	ESCC
hg19	hg19.chr17:g.7573991C>A	hg19.chr17:g.7573991C>A	TP53	62643:c.1036C>A	62643:p.(Glu346Ter)	PMID32398863;BDESCC-01-578	Li et al. (originally published by Cui et al.(2020))	ESCC
hg19	hg19.chr4:g.187522472G>A	hg19.chr4:g.187522472G>A	FAT1	20264:c.11591G>A	20264:p.(Thr3864Met)	PMID32398863;BDESCC-01-547	Li et al. (originally published by Cui et al.(2020))	ESCC
hg19	hg19.chr17:g.7578235T>C	hg19.chr17:g.7578235T>C	TP53	62635:c.614T>C	62635:p.(Tyr205Cys)	PMID32398863;BDESCC-01-547	Li et al. (originally published by Cui et al.(2020))	ESCC
hg19	hg19.chr3:g.178916876G>A	hg19.chr3:g.178916876G>A	PIK3CA	14944:c.263G>A	14944:p.(Arg88Gln)	PMID32398863;BDESCC-01-676	Li et al. (originally published by Cui et al.(2020))	ESCC
hg19	hg19.chr17:g.7578496A>T	hg19.chr17:g.7578496A>T	TP53	62635:c.434A>T	62635:p.(Leu145Gln)	PMID32398863;BDESCC-01-709	Li et al. (originally published by Cui et al.(2020))	ESCC
hg19	hg19.chr13:g.49039374C>T	hg19.chr13:g.49039374C>T	RB1	49601:c.2359C>T	49601:p.(Arg787Ter)	PMID32398863;BDESCC-01-717	Li et al. (originally published by Cui et al.(2020))	ESCC
hg19	hg19.chr17:g.7578265A>T	hg19.chr17:g.7578265A>T	TP53	62635:c.584A>T	62635:p.(Ile195Asn)	PMID32398863;BDESCC-01-924	Li et al. (originally published by Cui et al.(2020))	ESCC
hg19	hg19.chr2:g.178095625C>T	hg19.chr2:g.178095625C>T	NFE2L2	12333:c.1706C>T	12333:p.(Arg569His)	PMID32398863;BDESCC-01-706	Li et al. (originally published by Cui et al.(2020))	ESCC
hg19	hg19.chr9:g.139401853C>A	hg19.chr9:g.139401853C>A	NOTCH1	37446:c.3547C>A	37446:p.(Glu1183Ter)	PMID32398863;BDESCC-01-706	Li et al. (originally published by Cui et al.(2020))	ESCC
hg19	hg19.chr17:g.7577105G>T	hg19.chr17:g.7577105G>T	TP53	62636:c.833G>T	62636:p.(Pro278His)	PMID32398863;BDESCC-01-706	Li et al. (originally published by Cui et al.(2020))	ESCC
hg19	hg19.chr17:g.7574003G>A	hg19.chr17:g.7574003G>A	TP53	62643:c.1024G>A	62643:p.(Arg342Ter)	PMID32398863;BDESCC-01-541	Li et al. (originally published by Cui et al.(2020))	ESCC
hg19	hg19.chr17:g.7578479G>A	hg19.chr17:g.7578479G>A	TP53	62635:c.451G>A	62635:p.(Pro151Ser)	PMID32398863;BDESCC-01-668	Li et al. (originally published by Cui et al.(2020))	ESCC
hg19	hg19.chr17:g.7579377G>A	hg19.chr17:g.7579377G>A	TP53	62651:c.355G>A	62651:p.(Gln119Ter)	PMID32398863;BDESCC-01-281	Li et al. (originally published by Cui et al.(2020))	ESCC
hg19	hg19.chr1:g.120459193C>G	hg19.chr1:g.120459193C>G	NOTCH2	6040:c.6152C>G	6040:p.(Arg2051Pro)	PMID32398863;BDESCC-01-606	Li et al. (originally published by Cui et al.(2020))	ESCC
hg19	hg19.chr1:g.120471665C>A	hg19.chr1:g.120471665C>A	NOTCH2	6040:c.3826C>A	6040:p.(Glu1276Ter)	PMID32398863;BDESCC-01-606	Li et al. (originally published by Cui et al.(2020))	ESCC
hg19	hg19.chr9:g.139413964A>C	hg19.chr9:g.139413964A>C	NOTCH1	37446:c.796A>C	37446:p.(Cys266Gly)	PMID32398863;BDESCC-01-606	Li et al. (originally published by Cui et al.(2020))	ESCC
hg19	hg19.chr17:g.7578212G>A	hg19.chr17:g.7578212G>A	TP53	62635:c.637G>A	62635:p.(Arg213Ter)	PMID32398863;BDESCC-01-606	Li et al. (originally published by Cui et al.(2020))	ESCC
hg19	hg19.chr4:g.187630651C>G	hg19.chr4:g.187630651C>G	FAT1	20264:c.331C>G	20264:p.(Glu111Gln)	PMID32398863;BDESCC-01-418	Li et al. (originally published by Cui et al.(2020))	ESCC
hg19	hg19.chr17:g.7577570C>T	hg19.chr17:g.7577570C>T	TP53	62635:c.711C>T	62635:p.(Met237Ile)	PMID32398863;BDESCC-01-012	Li et al. (originally published by Cui et al.(2020))	ESCC
hg19	hg19.chr17:g.7577094G>A	hg19.chr17:g.7577094G>A	TP53	62636:c.844G>A	62636:p.(Arg282Trp)	PMID32398863;BDESCC-01-847	Li et al. (originally published by Cui et al.(2020))	ESCC
hg19	hg19.chr17:g.7579536C>A	hg19.chr17:g.7579536C>A	TP53	62651:c.196C>A	62651:p.(Glu66Ter)	PMID32398863;BDESCC-01-847	Li et al. (originally published by Cui et al.(2020))	ESCC
hg19	hg19.chr4:g.153247366C>T	hg19.chr4:g.153247366C>T	FBXW7	20029:c.1436C>T	20029:p.(Arg479Gln)	PMID32398863;BDESCC-01-980	Li et al. (originally published by Cui et al.(2020))	ESCC
hg19	hg19.chr17:g.7578212G>A	hg19.chr17:g.7578212G>A	TP53	62635:c.637G>A	62635:p.(Arg213Ter)	PMID32398863;BDESCC-01-980	Li et al. (originally published by Cui et al.(2020))	ESCC
hg19	hg19.chr9:g.139412282C>T	hg19.chr9:g.139412282C>T	NOTCH1	37446:c.1363C>T	37446:p.(Glu455Lys)	PMID32398863;BDESCC-01-476	Li et al. (originally published by Cui et al.(2020))	ESCC
hg19	hg19.chr17:g.7577090C>G	hg19.chr17:g.7577090C>G	TP53	62636:c.848C>G	62636:p.(Arg283Pro)	PMID32398863;BDESCC-01-476	Li et al. (originally published by Cui et al.(2020))	ESCC
hg19	hg19.chr1:g.120468261C>T	hg19.chr1:g.120468261C>T	NOTCH2	6040:c.4178C>T	6040:p.(Arg1393His)	PMID32398863;BDESCC-01-794	Li et al. (originally published by Cui et al.(2020))	ESCC
hg19	hg19.chr4:g.187540187T>A	hg19.chr4:g.187540187T>A	FAT1	20264:c.7553T>A	20264:p.(Asp2518Val)	PMID32398863;BDESCC-01-324	Li et al. (originally published by Cui et al.(2020))	ESCC
hg19	hg19.chr3:g.178916854G>A	hg19.chr3:g.178916854G>A	PIK3CA	14944:c.241G>A	14944:p.(Glu81Lys)	PMID32398863;BDESCC-01-887	Li et al. (originally published by Cui et al.(2020))	ESCC
hg19	hg19.chr2:g.178098945G>C	hg19.chr2:g.178098945G>C	NFE2L2	12333:c.100G>C	12333:p.(Arg34Gly)	PMID32398863;BDESCC-01-130	Li et al. (originally published by Cui et al.(2020))	ESCC
hg19	hg19.chr4:g.153247376T>C	hg19.chr4:g.153247376T>C	FBXW7	20029:c.1426T>C	20029:p.(Ser476Gly)	PMID32398863;BDESCC-01-130	Li et al. (originally published by Cui et al.(2020))	ESCC
hg19	hg19.chr17:g.7574012C>A	hg19.chr17:g.7574012C>A	TP53	62643:c.1015C>A	62643:p.(Glu339Ter)	PMID32398863;BDESCC-01-453	Li et al. (originally published by Cui et al.(2020))	ESCC
hg19	hg19.chr9:g.139391377G>T	hg19.chr9:g.139391377G>T	NOTCH1	37446:c.6814G>T	37446:p.(Arg2272Ser)	PMID32398863;BDESCC-01-280	Li et al. (originally published by Cui et al.(2020))	ESCC
hg19	hg19.chr17:g.7578211C>A	hg19.chr17:g.7578211C>A	TP53	62635:c.638C>A	62635:p.(Arg213Leu)	PMID32398863;BDESCC-01-280	Li et al. (originally published by Cui et al.(2020))	ESCC
hg19	hg19.chr17:g.7577121G>A	hg19.chr17:g.7577121G>A	TP53	62636:c.817G>A	62636:p.(Arg273Cys)	PMID32398863;BDESCC-01-209	Li et al. (originally published by Cui et al.(2020))	ESCC
hg19	hg19.chr17:g.7577100T>C	hg19.chr17:g.7577100T>C	TP53	62636:c.838T>C	62636:p.(Arg280Gly)	PMID32398863;BDESCC-01-844	Li et al. (originally published by Cui et al.(2020))	ESCC
hg19	hg19.chr17:g.7577520A>G	hg19.chr17:g.7577520A>G	TP53	62635:c.761A>G	62635:p.(Ile254Thr)	PMID32398863;BDESCC-01-844	Li et al. (originally published by Cui et al.(2020))	ESCC
hg19	hg19.chr17:g.7578534C>A	hg19.chr17:g.7578534C>A	TP53	62635:c.396C>A	62635:p.(Lys132Asn)	PMID32398863;BDESCC-01-217	Li et al. (originally published by Cui et al.(2020))	ESCC
hg19	hg19.chr4:g.153249393G>A	hg19.chr4:g.153249393G>A	FBXW7	20029:c.1385G>A	20029:p.(Ser462Phe)	PMID32398863;BDESCC-01-555	Li et al. (originally published by Cui et al.(2020))	ESCC
hg19	hg19.chr4:g.187630135G>A	hg19.chr4:g.187630135G>A	FAT1	20264:c.847G>A	20264:p.(Gln283Ter)	PMID32398863;BDESCC-01-555	Li et al. (originally published by Cui et al.(2020))	ESCC
hg19	hg19.chr17:g.7578191A>C	hg19.chr17:g.7578191A>C	TP53	62635:c.658A>C	62635:p.(Tyr220Asp)	PMID32398863;BDESCC-01-555	Li et al. (originally published by Cui et al.(2020))	ESCC
hg19	hg19.chr2:g.178098984C>G	hg19.chr2:g.178098984C>G	NFE2L2	12333:c.61C>G	12333:p.(Asp21His)	PMID32398863;BDESCC-01-309	Li et al. (originally published by Cui et al.(2020))	ESCC
hg19	hg19.chr17:g.7578507G>T	hg19.chr17:g.7578507G>T	TP53	62635:c.423G>T	62635:p.(Cys141Ter)	PMID32398863;BDESCC-01-901	Li et al. (originally published by Cui et al.(2020))	ESCC
hg19	hg19.chr4:g.187521077G>A	hg19.chr4:g.187521077G>A	FAT1	20264:c.12078G>A	20264:p.(Gly4026Gly)	PMID32398863;BDESCC-01-232	Li et al. (originally published by Cui et al.(2020))	ESCC
hg19	hg19.chr17:g.7578177C>T	hg19.chr17:g.7578177C>T	TP53	62635:c.672C>T	62635:p.(Glu224Glu)	PMID32398863;BDESCC-01-232	Li et al. (originally published by Cui et al.(2020))	ESCC
hg19	hg19.chr4:g.187557778G>C	hg19.chr4:g.187557778G>C	FAT1	20264:c.3933G>C	20264:p.(Ser1311Ser)	PMID32398863;BDESCC-01-875	Li et al. (originally published by Cui et al.(2020))	ESCC
hg19	hg19.chr4:g.187629223G>A	hg19.chr4:g.187629223G>A	FAT1	20264:c.1759G>A	20264:p.(Gln587Ter)	PMID32398863;BDESCC-01-670	Li et al. (originally published by Cui et al.(2020))	ESCC
hg19	hg19.chr17:g.7577082C>T	hg19.chr17:g.7577082C>T	TP53	62636:c.856C>T	62636:p.(Glu286Lys)	PMID32398863;BDESCC-01-670	Li et al. (originally published by Cui et al.(2020))	ESCC
hg19	hg19.chr17:g.7578454G>A	hg19.chr17:g.7578454G>A	TP53	62635:c.476G>A	62635:p.(Ala159Val)	PMID32398863;BDESCC-01-993	Li et al. (originally published by Cui et al.(2020))	ESCC
hg19	hg19.chr2:g.178098816C>A	hg19.chr2:g.178098816C>A	NFE2L2	12333:c.229C>A	12333:p.(Asp77Tyr)	PMID32398863;BDESCC-01-121	Li et al. (originally published by Cui et al.(2020))	ESCC
hg19	hg19.chr17:g.7578441G>T	hg19.chr17:g.7578441G>T	TP53	62635:c.489G>T	62635:p.(Tyr163Ter)	PMID32398863;BDESCC-01-778	Li et al. (originally published by Cui et al.(2020))	ESCC
hg19	hg19.chr17:g.7576897G>A	hg19.chr17:g.7576897G>A	TP53	62636:c.949G>A	62636:p.(Gln317Ter)	PMID32398863;BDESCC-01-176	Li et al. (originally published by Cui et al.(2020))	ESCC
hg19	hg19.chr1:g.120491666C>G	hg19.chr1:g.120491666C>G	NOTCH2	6040:c.2563C>G	6040:p.(Glu855Gln)	PMID32398863;BDESCC-01-299	Li et al. (originally published by Cui et al.(2020))	ESCC
hg19	hg19.chr9:g.139402507T>C	hg19.chr9:g.139402507T>C	NOTCH1	37446:c.3410T>C	37446:p.(Tyr1137Cys)	PMID32398863;BDESCC-01-299	Li et al. (originally published by Cui et al.(2020))	ESCC
hg19	hg19.chr17:g.7577557A>G	hg19.chr17:g.7577557A>G	TP53	62635:c.724A>G	62635:p.(Cys242Arg)	PMID32398863;BDESCC-01-299	Li et al. (originally published by Cui et al.(2020))	ESCC
hg19	hg19.chr17:g.7578457C>T	hg19.chr17:g.7578457C>T	TP53	62635:c.473C>T	62635:p.(Arg158His)	PMID32398863;BDESCC-01-299	Li et al. (originally published by Cui et al.(2020))	ESCC
hg19	hg19.chr4:g.187557257C>T	hg19.chr4:g.187557257C>T	FAT1	20264:c.4105C>T	20264:p.(Glu1369Lys)	PMID32398863;BDESCC-01-214	Li et al. (originally published by Cui et al.(2020))	ESCC
hg19	hg19.chr17:g.7577105G>C	hg19.chr17:g.7577105G>C	TP53	62636:c.833G>C	62636:p.(Pro278Arg)	PMID32398863;BDESCC-01-214	Li et al. (originally published by Cui et al.(2020))	ESCC
hg19	hg19.chr17:g.7578395G>A	hg19.chr17:g.7578395G>A	TP53	62635:c.535G>A	62635:p.(His179Tyr)	PMID32398863;BDESCC-01-544	Li et al. (originally published by Cui et al.(2020))	ESCC
hg19	hg19.chr17:g.7577575A>G	hg19.chr17:g.7577575A>G	TP53	62635:c.706A>G	62635:p.(Tyr236His)	PMID32398863;BDESCC-01-236	Li et al. (originally published by Cui et al.(2020))	ESCC
hg19	hg19.chr17:g.7578271T>C	hg19.chr17:g.7578271T>C	TP53	62635:c.578T>C	62635:p.(His193Arg)	PMID32398863;BDESCC-01-417	Li et al. (originally published by Cui et al.(2020))	ESCC
hg19	hg19.chr1:g.120512224C>T	hg19.chr1:g.120512224C>T	NOTCH2	6040:c.1018C>T	6040:p.(Asp340Asn)	PMID32398863;BDESCC-01-244	Li et al. (originally published by Cui et al.(2020))	ESCC
hg19	hg19.chr17:g.7578239C>A	hg19.chr17:g.7578239C>A	TP53	62635:c.610C>A	62635:p.(Glu204Ter)	PMID32398863;BDESCC-01-483	Li et al. (originally published by Cui et al.(2020))	ESCC
hg19	hg19.chr4:g.187630865G>C	hg19.chr4:g.187630865G>C	FAT1	20264:c.117G>C	20264:p.(Tyr39Ter)	PMID32398863;BDESCC-01-936	Li et al. (originally published by Cui et al.(2020))	ESCC
hg19	hg19.chr17:g.7577093C>G	hg19.chr17:g.7577093C>G	TP53	62636:c.845C>G	62636:p.(Arg282Pro)	PMID32398863;BDESCC-01-936	Li et al. (originally published by Cui et al.(2020))	ESCC
hg19	hg19.chr17:g.7577046C>A	hg19.chr17:g.7577046C>A	TP53	62636:c.892C>A	62636:p.(Glu298Ter)	PMID32398863;BDESCC-01-755	Li et al. (originally published by Cui et al.(2020))	ESCC
hg19	hg19.chr9:g.139399986G>A	hg19.chr9:g.139399986G>A	NOTCH1	37446:c.4362G>A	37446:p.(Cys1454Cys)	PMID32398863;BDESCC-01-589	Li et al. (originally published by Cui et al.(2020))	ESCC
hg19	hg19.chr17:g.7578263G>A	hg19.chr17:g.7578263G>A	TP53	62635:c.586G>A	62635:p.(Arg196Ter)	PMID32398863;BDESCC-01-589	Li et al. (originally published by Cui et al.(2020))	ESCC
hg19	hg19.chr17:g.7574003G>A	hg19.chr17:g.7574003G>A	TP53	62643:c.1024G>A	62643:p.(Arg342Ter)	PMID32398863;BDESCC-01-097	Li et al. (originally published by Cui et al.(2020))	ESCC
hg19	hg19.chr1:g.120462932C>T	hg19.chr1:g.120462932C>T	NOTCH2	6040:c.5399C>T	6040:p.(Arg1800His)	PMID32398863;BDESCC-01-730	Li et al. (originally published by Cui et al.(2020))	ESCC
hg19	hg19.chr2:g.178098975A>G	hg19.chr2:g.178098975A>G	NFE2L2	12333:c.70A>G	12333:p.(Trp24Arg)	PMID32398863;BDESCC-01-730	Li et al. (originally published by Cui et al.(2020))	ESCC
hg19	hg19.chr17:g.7574003G>A	hg19.chr17:g.7574003G>A	TP53	62643:c.1024G>A	62643:p.(Arg342Ter)	PMID32398863;BDESCC-01-730	Li et al. (originally published by Cui et al.(2020))	ESCC
hg19	hg19.chr4:g.187541241C>A	hg19.chr4:g.187541241C>A	FAT1	20264:c.6499C>A	20264:p.(Glu2167Ter)	PMID32398863;BDESCC-01-777	Li et al. (originally published by Cui et al.(2020))	ESCC
hg19	hg19.chr17:g.7577532G>A	hg19.chr17:g.7577532G>A	TP53	62635:c.749G>A	62635:p.(Pro250Leu)	PMID32398863;BDESCC-01-777	Li et al. (originally published by Cui et al.(2020))	ESCC
hg19	hg19.chr17:g.7578205C>A	hg19.chr17:g.7578205C>A	TP53	62635:c.644C>A	62635:p.(Ser215Ile)	PMID32398863;BDESCC-01-783	Li et al. (originally published by Cui et al.(2020))	ESCC
hg19	hg19.chr17:g.7577082C>T	hg19.chr17:g.7577082C>T	TP53	62636:c.856C>T	62636:p.(Glu286Lys)	PMID32398863;BDESCC-01-437	Li et al. (originally published by Cui et al.(2020))	ESCC
hg19	hg19.chr17:g.7577514G>A	hg19.chr17:g.7577514G>A	TP53	62635:c.767G>A	62635:p.(Thr256Ile)	PMID32398863;BDESCC-01-437	Li et al. (originally published by Cui et al.(2020))	ESCC
hg19	hg19.chr17:g.7578236A>G	hg19.chr17:g.7578236A>G	TP53	62635:c.613A>G	62635:p.(Tyr205His)	PMID32398863;BDESCC-01-085	Li et al. (originally published by Cui et al.(2020))	ESCC
hg19	hg19.chr17:g.7574003G>A	hg19.chr17:g.7574003G>A	TP53	62643:c.1024G>A	62643:p.(Arg342Ter)	PMID32398863;BDESCC-01-123	Li et al. (originally published by Cui et al.(2020))	ESCC
hg19	hg19.chr4:g.153332550C>A	hg19.chr4:g.153332550C>A	FBXW7	20029:c.406C>A	20029:p.(Glu136Ter)	PMID32398863;BDESCC-01-495	Li et al. (originally published by Cui et al.(2020))	ESCC
hg19	hg19.chr17:g.7578235T>C	hg19.chr17:g.7578235T>C	TP53	62635:c.614T>C	62635:p.(Tyr205Cys)	PMID32398863;BDESCC-01-495	Li et al. (originally published by Cui et al.(2020))	ESCC
hg19	hg19.chr4:g.153251907G>A	hg19.chr4:g.153251907G>A	FBXW7	20029:c.1099G>A	20029:p.(Arg367Ter)	PMID32398863;BDESCC-01-710	Li et al. (originally published by Cui et al.(2020))	ESCC
hg19	hg19.chr13:g.48955538C>T	hg19.chr13:g.48955538C>T	RB1	49601:c.1654C>T	49601:p.(Arg552Ter)	PMID32398863;BDESCC-01-710	Li et al. (originally published by Cui et al.(2020))	ESCC
hg19	hg19.chr17:g.7574003G>A	hg19.chr17:g.7574003G>A	TP53	62643:c.1024G>A	62643:p.(Arg342Ter)	PMID32398863;BDESCC-01-710	Li et al. (originally published by Cui et al.(2020))	ESCC
hg19	hg19.chr13:g.48936983C>T	hg19.chr13:g.48936983C>T	RB1	49601:c.751C>T	49601:p.(Arg251Ter)	PMID32398863;BDESCC-01-653	Li et al. (originally published by Cui et al.(2020))	ESCC
hg19	hg19.chr4:g.187524670G>A	hg19.chr4:g.187524670G>A	FAT1	20264:c.11010G>A	20264:p.(Ile3670Ile)	PMID32398863;BDESCC-01-948	Li et al. (originally published by Cui et al.(2020))	ESCC
hg19	hg19.chr4:g.187540840C>T	hg19.chr4:g.187540840C>T	FAT1	20264:c.6900C>T	20264:p.(Thr2300Thr)	PMID32398863;BDESCC-01-207	Li et al. (originally published by Cui et al.(2020))	ESCC
hg19	hg19.chr9:g.139409016T>C	hg19.chr9:g.139409016T>C	NOTCH1	37446:c.2153T>C	37446:p.(Asn718Ser)	PMID32398863;BDESCC-01-183	Li et al. (originally published by Cui et al.(2020))	ESCC
hg19	hg19.chr17:g.7577586A>T	hg19.chr17:g.7577586A>T	TP53	62635:c.695A>T	62635:p.(Ile232Asn)	PMID32398863;BDESCC-01-183	Li et al. (originally published by Cui et al.(2020))	ESCC
hg19	hg19.chr17:g.7578398G>C	hg19.chr17:g.7578398G>C	TP53	62635:c.532G>C	62635:p.(His178Asp)	PMID32398863;BDESCC-01-356	Li et al. (originally published by Cui et al.(2020))	ESCC
hg19	hg19.chr17:g.7577574T>C	hg19.chr17:g.7577574T>C	TP53	62635:c.707T>C	62635:p.(Tyr236Cys)	PMID32398863;BDESCC-01-211	Li et al. (originally published by Cui et al.(2020))	ESCC
hg19	hg19.chr17:g.7578212G>A	hg19.chr17:g.7578212G>A	TP53	62635:c.637G>A	62635:p.(Arg213Ter)	PMID32398863;BDESCC-01-070	Li et al. (originally published by Cui et al.(2020))	ESCC
hg19	hg19.chr17:g.7578539T>A	hg19.chr17:g.7578539T>A	TP53	62635:c.391T>A	62635:p.(Asn131Tyr)	PMID32398863;BDESCC-01-070	Li et al. (originally published by Cui et al.(2020))	ESCC
hg19	hg19.chr17:g.7577094G>A	hg19.chr17:g.7577094G>A	TP53	62636:c.844G>A	62636:p.(Arg282Trp)	PMID32398863;BDESCC-01-699	Li et al. (originally published by Cui et al.(2020))	ESCC
hg19	hg19.chr17:g.7578433G>T	hg19.chr17:g.7578433G>T	TP53	62635:c.497G>T	62635:p.(Ser166Ter)	PMID32398863;BDESCC-01-699	Li et al. (originally published by Cui et al.(2020))	ESCC
hg19	hg19.chr4:g.187557981G>A	hg19.chr4:g.187557981G>A	FAT1	20264:c.3730G>A	20264:p.(Gln1244Ter)	PMID32398863;BDESCC-01-513	Li et al. (originally published by Cui et al.(2020))	ESCC
hg19	hg19.chr17:g.7574018G>A	hg19.chr17:g.7574018G>A	TP53	62643:c.1009G>A	62643:p.(Arg337Cys)	PMID32398863;BDESCC-01-652	Li et al. (originally published by Cui et al.(2020))	ESCC
hg19	hg19.chr4:g.187521067G>A	hg19.chr4:g.187521067G>A	FAT1	20264:c.12088G>A	20264:p.(Pro4030Ser)	PMID32398863;BDESCC-01-591	Li et al. (originally published by Cui et al.(2020))	ESCC
hg19	hg19.chr4:g.187522521C>A	hg19.chr4:g.187522521C>A	FAT1	20264:c.11542C>A	20264:p.(Glu3848Ter)	PMID32398863;BDESCC-01-591	Li et al. (originally published by Cui et al.(2020))	ESCC
hg19	hg19.chr9:g.139413274G>A	hg19.chr9:g.139413274G>A	NOTCH1	37446:c.868G>A	37446:p.(Gln290Ter)	PMID32398863;BDESCC-01-591	Li et al. (originally published by Cui et al.(2020))	ESCC
hg19	hg19.chr17:g.7577556C>T	hg19.chr17:g.7577556C>T	TP53	62635:c.725C>T	62635:p.(Cys242Tyr)	PMID32398863;BDESCC-01-591	Li et al. (originally published by Cui et al.(2020))	ESCC
hg19	hg19.chr17:g.7578275G>A	hg19.chr17:g.7578275G>A	TP53	62635:c.574G>A	62635:p.(Gln192Ter)	PMID32398863;BDESCC-01-893	Li et al. (originally published by Cui et al.(2020))	ESCC
hg19	hg19.chr4:g.187584716C>T	hg19.chr4:g.187584716C>T	FAT1	20264:c.3317C>T	20264:p.(Trp1106Ter)	PMID32398863;BDESCC-01-271	Li et al. (originally published by Cui et al.(2020))	ESCC
hg19	hg19.chr9:g.139418358C>A	hg19.chr9:g.139418358C>A	NOTCH1	37446:c.214C>A	37446:p.(Gly72Trp)	PMID32398863;BDESCC-01-163	Li et al. (originally published by Cui et al.(2020))	ESCC
hg19	hg19.chr17:g.7577022G>A	hg19.chr17:g.7577022G>A	TP53	62636:c.916G>A	62636:p.(Arg306Ter)	PMID32398863;BDESCC-01-251	Li et al. (originally published by Cui et al.(2020))	ESCC
hg19	hg19.chr9:g.139411732C>T	hg19.chr9:g.139411732C>T	NOTCH1	37446:c.1547C>T	37446:p.(Cys516Tyr)	PMID32398863;BDESCC-01-873	Li et al. (originally published by Cui et al.(2020))	ESCC
hg19	hg19.chr17:g.7578406C>T	hg19.chr17:g.7578406C>T	TP53	62635:c.524C>T	62635:p.(Arg175His)	PMID32398863;BDESCC-01-873	Li et al. (originally published by Cui et al.(2020))	ESCC
hg19	hg19.chr13:g.48881511G>A	hg19.chr13:g.48881511G>A	RB1	49601:c.233G>A	49601:p.(Trp78Ter)	PMID32398863;BDESCC-01-107	Li et al. (originally published by Cui et al.(2020))	ESCC
hg19	hg19.chr17:g.7577120C>T	hg19.chr17:g.7577120C>T	TP53	62636:c.818C>T	62636:p.(Arg273His)	PMID32398863;BDESCC-01-107	Li et al. (originally published by Cui et al.(2020))	ESCC
hg19	hg19.chr17:g.7578268A>C	hg19.chr17:g.7578268A>C	TP53	62635:c.581A>C	62635:p.(Leu194Arg)	PMID32398863;BDESCC-01-780	Li et al. (originally published by Cui et al.(2020))	ESCC
hg19	hg19.chr17:g.7578419C>A	hg19.chr17:g.7578419C>A	TP53	62635:c.511C>A	62635:p.(Glu171Ter)	PMID32398863;BDESCC-01-325	Li et al. (originally published by Cui et al.(2020))	ESCC
hg19	hg19.chr17:g.7577114C>A	hg19.chr17:g.7577114C>A	TP53	62636:c.824C>A	62636:p.(Cys275Phe)	PMID32398863;BDESCC-01-234	Li et al. (originally published by Cui et al.(2020))	ESCC
hg19	hg19.chr17:g.7577095G>T	hg19.chr17:g.7577095G>T	TP53	62636:c.843G>T	62636:p.(Asp281Glu)	PMID32398863;BDESCC-01-161	Li et al. (originally published by Cui et al.(2020))	ESCC
hg19	hg19.chr17:g.7577538C>T	hg19.chr17:g.7577538C>T	TP53	62635:c.743C>T	62635:p.(Arg248Gln)	PMID32398863;BDESCC-01-621	Li et al. (originally published by Cui et al.(2020))	ESCC
hg19	hg19.chr4:g.187549389C>A	hg19.chr4:g.187549389C>A	FAT1	20264:c.4729C>A	20264:p.(Val1577Phe)	PMID32398863;BDESCC-01-801	Li et al. (originally published by Cui et al.(2020))	ESCC
hg19	hg19.chr17:g.7577120C>T	hg19.chr17:g.7577120C>T	TP53	62636:c.818C>T	62636:p.(Arg273His)	PMID32398863;BDESCC-01-801	Li et al. (originally published by Cui et al.(2020))	ESCC
hg19	hg19.chr2:g.178098966C>A	hg19.chr2:g.178098966C>A	NFE2L2	12333:c.79C>A	12333:p.(Asp27Tyr)	PMID32398863;BDESCC-01-489	Li et al. (originally published by Cui et al.(2020))	ESCC
hg19	hg19.chr17:g.7578188C>A	hg19.chr17:g.7578188C>A	TP53	62635:c.661C>A	62635:p.(Glu221Ter)	PMID32398863;BDESCC-01-489	Li et al. (originally published by Cui et al.(2020))	ESCC
hg19	hg19.chr2:g.178098944C>T	hg19.chr2:g.178098944C>T	NFE2L2	12333:c.101C>T	12333:p.(Arg34Gln)	PMID32398863;BDESCC-01-841	Li et al. (originally published by Cui et al.(2020))	ESCC
hg19	hg19.chr17:g.7574003G>A	hg19.chr17:g.7574003G>A	TP53	62643:c.1024G>A	62643:p.(Arg342Ter)	PMID32398863;BDESCC-01-841	Li et al. (originally published by Cui et al.(2020))	ESCC
hg19	hg19.chr17:g.7578212G>A	hg19.chr17:g.7578212G>A	TP53	62635:c.637G>A	62635:p.(Arg213Ter)	PMID32398863;BDESCC-01-841	Li et al. (originally published by Cui et al.(2020))	ESCC
hg19	hg19.chr17:g.7577124C>A	hg19.chr17:g.7577124C>A	TP53	62636:c.814C>A	62636:p.(Val272Leu)	PMID32398863;BDESCC-01-886	Li et al. (originally published by Cui et al.(2020))	ESCC
hg19	hg19.chr17:g.7577511A>T	hg19.chr17:g.7577511A>T	TP53	62635:c.770A>T	62635:p.(Leu257Gln)	PMID32398863;BDESCC-01-838A	Li et al. (originally published by Cui et al.(2020))	ESCC
hg19	hg19.chr17:g.7578426G>T	hg19.chr17:g.7578426G>T	TP53	62635:c.504G>T	62635:p.(His168Gln)	PMID32398863;BDESCC-01-838A	Li et al. (originally published by Cui et al.(2020))	ESCC
hg19	hg19.chr17:g.7578239C>A	hg19.chr17:g.7578239C>A	TP53	62635:c.610C>A	62635:p.(Glu204Ter)	PMID32398863;BDESCC-01-150	Li et al. (originally published by Cui et al.(2020))	ESCC
hg19	hg19.chr17:g.7577094G>A	hg19.chr17:g.7577094G>A	TP53	62636:c.844G>A	62636:p.(Arg282Trp)	PMID32398863;BDESCC-01-186	Li et al. (originally published by Cui et al.(2020))	ESCC
hg19	hg19.chr17:g.7577518T>A	hg19.chr17:g.7577518T>A	TP53	62635:c.763T>A	62635:p.(Ile255Phe)	PMID32398863;BDESCC-01-093	Li et al. (originally published by Cui et al.(2020))	ESCC
hg19	hg19.chr17:g.7579358C>A	hg19.chr17:g.7579358C>A	TP53	62651:c.374C>A	62651:p.(Arg125Leu)	PMID32398863;BDESCC-01-093	Li et al. (originally published by Cui et al.(2020))	ESCC
hg19	hg19.chr17:g.7578530A>G	hg19.chr17:g.7578530A>G	TP53	62635:c.400A>G	62635:p.(Phe134Leu)	PMID32398863;BDESCC-01-272	Li et al. (originally published by Cui et al.(2020))	ESCC
hg19	hg19.chr4:g.153247363T>A	hg19.chr4:g.153247363T>A	FBXW7	20029:c.1439T>A	20029:p.(Asp480Val)	PMID32398863;BDESCC-01-986	Li et al. (originally published by Cui et al.(2020))	ESCC
hg19	hg19.chr17:g.7574003G>A	hg19.chr17:g.7574003G>A	TP53	62643:c.1024G>A	62643:p.(Arg342Ter)	PMID32398863;BDESCC-01-595	Li et al. (originally published by Cui et al.(2020))	ESCC
hg19	hg19.chr4:g.187629578G>T	hg19.chr4:g.187629578G>T	FAT1	20264:c.1404G>T	20264:p.(Tyr468Ter)	PMID32398863;BDESCC-01-240	Li et al. (originally published by Cui et al.(2020))	ESCC
hg19	hg19.chr17:g.7577081T>A	hg19.chr17:g.7577081T>A	TP53	62636:c.857T>A	62636:p.(Glu286Val)	PMID32398863;BDESCC-01-088	Li et al. (originally published by Cui et al.(2020))	ESCC
hg19	hg19.chr17:g.7577575A>T	hg19.chr17:g.7577575A>T	TP53	62635:c.706A>T	62635:p.(Tyr236Asn)	PMID32398863;BDESCC-01-088	Li et al. (originally published by Cui et al.(2020))	ESCC
hg19	hg19.chr17:g.7577548C>T	hg19.chr17:g.7577548C>T	TP53	62635:c.733C>T	62635:p.(Gly245Ser)	PMID32398863;BDESCC-01-051	Li et al. (originally published by Cui et al.(2020))	ESCC
hg19	hg19.chr17:g.7578257C>A	hg19.chr17:g.7578257C>A	TP53	62635:c.592C>A	62635:p.(Glu198Ter)	PMID32398863;BDESCC-01-458	Li et al. (originally published by Cui et al.(2020))	ESCC
hg19	hg19.chr9:g.139410507C>A	hg19.chr9:g.139410507C>A	NOTCH1	37446:c.1595C>A	37446:p.(Cys532Phe)	PMID32398863;BDESCC-01-819	Li et al. (originally published by Cui et al.(2020))	ESCC
hg19	hg19.chr17:g.7577538C>T	hg19.chr17:g.7577538C>T	TP53	62635:c.743C>T	62635:p.(Arg248Gln)	PMID32398863;BDESCC-01-819	Li et al. (originally published by Cui et al.(2020))	ESCC
hg19	hg19.chr17:g.7577124C>A	hg19.chr17:g.7577124C>A	TP53	62636:c.814C>A	62636:p.(Val272Leu)	PMID32398863;BDESCC-01-736	Li et al. (originally published by Cui et al.(2020))	ESCC
hg19	hg19.chr4:g.187558044G>A	hg19.chr4:g.187558044G>A	FAT1	20264:c.3667G>A	20264:p.(Pro1223Ser)	PMID32398863;BDESCC-01-659	Li et al. (originally published by Cui et al.(2020))	ESCC
hg19	hg19.chr9:g.139407560C>A	hg19.chr9:g.139407560C>A	NOTCH1	37446:c.2380C>A	37446:p.(Glu794Ter)	PMID32398863;BDESCC-01-659	Li et al. (originally published by Cui et al.(2020))	ESCC
hg19	hg19.chr17:g.7579406G>T	hg19.chr17:g.7579406G>T	TP53	62651:c.326G>T	62651:p.(Ser109Ter)	PMID32398863;BDESCC-01-131	Li et al. (originally published by Cui et al.(2020))	ESCC
hg19	hg19.chr9:g.139397695G>T	hg19.chr9:g.139397695G>T	NOTCH1	37446:c.5106G>T	37446:p.(Phe1702Leu)	PMID32398863;BDESCC-01-412	Li et al. (originally published by Cui et al.(2020))	ESCC
hg19	hg19.chr17:g.7577538C>T	hg19.chr17:g.7577538C>T	TP53	62635:c.743C>T	62635:p.(Arg248Gln)	PMID32398863;BDESCC-01-412	Li et al. (originally published by Cui et al.(2020))	ESCC
hg19	hg19.chr17:g.7578275G>A	hg19.chr17:g.7578275G>A	TP53	62635:c.574G>A	62635:p.(Gln192Ter)	PMID32398863;BDESCC-01-412	Li et al. (originally published by Cui et al.(2020))	ESCC
hg19	hg19.chr4:g.153247289G>A	hg19.chr4:g.153247289G>A	FBXW7	20029:c.1513G>A	20029:p.(Arg505Cys)	PMID32398863;BDESCC-01-881	Li et al. (originally published by Cui et al.(2020))	ESCC
hg19	hg19.chr4:g.153247366C>T	hg19.chr4:g.153247366C>T	FBXW7	20029:c.1436C>T	20029:p.(Arg479Gln)	PMID32398863;BDESCC-01-881	Li et al. (originally published by Cui et al.(2020))	ESCC
hg19	hg19.chr9:g.139418197G>T	hg19.chr9:g.139418197G>T	NOTCH1	37446:c.375G>T	37446:p.(Tyr125Ter)	PMID32398863;BDESCC-01-223	Li et al. (originally published by Cui et al.(2020))	ESCC
hg19	hg19.chr17:g.7574003G>A	hg19.chr17:g.7574003G>A	TP53	62643:c.1024G>A	62643:p.(Arg342Ter)	PMID32398863;BDESCC-01-223	Li et al. (originally published by Cui et al.(2020))	ESCC
hg19	hg19.chr4:g.153250911C>T	hg19.chr4:g.153250911C>T	FBXW7	20029:c.1149C>T	20029:p.(Val383Val)	PMID32398863;BDESCC-01-171	Li et al. (originally published by Cui et al.(2020))	ESCC
hg19	hg19.chr17:g.7577594A>T	hg19.chr17:g.7577594A>T	TP53	62635:c.687A>T	62635:p.(Cys229Ter)	PMID32398863;BDESCC-01-171	Li et al. (originally published by Cui et al.(2020))	ESCC
hg19	hg19.chr17:g.7577094G>A	hg19.chr17:g.7577094G>A	TP53	62636:c.844G>A	62636:p.(Arg282Trp)	PMID32398863;BDESCC-01-915	Li et al. (originally published by Cui et al.(2020))	ESCC
hg19	hg19.chr17:g.7578492C>T	hg19.chr17:g.7578492C>T	TP53	62635:c.438C>T	62635:p.(Trp146Ter)	PMID32398863;BDESCC-01-654	Li et al. (originally published by Cui et al.(2020))	ESCC
hg19	hg19.chr17:g.7579313G>A	hg19.chr17:g.7579313G>A	TP53	62651:c.419G>A	62651:p.(Thr140Met)	PMID32398863;BDESCC-01-654	Li et al. (originally published by Cui et al.(2020))	ESCC
hg19	hg19.chr9:g.139412375C>T	hg19.chr9:g.139412375C>T	NOTCH1	37446:c.1270C>T	37446:p.(Glu424Lys)	PMID32398863;BDESCC-01-618	Li et al. (originally published by Cui et al.(2020))	ESCC
hg19	hg19.chr17:g.7574017C>A	hg19.chr17:g.7574017C>A	TP53	62643:c.1010C>A	62643:p.(Arg337Leu)	PMID32398863;BDESCC-01-198	Li et al. (originally published by Cui et al.(2020))	ESCC
hg19	hg19.chr9:g.139409016T>C	hg19.chr9:g.139409016T>C	NOTCH1	37446:c.2153T>C	37446:p.(Asn718Ser)	PMID32398863;BDESCC-01-366	Li et al. (originally published by Cui et al.(2020))	ESCC
hg19	hg19.chr17:g.7578493C>T	hg19.chr17:g.7578493C>T	TP53	62635:c.437C>T	62635:p.(Trp146Ter)	PMID32398863;BDESCC-01-366	Li et al. (originally published by Cui et al.(2020))	ESCC
hg19	hg19.chr4:g.187630906G>A	hg19.chr4:g.187630906G>A	FAT1	20264:c.76G>A	20264:p.(Arg26Ter)	PMID32398863;BDESCC-01-963	Li et al. (originally published by Cui et al.(2020))	ESCC
hg19	hg19.chr17:g.7578271T>A	hg19.chr17:g.7578271T>A	TP53	62635:c.578T>A	62635:p.(His193Leu)	PMID32398863;BDESCC-01-963	Li et al. (originally published by Cui et al.(2020))	ESCC
hg19	hg19.chr17:g.7579313G>A	hg19.chr17:g.7579313G>A	TP53	62651:c.419G>A	62651:p.(Thr140Met)	PMID32398863;BDESCC-01-963	Li et al. (originally published by Cui et al.(2020))	ESCC
hg19	hg19.chr1:g.120508112C>A	hg19.chr1:g.120508112C>A	NOTCH2	6040:c.1645C>A	6040:p.(Asp549Tyr)	PMID32398863;BDESCC-01-056	Li et al. (originally published by Cui et al.(2020))	ESCC
hg19	hg19.chr9:g.139399775C>A	hg19.chr9:g.139399775C>A	NOTCH1	37446:c.4573C>A	37446:p.(Glu1525Ter)	PMID32398863;BDESCC-01-823	Li et al. (originally published by Cui et al.(2020))	ESCC
hg19	hg19.chr17:g.7574003G>A	hg19.chr17:g.7574003G>A	TP53	62643:c.1024G>A	62643:p.(Arg342Ter)	PMID32398863;BDESCC-01-823	Li et al. (originally published by Cui et al.(2020))	ESCC
hg19	hg19.chr4:g.153268152C>T	hg19.chr4:g.153268152C>T	FBXW7	20029:c.656C>T	20029:p.(Gly219Glu)	PMID32398863;BDESCC-01-386	Li et al. (originally published by Cui et al.(2020))	ESCC
hg19	hg19.chr17:g.7578416C>A	hg19.chr17:g.7578416C>A	TP53	62635:c.514C>A	62635:p.(Val172Phe)	PMID32398863;BDESCC-01-386	Li et al. (originally published by Cui et al.(2020))	ESCC
hg19	hg19.chr17:g.7578524G>A	hg19.chr17:g.7578524G>A	TP53	62635:c.406G>A	62635:p.(Gln136Ter)	PMID32398863;BDESCC-01-956	Li et al. (originally published by Cui et al.(2020))	ESCC
hg19	hg19.chr17:g.7579406G>T	hg19.chr17:g.7579406G>T	TP53	62651:c.326G>T	62651:p.(Ser109Ter)	PMID32398863;BDESCC-01-956	Li et al. (originally published by Cui et al.(2020))	ESCC
hg19	hg19.chr4:g.153249440C>A	hg19.chr4:g.153249440C>A	FBXW7	20029:c.1338C>A	20029:p.(Trp446Cys)	PMID32398863;BDESCC-01-257	Li et al. (originally published by Cui et al.(2020))	ESCC
hg19	hg19.chr9:g.139396497G>A	hg19.chr9:g.139396497G>A	NOTCH1	37446:c.5428G>A	37446:p.(Gln1810Ter)	PMID32398863;BDESCC-01-257	Li et al. (originally published by Cui et al.(2020))	ESCC
hg19	hg19.chr17:g.7577120C>T	hg19.chr17:g.7577120C>T	TP53	62636:c.818C>T	62636:p.(Arg273His)	PMID32398863;BDESCC-01-257	Li et al. (originally published by Cui et al.(2020))	ESCC
hg19	hg19.chr9:g.139391033C>A	hg19.chr9:g.139391033C>A	NOTCH1	37446:c.7158C>A	37446:p.(Gln2386His)	PMID32398863;BDESCC-01-270	Li et al. (originally published by Cui et al.(2020))	ESCC
hg19	hg19.chr17:g.7577548C>T	hg19.chr17:g.7577548C>T	TP53	62635:c.733C>T	62635:p.(Gly245Ser)	PMID32398863;BDESCC-01-270	Li et al. (originally published by Cui et al.(2020))	ESCC
hg19	hg19.chr4:g.153249510C>T	hg19.chr4:g.153249510C>T	FBXW7	20029:c.1268C>T	20029:p.(Gly423Glu)	PMID32398863;BDESCC-01-042	Li et al. (originally published by Cui et al.(2020))	ESCC
hg19	hg19.chr17:g.7574003G>A	hg19.chr17:g.7574003G>A	TP53	62643:c.1024G>A	62643:p.(Arg342Ter)	PMID32398863;BDESCC-01-042	Li et al. (originally published by Cui et al.(2020))	ESCC
hg19	hg19.chr9:g.139418400G>A	hg19.chr9:g.139418400G>A	NOTCH1	37446:c.172G>A	37446:p.(Gln58Ter)	PMID32398863;BDESCC-01-900	Li et al. (originally published by Cui et al.(2020))	ESCC
hg19	hg19.chr17:g.7577509C>T	hg19.chr17:g.7577509C>T	TP53	62635:c.772C>T	62635:p.(Glu258Lys)	PMID32398863;BDESCC-01-611	Li et al. (originally published by Cui et al.(2020))	ESCC
hg19	hg19.chr17:g.7576855G>A	hg19.chr17:g.7576855G>A	TP53	62636:c.991G>A	62636:p.(Gln331Ter)	PMID32398863;BDESCC-01-992	Li et al. (originally published by Cui et al.(2020))	ESCC
hg19	hg19.chr17:g.7577120C>T	hg19.chr17:g.7577120C>T	TP53	62636:c.818C>T	62636:p.(Arg273His)	PMID32398863;BDESCC-01-414	Li et al. (originally published by Cui et al.(2020))	ESCC
hg19	hg19.chr17:g.7578454G>A	hg19.chr17:g.7578454G>A	TP53	62635:c.476G>A	62635:p.(Ala159Val)	PMID32398863;BDESCC-01-446	Li et al. (originally published by Cui et al.(2020))	ESCC
hg19	hg19.chr17:g.7578441G>T	hg19.chr17:g.7578441G>T	TP53	62635:c.489G>T	62635:p.(Tyr163Ter)	PMID32398863;BDESCC-01-613	Li et al. (originally published by Cui et al.(2020))	ESCC
hg19	hg19.chr4:g.153244124G>C	hg19.chr4:g.153244124G>C	FBXW7	20029:c.2033G>C	20029:p.(Ser678Ter)	PMID32398863;BDESCC-01-586	Li et al. (originally published by Cui et al.(2020))	ESCC
hg19	hg19.chr17:g.7578524G>A	hg19.chr17:g.7578524G>A	TP53	62635:c.406G>A	62635:p.(Gln136Ter)	PMID32398863;BDESCC-01-860	Li et al. (originally published by Cui et al.(2020))	ESCC
hg19	hg19.chr17:g.7577094G>A	hg19.chr17:g.7577094G>A	TP53	62636:c.844G>A	62636:p.(Arg282Trp)	PMID32398863;BDESCC-01-838B	Li et al. (originally published by Cui et al.(2020))	ESCC
hg19	hg19.chr9:g.139396915C>T	hg19.chr9:g.139396915C>T	NOTCH1	37446:c.5193C>T	37446:p.(Pro1731Pro)	PMID32398863;BDESCC-01-765	Li et al. (originally published by Cui et al.(2020))	ESCC
hg19	hg19.chr17:g.7578235T>C	hg19.chr17:g.7578235T>C	TP53	62635:c.614T>C	62635:p.(Tyr205Cys)	PMID32398863;BDESCC-01-765	Li et al. (originally published by Cui et al.(2020))	ESCC
hg19	hg19.chr9:g.139409016T>C	hg19.chr9:g.139409016T>C	NOTCH1	37446:c.2153T>C	37446:p.(Asn718Ser)	PMID32398863;BDESCC-01-314	Li et al. (originally published by Cui et al.(2020))	ESCC
hg19	hg19.chr17:g.7577538C>T	hg19.chr17:g.7577538C>T	TP53	62635:c.743C>T	62635:p.(Arg248Gln)	PMID32398863;BDESCC-01-314	Li et al. (originally published by Cui et al.(2020))	ESCC
hg19	hg19.chr2:g.178096019T>C	hg19.chr2:g.178096019T>C	NFE2L2	12333:c.1312T>C	12333:p.(Lys438Glu)	PMID32398863;BDESCC-01-573	Li et al. (originally published by Cui et al.(2020))	ESCC
hg19	hg19.chr9:g.139413060C>T	hg19.chr9:g.139413060C>T	NOTCH1	37446:c.1082C>T	37446:p.(Cys361Tyr)	PMID32398863;BDESCC-01-573	Li et al. (originally published by Cui et al.(2020))	ESCC
hg19	hg19.chr17:g.7577138C>G	hg19.chr17:g.7577138C>G	TP53	62636:c.800C>G	62636:p.(Arg267Pro)	PMID32398863;BDESCC-01-573	Li et al. (originally published by Cui et al.(2020))	ESCC
hg19	hg19.chr4:g.187521189A>T	hg19.chr4:g.187521189A>T	FAT1	20264:c.11966A>T	20264:p.(Leu3989Ter)	PMID32398863;BDESCC-01-976	Li et al. (originally published by Cui et al.(2020))	ESCC
hg19	hg19.chr17:g.7577094G>A	hg19.chr17:g.7577094G>A	TP53	62636:c.844G>A	62636:p.(Arg282Trp)	PMID32398863;BDESCC-01-976	Li et al. (originally published by Cui et al.(2020))	ESCC
hg19	hg19.chr17:g.7578239C>A	hg19.chr17:g.7578239C>A	TP53	62635:c.610C>A	62635:p.(Glu204Ter)	PMID32398863;BDESCC-01-415	Li et al. (originally published by Cui et al.(2020))	ESCC
hg19	hg19.chr17:g.7579312C>A	hg19.chr17:g.7579312C>A	TP53	62651:c.420C>A	62651:p.(Thr140Thr)	PMID32398863;BDESCC-01-951	Li et al. (originally published by Cui et al.(2020))	ESCC
hg19	hg19.chr2:g.178098810C>T	hg19.chr2:g.178098810C>T	NFE2L2	12333:c.235C>T	12333:p.(Glu79Lys)	PMID32398863;BDESCC-01-635	Li et al. (originally published by Cui et al.(2020))	ESCC
hg19	hg19.chr9:g.139412245C>A	hg19.chr9:g.139412245C>A	NOTCH1	37446:c.1400C>A	37446:p.(Cys467Phe)	PMID32398863;BDESCC-01-635	Li et al. (originally published by Cui et al.(2020))	ESCC
hg19	hg19.chr17:g.7578553T>C	hg19.chr17:g.7578553T>C	TP53	62635:c.377T>C	62635:p.(Tyr126Cys)	PMID32398863;BDESCC-01-635	Li et al. (originally published by Cui et al.(2020))	ESCC
hg19	hg19.chr17:g.7577022G>A	hg19.chr17:g.7577022G>A	TP53	62636:c.916G>A	62636:p.(Arg306Ter)	PMID32398863;BDESCC-01-680	Li et al. (originally published by Cui et al.(2020))	ESCC
hg19	hg19.chr17:g.7577114C>A	hg19.chr17:g.7577114C>A	TP53	62636:c.824C>A	62636:p.(Cys275Phe)	PMID32398863;BDESCC-01-989	Li et al. (originally published by Cui et al.(2020))	ESCC
hg19	hg19.chr17:g.7578205C>T	hg19.chr17:g.7578205C>T	TP53	62635:c.644C>T	62635:p.(Ser215Asn)	PMID32398863;BDESCC-01-478	Li et al. (originally published by Cui et al.(2020))	ESCC
hg19	hg19.chr17:g.7578427T>C	hg19.chr17:g.7578427T>C	TP53	62635:c.503T>C	62635:p.(His168Arg)	PMID32398863;BDESCC-01-478	Li et al. (originally published by Cui et al.(2020))	ESCC
hg19	hg19.chr17:g.7578406C>T	hg19.chr17:g.7578406C>T	TP53	62635:c.524C>T	62635:p.(Arg175His)	PMID32398863;BDESCC-01-345	Li et al. (originally published by Cui et al.(2020))	ESCC
hg19	hg19.chr9:g.139413911G>T	hg19.chr9:g.139413911G>T	NOTCH1	37446:c.849G>T	37446:p.(Cys283Ter)	PMID32398863;BDESCC-01-103	Li et al. (originally published by Cui et al.(2020))	ESCC
hg19	hg19.chr4:g.187509915T>C	hg19.chr4:g.187509915T>C	FAT1	20264:c.13598T>C	20264:p.(Glu4533Gly)	PMID32398863;BDESCC-01-526	Li et al. (originally published by Cui et al.(2020))	ESCC
hg19	hg19.chr9:g.139399480C>A	hg19.chr9:g.139399480C>A	NOTCH1	37446:c.4663C>A	37446:p.(Glu1555Ter)	PMID32398863;BDESCC-01-526	Li et al. (originally published by Cui et al.(2020))	ESCC
hg19	hg19.chr17:g.7574003G>A	hg19.chr17:g.7574003G>A	TP53	62643:c.1024G>A	62643:p.(Arg342Ter)	PMID32398863;BDESCC-01-526	Li et al. (originally published by Cui et al.(2020))	ESCC
hg19	hg19.chr17:g.7577124C>T	hg19.chr17:g.7577124C>T	TP53	62636:c.814C>T	62636:p.(Val272Met)	PMID32398863;BDESCC-01-341	Li et al. (originally published by Cui et al.(2020))	ESCC
hg19	hg19.chr4:g.187510258C>T	hg19.chr4:g.187510258C>T	FAT1	20264:c.13255C>T	20264:p.(Ala4419Thr)	PMID32398863;BDESCC-01-501	Li et al. (originally published by Cui et al.(2020))	ESCC
hg19	hg19.chr17:g.7577107A>T	hg19.chr17:g.7577107A>T	TP53	62636:c.831A>T	62636:p.(Cys277Ter)	PMID32398863;BDESCC-01-474	Li et al. (originally published by Cui et al.(2020))	ESCC
hg19	hg19.chr2:g.178129266G>A	hg19.chr2:g.178129266G>A	NFE2L2	12333:c.39G>A	12333:p.(Ser13Ser)	PMID32398863;BDESCC-01-343	Li et al. (originally published by Cui et al.(2020))	ESCC
hg19	hg19.chr9:g.139417515G>A	hg19.chr9:g.139417515G>A	NOTCH1	37446:c.529G>A	37446:p.(Gln177Ter)	PMID32398863;BDESCC-01-343	Li et al. (originally published by Cui et al.(2020))	ESCC
hg19	hg19.chr17:g.7578527A>G	hg19.chr17:g.7578527A>G	TP53	62635:c.403A>G	62635:p.(Cys135Arg)	PMID32398863;BDESCC-01-343	Li et al. (originally published by Cui et al.(2020))	ESCC
hg19	hg19.chr17:g.7577548C>T	hg19.chr17:g.7577548C>T	TP53	62635:c.733C>T	62635:p.(Gly245Ser)	PMID32398863;BDESCC-01-129	Li et al. (originally published by Cui et al.(2020))	ESCC
hg19	hg19.chr17:g.7578208T>C	hg19.chr17:g.7578208T>C	TP53	62635:c.641T>C	62635:p.(His214Arg)	PMID32398863;BDESCC-01-129	Li et al. (originally published by Cui et al.(2020))	ESCC
hg19	hg19.chr1:g.120480527T>C	hg19.chr1:g.120480527T>C	NOTCH2	6040:c.3290T>C	6040:p.(Tyr1097Cys)	PMID32398863;BDESCC-01-664	Li et al. (originally published by Cui et al.(2020))	ESCC
hg19	hg19.chr4:g.153332595C>A	hg19.chr4:g.153332595C>A	FBXW7	20029:c.361C>A	20029:p.(Glu121Ter)	PMID32398863;BDESCC-01-197	Li et al. (originally published by Cui et al.(2020))	ESCC
hg19	hg19.chr17:g.7577570C>T	hg19.chr17:g.7577570C>T	TP53	62635:c.711C>T	62635:p.(Met237Ile)	PMID32398863;BDESCC-01-665	Li et al. (originally published by Cui et al.(2020))	ESCC
hg19	hg19.chr17:g.7578257C>A	hg19.chr17:g.7578257C>A	TP53	62635:c.592C>A	62635:p.(Glu198Ter)	PMID32398863;BDESCC-01-665	Li et al. (originally published by Cui et al.(2020))	ESCC
hg19	hg19.chr17:g.7577114C>A	hg19.chr17:g.7577114C>A	TP53	62636:c.824C>A	62636:p.(Cys275Phe)	PMID32398863;BDESCC-01-829	Li et al. (originally published by Cui et al.(2020))	ESCC
hg19	hg19.chr17:g.7578508C>T	hg19.chr17:g.7578508C>T	TP53	62635:c.422C>T	62635:p.(Cys141Tyr)	PMID32398863;BDESCC-01-507	Li et al. (originally published by Cui et al.(2020))	ESCC
hg19	hg19.chr4:g.153244287G>A	hg19.chr4:g.153244287G>A	FBXW7	20029:c.1870G>A	20029:p.(Gln624Ter)	PMID32398863;BDESCC-01-974	Li et al. (originally published by Cui et al.(2020))	ESCC
hg19	hg19.chr17:g.7578526C>A	hg19.chr17:g.7578526C>A	TP53	62635:c.404C>A	62635:p.(Cys135Phe)	PMID32398863;BDESCC-01-974	Li et al. (originally published by Cui et al.(2020))	ESCC
hg19	hg19.chr17:g.7578406C>T	hg19.chr17:g.7578406C>T	TP53	62635:c.524C>T	62635:p.(Arg175His)	PMID32398863;BDESCC-01-787	Li et al. (originally published by Cui et al.(2020))	ESCC
hg19	hg19.chr9:g.139411736C>A	hg19.chr9:g.139411736C>A	NOTCH1	37446:c.1543C>A	37446:p.(Glu515Ter)	PMID32398863;BDESCC-01-770	Li et al. (originally published by Cui et al.(2020))	ESCC
hg19	hg19.chr4:g.187531117G>C	hg19.chr4:g.187531117G>C	FAT1	20264:c.9906G>C	20264:p.(Tyr3302Ter)	PMID32398863;BDESCC-01-603	Li et al. (originally published by Cui et al.(2020))	ESCC
hg19	hg19.chr17:g.7579575G>A	hg19.chr17:g.7579575G>A	TP53	62651:c.157G>A	62651:p.(Gln53Ter)	PMID32398863;BDESCC-01-603	Li et al. (originally published by Cui et al.(2020))	ESCC
hg19	hg19.chr17:g.7577094G>A	hg19.chr17:g.7577094G>A	TP53	62636:c.844G>A	62636:p.(Arg282Trp)	PMID32398863;BDESCC-01-812	Li et al. (originally published by Cui et al.(2020))	ESCC
hg19	hg19.chr17:g.7577124C>T	hg19.chr17:g.7577124C>T	TP53	62636:c.814C>T	62636:p.(Val272Met)	PMID32398863;BDESCC-01-557	Li et al. (originally published by Cui et al.(2020))	ESCC
hg19	hg19.chr4:g.153244124G>C	hg19.chr4:g.153244124G>C	FBXW7	20029:c.2033G>C	20029:p.(Ser678Ter)	PMID32398863;BDESCC-01-994	Li et al. (originally published by Cui et al.(2020))	ESCC
hg19	hg19.chr17:g.7577058C>A	hg19.chr17:g.7577058C>A	TP53	62636:c.880C>A	62636:p.(Glu294Ter)	PMID32398863;BDESCC-01-994	Li et al. (originally published by Cui et al.(2020))	ESCC
hg19	hg19.chr9:g.139402726C>A	hg19.chr9:g.139402726C>A	NOTCH1	37446:c.3283C>A	37446:p.(Asp1095Tyr)	PMID32398863;BDESCC-01-786	Li et al. (originally published by Cui et al.(2020))	ESCC
hg19	hg19.chr2:g.178098950A>C	hg19.chr2:g.178098950A>C	NFE2L2	12333:c.95A>C	12333:p.(Val32Gly)	PMID32398863;BDESCC-01-911	Li et al. (originally published by Cui et al.(2020))	ESCC
hg19	hg19.chr17:g.7577569A>G	hg19.chr17:g.7577569A>G	TP53	62635:c.712A>G	62635:p.(Cys238Arg)	PMID32398863;BDESCC-01-911	Li et al. (originally published by Cui et al.(2020))	ESCC
hg19	hg19.chr17:g.7578530A>G	hg19.chr17:g.7578530A>G	TP53	62635:c.400A>G	62635:p.(Phe134Leu)	PMID32398863;BDESCC-01-911	Li et al. (originally published by Cui et al.(2020))	ESCC
hg19	hg19.chr17:g.7578393A>T	hg19.chr17:g.7578393A>T	TP53	62635:c.537A>T	62635:p.(His179Gln)	PMID32398863;BDESCC-01-239	Li et al. (originally published by Cui et al.(2020))	ESCC
hg19	hg19.chr17:g.7578212G>A	hg19.chr17:g.7578212G>A	TP53	62635:c.637G>A	62635:p.(Arg213Ter)	PMID32398863;BDESCC-01-447	Li et al. (originally published by Cui et al.(2020))	ESCC
hg19	hg19.chr17:g.7578235T>C	hg19.chr17:g.7578235T>C	TP53	62635:c.614T>C	62635:p.(Tyr205Cys)	PMID32398863;BDESCC-01-908	Li et al. (originally published by Cui et al.(2020))	ESCC
hg19	hg19.chr9:g.139417569C>A	hg19.chr9:g.139417569C>A	NOTCH1	37446:c.475C>A	37446:p.(Glu159Ter)	PMID32398863;BDESCC-01-568	Li et al. (originally published by Cui et al.(2020))	ESCC
hg19	hg19.chr3:g.178916854G>A	hg19.chr3:g.178916854G>A	PIK3CA	14944:c.241G>A	14944:p.(Glu81Lys)	PMID32398863;BDESCC-01-059	Li et al. (originally published by Cui et al.(2020))	ESCC
hg19	hg19.chr17:g.7577534C>A	hg19.chr17:g.7577534C>A	TP53	62635:c.747C>A	62635:p.(Arg249Ser)	PMID32398863;BDESCC-01-059	Li et al. (originally published by Cui et al.(2020))	ESCC
hg19	hg19.chr2:g.178098944C>T	hg19.chr2:g.178098944C>T	NFE2L2	12333:c.101C>T	12333:p.(Arg34Gln)	PMID32398863;BDESCC-01-350	Li et al. (originally published by Cui et al.(2020))	ESCC
hg19	hg19.chr17:g.7574003G>A	hg19.chr17:g.7574003G>A	TP53	62643:c.1024G>A	62643:p.(Arg342Ter)	PMID32398863;BDESCC-01-350	Li et al. (originally published by Cui et al.(2020))	ESCC
hg19	hg19.chr2:g.178098962A>G	hg19.chr2:g.178098962A>G	NFE2L2	12333:c.83A>G	12333:p.(Ile28Thr)	PMID32398863;BDESCC-01-237	Li et al. (originally published by Cui et al.(2020))	ESCC
hg19	hg19.chr17:g.7577534C>A	hg19.chr17:g.7577534C>A	TP53	62635:c.747C>A	62635:p.(Arg249Ser)	PMID32398863;BDESCC-01-237	Li et al. (originally published by Cui et al.(2020))	ESCC
hg19	hg19.chr17:g.7576897G>A	hg19.chr17:g.7576897G>A	TP53	62636:c.949G>A	62636:p.(Gln317Ter)	PMID32398863;BDESCC-01-331	Li et al. (originally published by Cui et al.(2020))	ESCC
hg19	hg19.chr3:g.178916876G>A	hg19.chr3:g.178916876G>A	PIK3CA	14944:c.263G>A	14944:p.(Arg88Gln)	PMID32398863;BDESCC-01-566	Li et al. (originally published by Cui et al.(2020))	ESCC
hg19	hg19.chr17:g.7577129A>C	hg19.chr17:g.7577129A>C	TP53	62636:c.809A>C	62636:p.(Phe270Cys)	PMID32398863;BDESCC-01-566	Li et al. (originally published by Cui et al.(2020))	ESCC
hg19	hg19.chr4:g.153253810C>T	hg19.chr4:g.153253810C>T	FBXW7	20029:c.923C>T	20029:p.(Cys308Tyr)	PMID32398863;BDESCC-01-642	Li et al. (originally published by Cui et al.(2020))	ESCC
hg19	hg19.chr4:g.187627717C>A	hg19.chr4:g.187627717C>A	FAT1	20264:c.3265C>A	20264:p.(Gly1089Cys)	PMID32398863;BDESCC-01-642	Li et al. (originally published by Cui et al.(2020))	ESCC
hg19	hg19.chr17:g.7578212G>A	hg19.chr17:g.7578212G>A	TP53	62635:c.637G>A	62635:p.(Arg213Ter)	PMID32398863;BDESCC-01-642	Li et al. (originally published by Cui et al.(2020))	ESCC
hg19	hg19.chr3:g.178952085A>G	hg19.chr3:g.178952085A>G	PIK3CA	14944:c.3140A>G	14944:p.(His1047Arg)	PMID32398863;BDESCC-01-832	Li et al. (originally published by Cui et al.(2020))	ESCC
hg19	hg19.chr13:g.49047507C>G	hg19.chr13:g.49047507C>G	RB1	49601:c.2501C>G	49601:p.(Ser834Ter)	PMID32398863;BDESCC-01-832	Li et al. (originally published by Cui et al.(2020))	ESCC
hg19	hg19.chr17:g.7577511A>T	hg19.chr17:g.7577511A>T	TP53	62635:c.770A>T	62635:p.(Leu257Gln)	PMID32398863;BDESCC-01-832	Li et al. (originally published by Cui et al.(2020))	ESCC
hg19	hg19.chr4:g.187518319C>G	hg19.chr4:g.187518319C>G	FAT1	20264:c.12375C>G	20264:p.(Gln4125His)	PMID32398863;BDESCC-01-105	Li et al. (originally published by Cui et al.(2020))	ESCC
hg19	hg19.chr17:g.7577127C>T	hg19.chr17:g.7577127C>T	TP53	62636:c.811C>T	62636:p.(Glu271Lys)	PMID32398863;BDESCC-01-105	Li et al. (originally published by Cui et al.(2020))	ESCC
hg19	hg19.chr17:g.7577114C>T	hg19.chr17:g.7577114C>T	TP53	62636:c.824C>T	62636:p.(Cys275Tyr)	PMID32398863;BDESCC-01-943	Li et al. (originally published by Cui et al.(2020))	ESCC
hg19	hg19.chr9:g.139412684C>T	hg19.chr9:g.139412684C>T	NOTCH1	37446:c.1160C>T	37446:p.(Cys387Tyr)	PMID32398863;BDESCC-01-824	Li et al. (originally published by Cui et al.(2020))	ESCC
hg19	hg19.chr9:g.139417475C>T	hg19.chr9:g.139417475C>T	NOTCH1	37446:c.569C>T	37446:p.(Arg190His)	PMID32398863;BDESCC-01-824	Li et al. (originally published by Cui et al.(2020))	ESCC
hg19	hg19.chr17:g.7574003G>A	hg19.chr17:g.7574003G>A	TP53	62643:c.1024G>A	62643:p.(Arg342Ter)	PMID32398863;BDESCC-01-824	Li et al. (originally published by Cui et al.(2020))	ESCC
hg19	hg19.chr17:g.7578395G>A	hg19.chr17:g.7578395G>A	TP53	62635:c.535G>A	62635:p.(His179Tyr)	PMID32398863;BDESCC-01-846	Li et al. (originally published by Cui et al.(2020))	ESCC
hg19	hg19.chr2:g.178095625C>T	hg19.chr2:g.178095625C>T	NFE2L2	12333:c.1706C>T	12333:p.(Arg569His)	PMID32398863;BDESCC-01-111	Li et al. (originally published by Cui et al.(2020))	ESCC
hg19	hg19.chr17:g.7578275G>A	hg19.chr17:g.7578275G>A	TP53	62635:c.574G>A	62635:p.(Gln192Ter)	PMID32398863;BDESCC-01-111	Li et al. (originally published by Cui et al.(2020))	ESCC
hg19	hg19.chr17:g.7577539G>A	hg19.chr17:g.7577539G>A	TP53	62635:c.742G>A	62635:p.(Arg248Trp)	PMID32398863;BDESCC-01-723	Li et al. (originally published by Cui et al.(2020))	ESCC
hg19	hg19.chr17:g.7574021C>A	hg19.chr17:g.7574021C>A	TP53	62643:c.1006C>A	62643:p.(Glu336Ter)	PMID32398863;BDESCC-01-545	Li et al. (originally published by Cui et al.(2020))	ESCC
hg19	hg19.chr17:g.7577046C>A	hg19.chr17:g.7577046C>A	TP53	62636:c.892C>A	62636:p.(Glu298Ter)	PMID32398863;BDESCC-01-421	Li et al. (originally published by Cui et al.(2020))	ESCC
hg19	hg19.chr17:g.7574003G>A	hg19.chr17:g.7574003G>A	TP53	62643:c.1024G>A	62643:p.(Arg342Ter)	PMID32398863;BDESCC-01-562	Li et al. (originally published by Cui et al.(2020))	ESCC
hg19	hg19.chr17:g.7577545T>C	hg19.chr17:g.7577545T>C	TP53	62635:c.736T>C	62635:p.(Met246Val)	PMID32398863;BDESCC-01-719	Li et al. (originally published by Cui et al.(2020))	ESCC
hg19	hg19.chr2:g.178098944C>G	hg19.chr2:g.178098944C>G	NFE2L2	12333:c.101C>G	12333:p.(Arg34Pro)	PMID32398863;BDESCC-01-793	Li et al. (originally published by Cui et al.(2020))	ESCC
hg19	hg19.chr17:g.7578403C>A	hg19.chr17:g.7578403C>A	TP53	62635:c.527C>A	62635:p.(Cys176Phe)	PMID32398863;BDESCC-01-793	Li et al. (originally published by Cui et al.(2020))	ESCC
hg19	hg19.chr17:g.7574018G>A	hg19.chr17:g.7574018G>A	TP53	62643:c.1009G>A	62643:p.(Arg337Cys)	PMID32398863;BDESCC-01-311	Li et al. (originally published by Cui et al.(2020))	ESCC
hg19	hg19.chr17:g.7577539G>A	hg19.chr17:g.7577539G>A	TP53	62635:c.742G>A	62635:p.(Arg248Trp)	PMID32398863;BDESCC-01-174	Li et al. (originally published by Cui et al.(2020))	ESCC
hg19	hg19.chr17:g.7578212G>A	hg19.chr17:g.7578212G>A	TP53	62635:c.637G>A	62635:p.(Arg213Ter)	PMID32398863;BDESCC-01-655	Li et al. (originally published by Cui et al.(2020))	ESCC
hg19	hg19.chr4:g.187539018C>T	hg19.chr4:g.187539018C>T	FAT1	20264:c.8722C>T	20264:p.(Val2908Ile)	PMID32398863;BDESCC-01-430	Li et al. (originally published by Cui et al.(2020))	ESCC
hg19	hg19.chr17:g.7577538C>T	hg19.chr17:g.7577538C>T	TP53	62635:c.743C>T	62635:p.(Arg248Gln)	PMID32398863;BDESCC-01-430	Li et al. (originally published by Cui et al.(2020))	ESCC
hg19	hg19.chr17:g.7578535T>C	hg19.chr17:g.7578535T>C	TP53	62635:c.395T>C	62635:p.(Lys132Arg)	PMID32398863;BDESCC-01-960	Li et al. (originally published by Cui et al.(2020))	ESCC
hg19	hg19.chr17:g.7577106G>A	hg19.chr17:g.7577106G>A	TP53	62636:c.832G>A	62636:p.(Pro278Ser)	PMID32398863;BDESCC-01-064	Li et al. (originally published by Cui et al.(2020))	ESCC
hg19	hg19.chr17:g.7579494T>A	hg19.chr17:g.7579494T>A	TP53	62651:c.238T>A	62651:p.(Arg80Ter)	PMID32398863;BDESCC-01-776	Li et al. (originally published by Cui et al.(2020))	ESCC
hg19	hg19.chr17:g.7577114C>T	hg19.chr17:g.7577114C>T	TP53	62636:c.824C>T	62636:p.(Cys275Tyr)	PMID32398863;BDESCC-01-722	Li et al. (originally published by Cui et al.(2020))	ESCC
hg19	hg19.chr17:g.7577117A>G	hg19.chr17:g.7577117A>G	TP53	62636:c.821A>G	62636:p.(Val274Ala)	PMID32398863;BDESCC-01-554	Li et al. (originally published by Cui et al.(2020))	ESCC
hg19	hg19.chr4:g.153247289G>C	hg19.chr4:g.153247289G>C	FBXW7	20029:c.1513G>C	20029:p.(Arg505Gly)	PMID32398863;BDESCC-01-069	Li et al. (originally published by Cui et al.(2020))	ESCC
hg19	hg19.chr17:g.7577575A>G	hg19.chr17:g.7577575A>G	TP53	62635:c.706A>G	62635:p.(Tyr236His)	PMID32398863;BDESCC-01-069	Li et al. (originally published by Cui et al.(2020))	ESCC
hg19	hg19.chr9:g.139396804C>T	hg19.chr9:g.139396804C>T	NOTCH1	37446:c.5304C>T	37446:p.(Trp1768Ter)	PMID32398863;BDESCC-01-033	Li et al. (originally published by Cui et al.(2020))	ESCC
hg19	hg19.chr17:g.7578413C>T	hg19.chr17:g.7578413C>T	TP53	62635:c.517C>T	62635:p.(Val173Met)	PMID32398863;BDESCC-01-033	Li et al. (originally published by Cui et al.(2020))	ESCC
hg19	hg19.chr17:g.7578406C>T	hg19.chr17:g.7578406C>T	TP53	62635:c.524C>T	62635:p.(Arg175His)	PMID32398863;BDESCC-01-782	Li et al. (originally published by Cui et al.(2020))	ESCC
hg19	hg19.chr4:g.153245357G>A	hg19.chr4:g.153245357G>A	FBXW7	20029:c.1834G>A	20029:p.(Gln612Ter)	PMID32398863;BDESCC-01-767	Li et al. (originally published by Cui et al.(2020))	ESCC
hg19	hg19.chr4:g.187531158T>A	hg19.chr4:g.187531158T>A	FAT1	20264:c.9865T>A	20264:p.(Ile3289Phe)	PMID32398863;BDESCC-01-767	Li et al. (originally published by Cui et al.(2020))	ESCC
hg19	hg19.chr17:g.7578403C>T	hg19.chr17:g.7578403C>T	TP53	62635:c.527C>T	62635:p.(Cys176Tyr)	PMID32398863;BDESCC-01-999	Li et al. (originally published by Cui et al.(2020))	ESCC
hg19	hg19.chr9:g.139413100C>T	hg19.chr9:g.139413100C>T	NOTCH1	37446:c.1042C>T	37446:p.(Ala348Thr)	PMID32398863;BDESCC-01-523	Li et al. (originally published by Cui et al.(2020))	ESCC
hg19	hg19.chr17:g.7577544A>G	hg19.chr17:g.7577544A>G	TP53	62635:c.737A>G	62635:p.(Met246Thr)	PMID32398863;BDESCC-01-523	Li et al. (originally published by Cui et al.(2020))	ESCC
hg19	hg19.chr9:g.139413049G>A	hg19.chr9:g.139413049G>A	NOTCH1	37446:c.1093G>A	37446:p.(Arg365Cys)	PMID32398863;BDESCC-01-580	Li et al. (originally published by Cui et al.(2020))	ESCC
hg19	hg19.chr17:g.7577556C>A	hg19.chr17:g.7577556C>A	TP53	62635:c.725C>A	62635:p.(Cys242Phe)	PMID32398863;BDESCC-01-580	Li et al. (originally published by Cui et al.(2020))	ESCC
hg19	hg19.chr1:g.120510206T>G	hg19.chr1:g.120510206T>G	NOTCH2	6040:c.1303T>G	6040:p.(Asn435His)	PMID32398863;BDESCC-01-962	Li et al. (originally published by Cui et al.(2020))	ESCC
hg19	hg19.chr4:g.187525016G>A	hg19.chr4:g.187525016G>A	FAT1	20264:c.10664G>A	20264:p.(Ser3555Phe)	PMID32398863;BDESCC-01-962	Li et al. (originally published by Cui et al.(2020))	ESCC
hg19	hg19.chr17:g.7577529A>C	hg19.chr17:g.7577529A>C	TP53	62635:c.752A>C	62635:p.(Ile251Ser)	PMID32398863;BDESCC-01-962	Li et al. (originally published by Cui et al.(2020))	ESCC
hg19	hg19.chr4:g.187549512C>A	hg19.chr4:g.187549512C>A	FAT1	20264:c.4606C>A	20264:p.(Asp1536Tyr)	PMID32398863;BDESCC-01-845	Li et al. (originally published by Cui et al.(2020))	ESCC
hg19	hg19.chr2:g.178097205G>A	hg19.chr2:g.178097205G>A	NFE2L2	12333:c.509G>A	12333:p.(Ala170Val)	PMID32398863;BDESCC-01-672	Li et al. (originally published by Cui et al.(2020))	ESCC
hg19	hg19.chr17:g.7577539G>A	hg19.chr17:g.7577539G>A	TP53	62635:c.742G>A	62635:p.(Arg248Trp)	PMID32398863;BDESCC-01-672	Li et al. (originally published by Cui et al.(2020))	ESCC
hg19	hg19.chr4:g.153258956C>T	hg19.chr4:g.153258956C>T	FBXW7	20029:c.859C>T	20029:p.(Glu287Lys)	PMID32398863;BDESCC-01-249	Li et al. (originally published by Cui et al.(2020))	ESCC
hg19	hg19.chr9:g.139413092G>T	hg19.chr9:g.139413092G>T	NOTCH1	37446:c.1050G>T	37446:p.(Cys350Ter)	PMID32398863;BDESCC-01-249	Li et al. (originally published by Cui et al.(2020))	ESCC
hg19	hg19.chr13:g.48955510G>A	hg19.chr13:g.48955510G>A	RB1	49601:c.1626G>A	49601:p.(Leu542Leu)	PMID32398863;BDESCC-01-249	Li et al. (originally published by Cui et al.(2020))	ESCC
hg19	hg19.chr2:g.178098807T>C	hg19.chr2:g.178098807T>C	NFE2L2	12333:c.238T>C	12333:p.(Thr80Ala)	PMID32398863;BDESCC-01-354	Li et al. (originally published by Cui et al.(2020))	ESCC
hg19	hg19.chr4:g.187521513A>T	hg19.chr4:g.187521513A>T	FAT1	20264:c.11642A>T	20264:p.(Ile3881Asn)	PMID32398863;BDESCC-01-055	Li et al. (originally published by Cui et al.(2020))	ESCC
hg19	hg19.chr17:g.7578177C>T	hg19.chr17:g.7578177C>T	TP53	62635:c.672C>T	62635:p.(Glu224Glu)	PMID32398863;BDESCC-01-543	Li et al. (originally published by Cui et al.(2020))	ESCC
hg19	hg19.chr17:g.7579355A>T	hg19.chr17:g.7579355A>T	TP53	62651:c.377A>T	62651:p.(Leu126Gln)	PMID32398863;BDESCC-01-647	Li et al. (originally published by Cui et al.(2020))	ESCC
hg19	hg19.chr17:g.7579315G>T	hg19.chr17:g.7579315G>T	TP53	62651:c.417G>T	62651:p.(Cys139Ter)	PMID32398863;BDESCC-01-195	Li et al. (originally published by Cui et al.(2020))	ESCC
hg19	hg19.chr17:g.7578239C>A	hg19.chr17:g.7578239C>A	TP53	62635:c.610C>A	62635:p.(Glu204Ter)	PMID32398863;BDESCC-01-995	Li et al. (originally published by Cui et al.(2020))	ESCC
hg19	hg19.chr17:g.7577124C>A	hg19.chr17:g.7577124C>A	TP53	62636:c.814C>A	62636:p.(Val272Leu)	PMID32398863;BDESCC-01-112	Li et al. (originally published by Cui et al.(2020))	ESCC
hg19	hg19.chr4:g.153245513C>G	hg19.chr4:g.153245513C>G	FBXW7	20029:c.1678C>G	20029:p.(Asp560His)	PMID32398863;BDESCC-01-459	Li et al. (originally published by Cui et al.(2020))	ESCC
hg19	hg19.chr4:g.187525001G>C	hg19.chr4:g.187525001G>C	FAT1	20264:c.10679G>C	20264:p.(Ser3560Ter)	PMID32398863;BDESCC-01-880	Li et al. (originally published by Cui et al.(2020))	ESCC
hg19	hg19.chr17:g.7578443A>G	hg19.chr17:g.7578443A>G	TP53	62635:c.487A>G	62635:p.(Tyr163His)	PMID32398863;BDESCC-01-880	Li et al. (originally published by Cui et al.(2020))	ESCC
hg19	hg19.chr4:g.153245431A>C	hg19.chr4:g.153245431A>C	FBXW7	20029:c.1760A>C	20029:p.(Met587Arg)	PMID32398863;BDESCC-01-277	Li et al. (originally published by Cui et al.(2020))	ESCC
hg19	hg19.chr17:g.7578265A>G	hg19.chr17:g.7578265A>G	TP53	62635:c.584A>G	62635:p.(Ile195Thr)	PMID32398863;BDESCC-01-277	Li et al. (originally published by Cui et al.(2020))	ESCC
hg19	hg19.chr9:g.139405105T>A	hg19.chr9:g.139405105T>A	NOTCH1	37446:c.2740T>A	37446:p.(Asn914Tyr)	PMID32398863;BDESCC-01-319	Li et al. (originally published by Cui et al.(2020))	ESCC
hg19	hg19.chr9:g.139413161C>A	hg19.chr9:g.139413161C>A	NOTCH1	37446:c.981C>A	37446:p.(Trp327Cys)	PMID32398863;BDESCC-01-592	Li et al. (originally published by Cui et al.(2020))	ESCC
hg19	hg19.chr4:g.187519130G>A	hg19.chr4:g.187519130G>A	FAT1	20264:c.12253G>A	20264:p.(Gln4085Ter)	PMID32398863;BDESCC-01-080	Li et al. (originally published by Cui et al.(2020))	ESCC
hg19	hg19.chr17:g.7577538C>T	hg19.chr17:g.7577538C>T	TP53	62635:c.743C>T	62635:p.(Arg248Gln)	PMID32398863;BDESCC-01-080	Li et al. (originally published by Cui et al.(2020))	ESCC
hg19	hg19.chr17:g.7578212G>A	hg19.chr17:g.7578212G>A	TP53	62635:c.637G>A	62635:p.(Arg213Ter)	PMID32398863;BDESCC-01-939	Li et al. (originally published by Cui et al.(2020))	ESCC
hg19	hg19.chr17:g.7578235T>C	hg19.chr17:g.7578235T>C	TP53	62635:c.614T>C	62635:p.(Tyr205Cys)	PMID32398863;BDESCC-01-751	Li et al. (originally published by Cui et al.(2020))	ESCC
hg19	hg19.chr17:g.7578394T>C	hg19.chr17:g.7578394T>C	TP53	62635:c.536T>C	62635:p.(His179Arg)	PMID32398863;BDESCC-01-751	Li et al. (originally published by Cui et al.(2020))	ESCC
hg19	hg19.chr17:g.7578268A>C	hg19.chr17:g.7578268A>C	TP53	62635:c.581A>C	62635:p.(Leu194Arg)	PMID32398863;BDESCC-01-376	Li et al. (originally published by Cui et al.(2020))	ESCC
hg19	hg19.chr17:g.7577022G>A	hg19.chr17:g.7577022G>A	TP53	62636:c.916G>A	62636:p.(Arg306Ter)	PMID32398863;BDESCC-01-859	Li et al. (originally published by Cui et al.(2020))	ESCC
hg19	hg19.chr17:g.7578395G>A	hg19.chr17:g.7578395G>A	TP53	62635:c.535G>A	62635:p.(His179Tyr)	PMID32398863;BDESCC-01-1000	Li et al. (originally published by Cui et al.(2020))	ESCC
hg19	hg19.chr17:g.7578406C>T	hg19.chr17:g.7578406C>T	TP53	62635:c.524C>T	62635:p.(Arg175His)	PMID32398863;BDESCC-01-210	Li et al. (originally published by Cui et al.(2020))	ESCC
hg19	hg19.chr4:g.187539227G>C	hg19.chr4:g.187539227G>C	FAT1	20264:c.8513G>C	20264:p.(Ser2838Ter)	PMID32398863;BDESCC-01-323	Li et al. (originally published by Cui et al.(2020))	ESCC
hg19	hg19.chr17:g.7577094G>A	hg19.chr17:g.7577094G>A	TP53	62636:c.844G>A	62636:p.(Arg282Trp)	PMID32398863;BDESCC-01-323	Li et al. (originally published by Cui et al.(2020))	ESCC
hg19	hg19.chr2:g.178096363G>A	hg19.chr2:g.178096363G>A	NFE2L2	12333:c.968G>A	12333:p.(Ser323Leu)	PMID32398863;BDESCC-01-673	Li et al. (originally published by Cui et al.(2020))	ESCC
hg19	hg19.chr2:g.178096639G>C	hg19.chr2:g.178096639G>C	NFE2L2	12333:c.692G>C	12333:p.(Ser231Cys)	PMID32398863;BDESCC-01-673	Li et al. (originally published by Cui et al.(2020))	ESCC
hg19	hg19.chr17:g.7578226T>A	hg19.chr17:g.7578226T>A	TP53	62635:c.623T>A	62635:p.(Asp208Val)	PMID32398863;BDESCC-01-673	Li et al. (originally published by Cui et al.(2020))	ESCC
hg19	hg19.chr17:g.7577121G>A	hg19.chr17:g.7577121G>A	TP53	62636:c.817G>A	62636:p.(Arg273Cys)	PMID32398863;BDESCC-01-685	Li et al. (originally published by Cui et al.(2020))	ESCC
hg19	hg19.chr17:g.7578551A>T	hg19.chr17:g.7578551A>T	TP53	62635:c.379A>T	62635:p.(Ser127Thr)	PMID32398863;BDESCC-01-897	Li et al. (originally published by Cui et al.(2020))	ESCC
hg19	hg19.chr17:g.7578203C>T	hg19.chr17:g.7578203C>T	TP53	62635:c.646C>T	62635:p.(Val216Met)	PMID32398863;BDESCC-01-885	Li et al. (originally published by Cui et al.(2020))	ESCC
hg19	hg19.chr17:g.7577570C>T	hg19.chr17:g.7577570C>T	TP53	62635:c.711C>T	62635:p.(Met237Ile)	PMID32398863;BDESCC-01-032	Li et al. (originally published by Cui et al.(2020))	ESCC
hg19	hg19.chr17:g.7577581A>T	hg19.chr17:g.7577581A>T	TP53	62635:c.700A>T	62635:p.(Tyr234Asn)	PMID32398863;BDESCC-01-552	Li et al. (originally published by Cui et al.(2020))	ESCC
hg19	hg19.chr17:g.7578466G>T	hg19.chr17:g.7578466G>T	TP53	62635:c.464G>T	62635:p.(Thr155Asn)	PMID32398863;BDESCC-01-712	Li et al. (originally published by Cui et al.(2020))	ESCC
hg19	hg19.chr17:g.7577548C>T	hg19.chr17:g.7577548C>T	TP53	62635:c.733C>T	62635:p.(Gly245Ser)	PMID32398863;BDESCC-01-225	Li et al. (originally published by Cui et al.(2020))	ESCC
hg19	hg19.chr17:g.7577025T>A	hg19.chr17:g.7577025T>A	TP53	62636:c.913T>A	62636:p.(Lys305Ter)	PMID32398863;BDESCC-01-627	Li et al. (originally published by Cui et al.(2020))	ESCC
hg19	hg19.chr17:g.7578431G>A	hg19.chr17:g.7578431G>A	TP53	62635:c.499G>A	62635:p.(Gln167Ter)	PMID32398863;BDESCC-01-983	Li et al. (originally published by Cui et al.(2020))	ESCC
hg19	hg19.chr3:g.178952085A>G	hg19.chr3:g.178952085A>G	PIK3CA	14944:c.3140A>G	14944:p.(His1047Arg)	PMID32398863;BDESCC-01-155	Li et al. (originally published by Cui et al.(2020))	ESCC
hg19	hg19.chr4:g.187541322G>A	hg19.chr4:g.187541322G>A	FAT1	20264:c.6418G>A	20264:p.(Gln2140Ter)	PMID32398863;BDESCC-01-072	Li et al. (originally published by Cui et al.(2020))	ESCC
hg19	hg19.chr17:g.7577550C>T	hg19.chr17:g.7577550C>T	TP53	62635:c.731C>T	62635:p.(Gly244Asp)	PMID32398863;BDESCC-01-199	Li et al. (originally published by Cui et al.(2020))	ESCC
hg19	hg19.chr4:g.187584594C>A	hg19.chr4:g.187584594C>A	FAT1	20264:c.3439C>A	20264:p.(Glu1147Ter)	PMID32398863;BDESCC-01-529	Li et al. (originally published by Cui et al.(2020))	ESCC
hg19	hg19.chr9:g.139402784C>T	hg19.chr9:g.139402784C>T	NOTCH1	37446:c.3225C>T	37446:p.(Trp1075Ter)	PMID32398863;BDESCC-01-529	Li et al. (originally published by Cui et al.(2020))	ESCC
hg19	hg19.chr13:g.49027168C>T	hg19.chr13:g.49027168C>T	RB1	49601:c.1735C>T	49601:p.(Arg579Ter)	PMID32398863;BDESCC-01-594	Li et al. (originally published by Cui et al.(2020))	ESCC
hg19	hg19.chr17:g.7578265A>T	hg19.chr17:g.7578265A>T	TP53	62635:c.584A>T	62635:p.(Ile195Asn)	PMID32398863;BDESCC-01-744	Li et al. (originally published by Cui et al.(2020))	ESCC
hg19	hg19.chr17:g.7578535T>C	hg19.chr17:g.7578535T>C	TP53	62635:c.395T>C	62635:p.(Lys132Arg)	PMID32398863;BDESCC-01-565	Li et al. (originally published by Cui et al.(2020))	ESCC
hg19	hg19.chr17:g.7578554A>G	hg19.chr17:g.7578554A>G	TP53	62635:c.376A>G	62635:p.(Tyr126His)	PMID32398863;BDESCC-01-252	Li et al. (originally published by Cui et al.(2020))	ESCC
hg19	hg19.chr9:g.139390604G>A	hg19.chr9:g.139390604G>A	NOTCH1	37446:c.7587G>A	37446:p.(Val2529Val)	PMID32398863;BDESCC-01-274	Li et al. (originally published by Cui et al.(2020))	ESCC
hg19	hg19.chr9:g.139412299C>T	hg19.chr9:g.139412299C>T	NOTCH1	37446:c.1346C>T	37446:p.(Cys449Tyr)	PMID32398863;BDESCC-01-274	Li et al. (originally published by Cui et al.(2020))	ESCC
hg19	hg19.chr4:g.187539417G>A	hg19.chr4:g.187539417G>A	FAT1	20264:c.8323G>A	20264:p.(Gln2775Ter)	PMID32398863;BDESCC-01-096	Li et al. (originally published by Cui et al.(2020))	ESCC
hg19	hg19.chr17:g.7578403C>A	hg19.chr17:g.7578403C>A	TP53	62635:c.527C>A	62635:p.(Cys176Phe)	PMID32398863;BDESCC-01-096	Li et al. (originally published by Cui et al.(2020))	ESCC
hg19	hg19.chr4:g.187560891A>C	hg19.chr4:g.187560891A>C	FAT1	20264:c.3627A>C	20264:p.(Asp1209Glu)	PMID32398863;BDESCC-01-518	Li et al. (originally published by Cui et al.(2020))	ESCC
hg19	hg19.chr2:g.178098816C>G	hg19.chr2:g.178098816C>G	NFE2L2	12333:c.229C>G	12333:p.(Asp77His)	PMID32398863;BDESCC-01-619	Li et al. (originally published by Cui et al.(2020))	ESCC
hg19	hg19.chr17:g.7578427T>C	hg19.chr17:g.7578427T>C	TP53	62635:c.503T>C	62635:p.(His168Arg)	PMID32398863;BDESCC-01-619	Li et al. (originally published by Cui et al.(2020))	ESCC
hg19	hg19.chr17:g.7579361A>G	hg19.chr17:g.7579361A>G	TP53	62651:c.371A>G	62651:p.(Phe124Ser)	PMID32398863;BDESCC-01-189	Li et al. (originally published by Cui et al.(2020))	ESCC
hg19	hg19.chr9:g.139413225C>A	hg19.chr9:g.139413225C>A	NOTCH1	37446:c.917C>A	37446:p.(Cys306Phe)	PMID32398863;BDESCC-01-634	Li et al. (originally published by Cui et al.(2020))	ESCC
hg19	hg19.chr17:g.7574003G>A	hg19.chr17:g.7574003G>A	TP53	62643:c.1024G>A	62643:p.(Arg342Ter)	PMID32398863;BDESCC-01-634	Li et al. (originally published by Cui et al.(2020))	ESCC
hg19	hg19.chr4:g.187630188G>C	hg19.chr4:g.187630188G>C	FAT1	20264:c.794G>C	20264:p.(Ser265Ter)	PMID32398863;BDESCC-01-015	Li et al. (originally published by Cui et al.(2020))	ESCC
hg19	hg19.chr9:g.139403473C>A	hg19.chr9:g.139403473C>A	NOTCH1	37446:c.3020C>A	37446:p.(Cys1007Phe)	PMID32398863;BDESCC-01-015	Li et al. (originally published by Cui et al.(2020))	ESCC
hg19	hg19.chr9:g.139412303G>A	hg19.chr9:g.139412303G>A	NOTCH1	37446:c.1342G>A	37446:p.(Arg448Ter)	PMID32398863;BDESCC-01-510	Li et al. (originally published by Cui et al.(2020))	ESCC
hg19	hg19.chr17:g.7577534C>A	hg19.chr17:g.7577534C>A	TP53	62635:c.747C>A	62635:p.(Arg249Ser)	PMID32398863;BDESCC-01-164	Li et al. (originally published by Cui et al.(2020))	ESCC
hg19	hg19.chr2:g.178096706C>G	hg19.chr2:g.178096706C>G	NFE2L2	12333:c.625C>G	12333:p.(Glu209Gln)	PMID32398863;BDESCC-01-158	Li et al. (originally published by Cui et al.(2020))	ESCC
hg19	hg19.chr2:g.178098810C>G	hg19.chr2:g.178098810C>G	NFE2L2	12333:c.235C>G	12333:p.(Glu79Gln)	PMID32398863;BDESCC-01-158	Li et al. (originally published by Cui et al.(2020))	ESCC
hg19	hg19.chr4:g.187628220T>A	hg19.chr4:g.187628220T>A	FAT1	20264:c.2762T>A	20264:p.(Asn921Ile)	PMID32398863;BDESCC-01-158	Li et al. (originally published by Cui et al.(2020))	ESCC
hg19	hg19.chr17:g.7577556C>A	hg19.chr17:g.7577556C>A	TP53	62635:c.725C>A	62635:p.(Cys242Phe)	PMID32398863;BDESCC-01-158	Li et al. (originally published by Cui et al.(2020))	ESCC
hg19	hg19.chr17:g.7577124C>A	hg19.chr17:g.7577124C>A	TP53	62636:c.814C>A	62636:p.(Val272Leu)	PMID32398863;BDESCC-01-335	Li et al. (originally published by Cui et al.(2020))	ESCC
hg19	hg19.chr17:g.7578461C>A	hg19.chr17:g.7578461C>A	TP53	62635:c.469C>A	62635:p.(Val157Phe)	PMID32398863;BDESCC-01-382	Li et al. (originally published by Cui et al.(2020))	ESCC
hg19	hg19.chr4:g.153249384C>G	hg19.chr4:g.153249384C>G	FBXW7	20029:c.1394C>G	20029:p.(Arg465Pro)	PMID32398863;BDESCC-01-036	Li et al. (originally published by Cui et al.(2020))	ESCC
hg19	hg19.chr9:g.139399306G>A	hg19.chr9:g.139399306G>A	NOTCH1	37446:c.4837G>A	37446:p.(Gln1613Ter)	PMID32398863;BDESCC-01-036	Li et al. (originally published by Cui et al.(2020))	ESCC
hg19	hg19.chr9:g.139397754G>A	hg19.chr9:g.139397754G>A	NOTCH1	37446:c.5047G>A	37446:p.(Arg1683Trp)	PMID32398863;BDESCC-01-816	Li et al. (originally published by Cui et al.(2020))	ESCC
hg19	hg19.chr17:g.7577046C>A	hg19.chr17:g.7577046C>A	TP53	62636:c.892C>A	62636:p.(Glu298Ter)	PMID32398863;BDESCC-01-816	Li et al. (originally published by Cui et al.(2020))	ESCC
hg19	hg19.chr4:g.153268138G>A	hg19.chr4:g.153268138G>A	FBXW7	20029:c.670G>A	20029:p.(Arg224Ter)	PMID32398863;BDESCC-01-922	Li et al. (originally published by Cui et al.(2020))	ESCC
hg19	hg19.chr13:g.48881523C>A	hg19.chr13:g.48881523C>A	RB1	49601:c.245C>A	49601:p.(Ser82Ter)	PMID32398863;BDESCC-01-922	Li et al. (originally published by Cui et al.(2020))	ESCC
hg19	hg19.chr17:g.7578236A>G	hg19.chr17:g.7578236A>G	TP53	62635:c.613A>G	62635:p.(Tyr205His)	PMID32398863;BDESCC-01-384	Li et al. (originally published by Cui et al.(2020))	ESCC
hg19	hg19.chr4:g.187542576G>C	hg19.chr4:g.187542576G>C	FAT1	20264:c.5164G>C	20264:p.(Gln1722Glu)	PMID32398863;BDESCC-01-913	Li et al. (originally published by Cui et al.(2020))	ESCC
hg19	hg19.chr17:g.7577547C>T	hg19.chr17:g.7577547C>T	TP53	62635:c.734C>T	62635:p.(Gly245Asp)	PMID32398863;BDESCC-01-913	Li et al. (originally published by Cui et al.(2020))	ESCC
hg19	hg19.chr17:g.7579312C>T	hg19.chr17:g.7579312C>T	TP53	62651:c.420C>T	62651:p.(Thr140Thr)	PMID32398863;BDESCC-01-038	Li et al. (originally published by Cui et al.(2020))	ESCC
hg19	hg19.chr17:g.7578507G>T	hg19.chr17:g.7578507G>T	TP53	62635:c.423G>T	62635:p.(Cys141Ter)	PMID32398863;BDESCC-01-698	Li et al. (originally published by Cui et al.(2020))	ESCC
hg19	hg19.chr17:g.7577547C>T	hg19.chr17:g.7577547C>T	TP53	62635:c.734C>T	62635:p.(Gly245Asp)	PMID32398863;BDESCC-01-686	Li et al. (originally published by Cui et al.(2020))	ESCC
hg19	hg19.chr17:g.7577153C>A	hg19.chr17:g.7577153C>A	TP53	62636:c.785C>A	62636:p.(Gly262Val)	PMID32398863;BDESCC-01-650	Li et al. (originally published by Cui et al.(2020))	ESCC
hg19	hg19.chr2:g.178098933C>G	hg19.chr2:g.178098933C>G	NFE2L2	12333:c.112C>G	12333:p.(Asp38His)	PMID32398863;BDESCC-01-177	Li et al. (originally published by Cui et al.(2020))	ESCC
hg19	hg19.chr17:g.7574012C>A	hg19.chr17:g.7574012C>A	TP53	62643:c.1015C>A	62643:p.(Glu339Ter)	PMID32398863;BDESCC-01-177	Li et al. (originally published by Cui et al.(2020))	ESCC
hg19	hg19.chr17:g.7577538C>T	hg19.chr17:g.7577538C>T	TP53	62635:c.743C>T	62635:p.(Arg248Gln)	PMID32398863;BDESCC-01-148	Li et al. (originally published by Cui et al.(2020))	ESCC
hg19	hg19.chr17:g.7577117A>G	hg19.chr17:g.7577117A>G	TP53	62636:c.821A>G	62636:p.(Val274Ala)	PMID32398863;BDESCC-01-422	Li et al. (originally published by Cui et al.(2020))	ESCC
hg19	hg19.chr2:g.178098960C>G	hg19.chr2:g.178098960C>G	NFE2L2	12333:c.85C>G	12333:p.(Asp29His)	PMID32398863;BDESCC-01-519	Li et al. (originally published by Cui et al.(2020))	ESCC
hg19	hg19.chr17:g.7577121G>A	hg19.chr17:g.7577121G>A	TP53	62636:c.817G>A	62636:p.(Arg273Cys)	PMID32398863;BDESCC-01-519	Li et al. (originally published by Cui et al.(2020))	ESCC
hg19	hg19.chr17:g.7578520A>T	hg19.chr17:g.7578520A>T	TP53	62635:c.410A>T	62635:p.(Leu137Gln)	PMID32398863;BDESCC-01-475	Li et al. (originally published by Cui et al.(2020))	ESCC
hg19	hg19.chr17:g.7577556C>A	hg19.chr17:g.7577556C>A	TP53	62635:c.725C>A	62635:p.(Cys242Phe)	PMID32398863;BDESCC-01-241	Li et al. (originally published by Cui et al.(2020))	ESCC
hg19	hg19.chr17:g.7578208T>C	hg19.chr17:g.7578208T>C	TP53	62635:c.641T>C	62635:p.(His214Arg)	PMID32398863;BDESCC-01-076	Li et al. (originally published by Cui et al.(2020))	ESCC
hg19	hg19.chr2:g.178098810C>T	hg19.chr2:g.178098810C>T	NFE2L2	12333:c.235C>T	12333:p.(Glu79Lys)	PMID32398863;BDESCC-01-631	Li et al. (originally published by Cui et al.(2020))	ESCC
hg19	hg19.chr4:g.187560933G>A	hg19.chr4:g.187560933G>A	FAT1	20264:c.3585G>A	20264:p.(Leu1195Leu)	PMID32398863;BDESCC-01-631	Li et al. (originally published by Cui et al.(2020))	ESCC
hg19	hg19.chr9:g.139412675T>C	hg19.chr9:g.139412675T>C	NOTCH1	37446:c.1169T>C	37446:p.(Asn390Ser)	PMID32398863;BDESCC-01-631	Li et al. (originally published by Cui et al.(2020))	ESCC
hg19	hg19.chr17:g.7577141C>A	hg19.chr17:g.7577141C>A	TP53	62636:c.797C>A	62636:p.(Gly266Val)	PMID32398863;BDESCC-01-631	Li et al. (originally published by Cui et al.(2020))	ESCC
hg19	hg19.chr17:g.7577508T>A	hg19.chr17:g.7577508T>A	TP53	62635:c.773T>A	62635:p.(Glu258Val)	PMID32398863;BDESCC-01-631	Li et al. (originally published by Cui et al.(2020))	ESCC
hg19	hg19.chr9:g.139413214C>T	hg19.chr9:g.139413214C>T	NOTCH1	37446:c.928C>T	37446:p.(Gly310Arg)	PMID32398863;BDESCC-01-287	Li et al. (originally published by Cui et al.(2020))	ESCC
hg19	hg19.chr17:g.7577120C>T	hg19.chr17:g.7577120C>T	TP53	62636:c.818C>T	62636:p.(Arg273His)	PMID32398863;BDESCC-01-287	Li et al. (originally published by Cui et al.(2020))	ESCC
hg19	hg19.chr1:g.120458883T>A	hg19.chr1:g.120458883T>A	NOTCH2	6040:c.6462T>A	6040:p.(Leu2154Leu)	PMID32398863;BDESCC-01-512	Li et al. (originally published by Cui et al.(2020))	ESCC
hg19	hg19.chr4:g.153247174C>G	hg19.chr4:g.153247174C>G	FBXW7	20029:c.1628C>G	20029:p.(Arg543Thr)	PMID32398863;BDESCC-01-512	Li et al. (originally published by Cui et al.(2020))	ESCC
hg19	hg19.chr4:g.187527224C>T	hg19.chr4:g.187527224C>T	FAT1	20264:c.10350C>T	20264:p.(Gln3450Gln)	PMID32398863;BDESCC-01-512	Li et al. (originally published by Cui et al.(2020))	ESCC
hg19	hg19.chr17:g.7577575A>G	hg19.chr17:g.7577575A>G	TP53	62635:c.706A>G	62635:p.(Tyr236His)	PMID32398863;BDESCC-01-512	Li et al. (originally published by Cui et al.(2020))	ESCC
hg19	hg19.chr17:g.7577547C>A	hg19.chr17:g.7577547C>A	TP53	62635:c.734C>A	62635:p.(Gly245Val)	PMID32398863;BDESCC-01-066	Li et al. (originally published by Cui et al.(2020))	ESCC
hg19	hg19.chr1:g.120458918C>T	hg19.chr1:g.120458918C>T	NOTCH2	6040:c.6427C>T	6040:p.(Glu2143Lys)	PMID32398863;BDESCC-01-520	Li et al. (originally published by Cui et al.(2020))	ESCC
hg19	hg19.chr17:g.7576897G>A	hg19.chr17:g.7576897G>A	TP53	62636:c.949G>A	62636:p.(Gln317Ter)	PMID32398863;BDESCC-01-888	Li et al. (originally published by Cui et al.(2020))	ESCC
hg19	hg19.chr4:g.187539594C>T	hg19.chr4:g.187539594C>T	FAT1	20264:c.8146C>T	20264:p.(Val2716Met)	PMID32398863;BDESCC-01-490	Li et al. (originally published by Cui et al.(2020))	ESCC
hg19	hg19.chr9:g.139409952C>T	hg19.chr9:g.139409952C>T	NOTCH1	37446:c.1886C>T	37446:p.(Cys629Tyr)	PMID32398863;BDESCC-01-490	Li et al. (originally published by Cui et al.(2020))	ESCC
hg19	hg19.chr17:g.7578271T>A	hg19.chr17:g.7578271T>A	TP53	62635:c.578T>A	62635:p.(His193Leu)	PMID32398863;BDESCC-01-490	Li et al. (originally published by Cui et al.(2020))	ESCC
hg19	hg19.chr1:g.120465048C>T	hg19.chr1:g.120465048C>T	NOTCH2	6040:c.5024C>T	6040:p.(Arg1675His)	PMID32398863;BDESCC-01-553	Li et al. (originally published by Cui et al.(2020))	ESCC
hg19	hg19.chr4:g.153249385G>A	hg19.chr4:g.153249385G>A	FBXW7	20029:c.1393G>A	20029:p.(Arg465Cys)	PMID32398863;BDESCC-01-553	Li et al. (originally published by Cui et al.(2020))	ESCC
hg19	hg19.chr17:g.7578394T>C	hg19.chr17:g.7578394T>C	TP53	62635:c.536T>C	62635:p.(His179Arg)	PMID32398863;BDESCC-01-553	Li et al. (originally published by Cui et al.(2020))	ESCC
hg19	hg19.chr9:g.139395138G>A	hg19.chr9:g.139395138G>A	NOTCH1	37446:c.5800G>A	37446:p.(Leu1934Leu)	PMID32398863;BDESCC-01-532	Li et al. (originally published by Cui et al.(2020))	ESCC
hg19	hg19.chr17:g.7577559G>A	hg19.chr17:g.7577559G>A	TP53	62635:c.722G>A	62635:p.(Ser241Phe)	PMID32398863;BDESCC-01-532	Li et al. (originally published by Cui et al.(2020))	ESCC
hg19	hg19.chr4:g.187554935C>T	hg19.chr4:g.187554935C>T	FAT1	20264:c.4226C>T	20264:p.(Gly1409Glu)	PMID32398863;BDESCC-01-599	Li et al. (originally published by Cui et al.(2020))	ESCC
hg19	hg19.chr17:g.7574012C>A	hg19.chr17:g.7574012C>A	TP53	62643:c.1015C>A	62643:p.(Glu339Ter)	PMID32398863;BDESCC-01-599	Li et al. (originally published by Cui et al.(2020))	ESCC
hg19	hg19.chr17:g.7579377G>A	hg19.chr17:g.7579377G>A	TP53	62651:c.355G>A	62651:p.(Gln119Ter)	PMID32398863;BDESCC-01-987	Li et al. (originally published by Cui et al.(2020))	ESCC
hg19	hg19.chr17:g.7578406C>T	hg19.chr17:g.7578406C>T	TP53	62635:c.524C>T	62635:p.(Arg175His)	PMID32398863;BDESCC-01-842	Li et al. (originally published by Cui et al.(2020))	ESCC
hg19	hg19.chr4:g.187540656C>T	hg19.chr4:g.187540656C>T	FAT1	20264:c.7084C>T	20264:p.(Ala2362Thr)	PMID32398863;BDESCC-01-340	Li et al. (originally published by Cui et al.(2020))	ESCC
hg19	hg19.chr17:g.7578413C>A	hg19.chr17:g.7578413C>A	TP53	62635:c.517C>A	62635:p.(Val173Leu)	PMID32398863;BDESCC-01-340	Li et al. (originally published by Cui et al.(2020))	ESCC
hg19	hg19.chr17:g.7574000C>A	hg19.chr17:g.7574000C>A	TP53	62643:c.1027C>A	62643:p.(Glu343Ter)	PMID32398863;BDESCC-01-907	Li et al. (originally published by Cui et al.(2020))	ESCC
hg19	hg19.chr17:g.7578413C>T	hg19.chr17:g.7578413C>T	TP53	62635:c.517C>T	62635:p.(Val173Met)	PMID32398863;BDESCC-01-734	Li et al. (originally published by Cui et al.(2020))	ESCC
hg19	hg19.chr17:g.7578403C>A	hg19.chr17:g.7578403C>A	TP53	62635:c.527C>A	62635:p.(Cys176Phe)	PMID32398863;BDESCC-01-749	Li et al. (originally published by Cui et al.(2020))	ESCC
hg19	hg19.chr17:g.7577508T>G	hg19.chr17:g.7577508T>G	TP53	62635:c.773T>G	62635:p.(Glu258Ala)	PMID32398863;BDESCC-01-409	Li et al. (originally published by Cui et al.(2020))	ESCC
hg19	hg19.chr17:g.7578419C>A	hg19.chr17:g.7578419C>A	TP53	62635:c.511C>A	62635:p.(Glu171Ter)	PMID32398863;BDESCC-01-224	Li et al. (originally published by Cui et al.(2020))	ESCC
hg19	hg19.chr4:g.187630186C>A	hg19.chr4:g.187630186C>A	FAT1	20264:c.796C>A	20264:p.(Glu266Ter)	PMID32398863;BDESCC-01-666	Li et al. (originally published by Cui et al.(2020))	ESCC
hg19	hg19.chr17:g.7578208T>C	hg19.chr17:g.7578208T>C	TP53	62635:c.641T>C	62635:p.(His214Arg)	PMID32398863;BDESCC-01-666	Li et al. (originally published by Cui et al.(2020))	ESCC
hg19	hg19.chr4:g.153247165G>T	hg19.chr4:g.153247165G>T	FBXW7	20029:c.1637G>T	20029:p.(Ser546Ter)	PMID32398863;BDESCC-01-546	Li et al. (originally published by Cui et al.(2020))	ESCC
hg19	hg19.chr17:g.7577144A>C	hg19.chr17:g.7577144A>C	TP53	62636:c.794A>C	62636:p.(Leu265Arg)	PMID32398863;BDESCC-01-142	Li et al. (originally published by Cui et al.(2020))	ESCC
hg19	hg19.chr17:g.7577142C>T	hg19.chr17:g.7577142C>T	TP53	62636:c.796C>T	62636:p.(Gly266Arg)	PMID32398863;BDESCC-01-208	Li et al. (originally published by Cui et al.(2020))	ESCC
hg19	hg19.chr4:g.187521451G>A	hg19.chr4:g.187521451G>A	FAT1	20264:c.11704G>A	20264:p.(Gln3902Ter)	PMID32398863;BDESCC-01-918	Li et al. (originally published by Cui et al.(2020))	ESCC
hg19	hg19.chr17:g.7577058C>A	hg19.chr17:g.7577058C>A	TP53	62636:c.880C>A	62636:p.(Glu294Ter)	PMID32398863;BDESCC-01-918	Li et al. (originally published by Cui et al.(2020))	ESCC
hg19	hg19.chr9:g.139402454G>A	hg19.chr9:g.139402454G>A	NOTCH1	37446:c.3463G>A	37446:p.(Gln1155Ter)	PMID32398863;BDESCC-01-482	Li et al. (originally published by Cui et al.(2020))	ESCC
hg19	hg19.chr17:g.7577094G>A	hg19.chr17:g.7577094G>A	TP53	62636:c.844G>A	62636:p.(Arg282Trp)	PMID32398863;BDESCC-01-482	Li et al. (originally published by Cui et al.(2020))	ESCC
hg19	hg19.chr3:g.178916890C>T	hg19.chr3:g.178916890C>T	PIK3CA	14944:c.277C>T	14944:p.(Arg93Trp)	PMID32398863;BDESCC-01-167	Li et al. (originally published by Cui et al.(2020))	ESCC
hg19	hg19.chr4:g.153247289G>C	hg19.chr4:g.153247289G>C	FBXW7	20029:c.1513G>C	20029:p.(Arg505Gly)	PMID32398863;BDESCC-01-167	Li et al. (originally published by Cui et al.(2020))	ESCC
hg19	hg19.chr4:g.187542332G>C	hg19.chr4:g.187542332G>C	FAT1	20264:c.5408G>C	20264:p.(Ser1803Ter)	PMID32398863;BDESCC-01-167	Li et al. (originally published by Cui et al.(2020))	ESCC
hg19	hg19.chr17:g.7577099C>A	hg19.chr17:g.7577099C>A	TP53	62636:c.839C>A	62636:p.(Arg280Ile)	PMID32398863;BDESCC-01-166	Li et al. (originally published by Cui et al.(2020))	ESCC
hg19	hg19.chr17:g.7579896G>T	hg19.chr17:g.7579896G>T	TP53	62651:c.62G>T	62651:p.(Ser21Ter)	PMID32398863;BDESCC-01-166	Li et al. (originally published by Cui et al.(2020))	ESCC
hg19	hg19.chr17:g.7578212G>A	hg19.chr17:g.7578212G>A	TP53	62635:c.637G>A	62635:p.(Arg213Ter)	PMID32398863;BDESCC-01-404	Li et al. (originally published by Cui et al.(2020))	ESCC
hg19	hg19.chr17:g.7578493C>T	hg19.chr17:g.7578493C>T	TP53	62635:c.437C>T	62635:p.(Trp146Ter)	PMID32398863;BDESCC-01-821	Li et al. (originally published by Cui et al.(2020))	ESCC
hg19	hg19.chr1:g.120461146C>G	hg19.chr1:g.120461146C>G	NOTCH2	6040:c.5812C>G	6040:p.(Asp1938His)	PMID32398863;BDESCC-01-791	Li et al. (originally published by Cui et al.(2020))	ESCC
hg19	hg19.chr17:g.7578208T>A	hg19.chr17:g.7578208T>A	TP53	62635:c.641T>A	62635:p.(His214Leu)	PMID32398863;BDESCC-01-791	Li et al. (originally published by Cui et al.(2020))	ESCC
hg19	hg19.chr17:g.7578217G>A	hg19.chr17:g.7578217G>A	TP53	62635:c.632G>A	62635:p.(Thr211Ile)	PMID32398863;BDESCC-01-046	Li et al. (originally published by Cui et al.(2020))	ESCC
hg19	hg19.chr2:g.178098944C>T	hg19.chr2:g.178098944C>T	NFE2L2	12333:c.101C>T	12333:p.(Arg34Gln)	PMID32398863;BDESCC-01-078	Li et al. (originally published by Cui et al.(2020))	ESCC
hg19	hg19.chr9:g.139391506C>T	hg19.chr9:g.139391506C>T	NOTCH1	37446:c.6685C>T	37446:p.(Val2229Met)	PMID32398863;BDESCC-01-078	Li et al. (originally published by Cui et al.(2020))	ESCC
hg19	hg19.chr17:g.7578403C>A	hg19.chr17:g.7578403C>A	TP53	62635:c.527C>A	62635:p.(Cys176Phe)	PMID32398863;BDESCC-01-078	Li et al. (originally published by Cui et al.(2020))	ESCC
hg19	hg19.chr13:g.49033928C>T	hg19.chr13:g.49033928C>T	RB1	49601:c.2065C>T	49601:p.(Gln689Ter)	PMID32398863;BDESCC-01-862	Li et al. (originally published by Cui et al.(2020))	ESCC
hg19	hg19.chr17:g.7577121G>A	hg19.chr17:g.7577121G>A	TP53	62636:c.817G>A	62636:p.(Arg273Cys)	PMID32398863;BDESCC-01-862	Li et al. (originally published by Cui et al.(2020))	ESCC
hg19	hg19.chr17:g.7578406C>T	hg19.chr17:g.7578406C>T	TP53	62635:c.524C>T	62635:p.(Arg175His)	PMID32398863;BDESCC-01-537	Li et al. (originally published by Cui et al.(2020))	ESCC
hg19	hg19.chr17:g.7577106G>A	hg19.chr17:g.7577106G>A	TP53	62636:c.832G>A	62636:p.(Pro278Ser)	PMID32398863;BDESCC-01-245	Li et al. (originally published by Cui et al.(2020))	ESCC
hg19	hg19.chr9:g.139395035G>T	hg19.chr9:g.139395035G>T	NOTCH1	37446:c.5903G>T	37446:p.(Ala1968Asp)	PMID32398863;BDESCC-01-836	Li et al. (originally published by Cui et al.(2020))	ESCC
hg19	hg19.chr17:g.7577121G>A	hg19.chr17:g.7577121G>A	TP53	62636:c.817G>A	62636:p.(Arg273Cys)	PMID32398863;BDESCC-01-836	Li et al. (originally published by Cui et al.(2020))	ESCC
hg19	hg19.chr17:g.7578413C>A	hg19.chr17:g.7578413C>A	TP53	62635:c.517C>A	62635:p.(Val173Leu)	PMID32398863;BDESCC-01-836	Li et al. (originally published by Cui et al.(2020))	ESCC
hg19	hg19.chr17:g.7578212G>A	hg19.chr17:g.7578212G>A	TP53	62635:c.637G>A	62635:p.(Arg213Ter)	PMID32398863;BDESCC-01-025	Li et al. (originally published by Cui et al.(2020))	ESCC
hg19	hg19.chr4:g.187628329G>A	hg19.chr4:g.187628329G>A	FAT1	20264:c.2653G>A	20264:p.(Arg885Ter)	PMID32398863;BDESCC-01-572	Li et al. (originally published by Cui et al.(2020))	ESCC
hg19	hg19.chr17:g.7578212G>A	hg19.chr17:g.7578212G>A	TP53	62635:c.637G>A	62635:p.(Arg213Ter)	PMID32398863;BDESCC-01-452	Li et al. (originally published by Cui et al.(2020))	ESCC
hg19	hg19.chr17:g.7578394T>C	hg19.chr17:g.7578394T>C	TP53	62635:c.536T>C	62635:p.(His179Arg)	PMID32398863;BDESCC-01-192	Li et al. (originally published by Cui et al.(2020))	ESCC
hg19	hg19.chr4:g.187549794G>A	hg19.chr4:g.187549794G>A	FAT1	20264:c.4447G>A	20264:p.(Gln1483Ter)	PMID32398863;BDESCC-01-151	Li et al. (originally published by Cui et al.(2020))	ESCC
hg19	hg19.chr4:g.187630852G>A	hg19.chr4:g.187630852G>A	FAT1	20264:c.130G>A	20264:p.(Gln44Ter)	PMID32398863;BDESCC-01-151	Li et al. (originally published by Cui et al.(2020))	ESCC
hg19	hg19.chr17:g.7578406C>T	hg19.chr17:g.7578406C>T	TP53	62635:c.524C>T	62635:p.(Arg175His)	PMID32398863;BDESCC-01-151	Li et al. (originally published by Cui et al.(2020))	ESCC
hg19	hg19.chr4:g.153250867G>A	hg19.chr4:g.153250867G>A	FBXW7	20029:c.1193G>A	20029:p.(Ser398Phe)	PMID32398863;BDESCC-01-438	Li et al. (originally published by Cui et al.(2020))	ESCC
hg19	hg19.chr4:g.187629169G>A	hg19.chr4:g.187629169G>A	FAT1	20264:c.1813G>A	20264:p.(Gln605Ter)	PMID32398863;BDESCC-01-438	Li et al. (originally published by Cui et al.(2020))	ESCC
hg19	hg19.chr17:g.7577127C>A	hg19.chr17:g.7577127C>A	TP53	62636:c.811C>A	62636:p.(Glu271Ter)	PMID32398863;BDESCC-01-551	Li et al. (originally published by Cui et al.(2020))	ESCC
hg19	hg19.chr17:g.7576888T>A	hg19.chr17:g.7576888T>A	TP53	62636:c.958T>A	62636:p.(Lys320Ter)	PMID32398863;BDESCC-01-058	Li et al. (originally published by Cui et al.(2020))	ESCC
hg19	hg19.chr9:g.139413142C>A	hg19.chr9:g.139413142C>A	NOTCH1	37446:c.1000C>A	37446:p.(Glu334Ter)	PMID32398863;BDESCC-01-640	Li et al. (originally published by Cui et al.(2020))	ESCC
hg19	hg19.chr17:g.7577551C>A	hg19.chr17:g.7577551C>A	TP53	62635:c.730C>A	62635:p.(Gly244Cys)	PMID32398863;BDESCC-01-392	Li et al. (originally published by Cui et al.(2020))	ESCC
hg19	hg19.chr9:g.139399960C>A	hg19.chr9:g.139399960C>A	NOTCH1	37446:c.4388C>A	37446:p.(Cys1463Phe)	PMID32398863;BDESCC-01-146	Li et al. (originally published by Cui et al.(2020))	ESCC
hg19	hg19.chr17:g.7577121G>A	hg19.chr17:g.7577121G>A	TP53	62636:c.817G>A	62636:p.(Arg273Cys)	PMID32398863;BDESCC-01-146	Li et al. (originally published by Cui et al.(2020))	ESCC
hg19	hg19.chr17:g.7577575A>G	hg19.chr17:g.7577575A>G	TP53	62635:c.706A>G	62635:p.(Tyr236His)	PMID32398863;BDESCC-01-644	Li et al. (originally published by Cui et al.(2020))	ESCC
hg19	hg19.chr13:g.48953760C>T	hg19.chr13:g.48953760C>T	RB1	49601:c.1363C>T	49601:p.(Arg455Ter)	PMID32398863;BDESCC-01-583	Li et al. (originally published by Cui et al.(2020))	ESCC
hg19	hg19.chr17:g.7574003G>A	hg19.chr17:g.7574003G>A	TP53	62643:c.1024G>A	62643:p.(Arg342Ter)	PMID32398863;BDESCC-01-583	Li et al. (originally published by Cui et al.(2020))	ESCC
hg19	hg19.chr17:g.7579414C>T	hg19.chr17:g.7579414C>T	TP53	62651:c.318C>T	62651:p.(Trp106Ter)	PMID32398863;BDESCC-01-583	Li et al. (originally published by Cui et al.(2020))	ESCC
hg19	hg19.chr13:g.49030430C>T	hg19.chr13:g.49030430C>T	RB1	49601:c.1905C>T	49601:p.(Ala635Ala)	PMID32398863;BDESCC-01-445	Li et al. (originally published by Cui et al.(2020))	ESCC
hg19	hg19.chr17:g.7578403C>A	hg19.chr17:g.7578403C>A	TP53	62635:c.527C>A	62635:p.(Cys176Phe)	PMID32398863;BDESCC-01-961	Li et al. (originally published by Cui et al.(2020))	ESCC
hg19	hg19.chr1:g.120510795C>G	hg19.chr1:g.120510795C>G	NOTCH2	6040:c.1169C>G	6040:p.(Cys390Ser)	PMID32398863;BDESCC-01-152	Li et al. (originally published by Cui et al.(2020))	ESCC
hg19	hg19.chr17:g.7578406C>T	hg19.chr17:g.7578406C>T	TP53	62635:c.524C>T	62635:p.(Arg175His)	PMID32398863;BDESCC-01-152	Li et al. (originally published by Cui et al.(2020))	ESCC
hg19	hg19.chr4:g.187628917G>A	hg19.chr4:g.187628917G>A	FAT1	20264:c.2065G>A	20264:p.(Gln689Ter)	PMID32398863;BDESCC-01-688	Li et al. (originally published by Cui et al.(2020))	ESCC
hg19	hg19.chr17:g.7576888T>A	hg19.chr17:g.7576888T>A	TP53	62636:c.958T>A	62636:p.(Lys320Ter)	PMID32398863;BDESCC-01-688	Li et al. (originally published by Cui et al.(2020))	ESCC
hg19	hg19.chr17:g.7578457C>T	hg19.chr17:g.7578457C>T	TP53	62635:c.473C>T	62635:p.(Arg158His)	PMID32398863;BDESCC-01-763	Li et al. (originally published by Cui et al.(2020))	ESCC
hg19	hg19.chr4:g.153247366C>T	hg19.chr4:g.153247366C>T	FBXW7	20029:c.1436C>T	20029:p.(Arg479Gln)	PMID32398863;BDESCC-01-851	Li et al. (originally published by Cui et al.(2020))	ESCC
hg19	hg19.chr4:g.153247289G>C	hg19.chr4:g.153247289G>C	FBXW7	20029:c.1513G>C	20029:p.(Arg505Gly)	PMID32398863;BDESCC-01-693	Li et al. (originally published by Cui et al.(2020))	ESCC
hg19	hg19.chr4:g.153247165G>T	hg19.chr4:g.153247165G>T	FBXW7	20029:c.1637G>T	20029:p.(Ser546Ter)	PMID32398863;BDESCC-01-067	Li et al. (originally published by Cui et al.(2020))	ESCC
hg19	hg19.chr9:g.139399887C>T	hg19.chr9:g.139399887C>T	NOTCH1	37446:c.4461C>T	37446:p.(Trp1487Ter)	PMID32398863;BDESCC-01-560	Li et al. (originally published by Cui et al.(2020))	ESCC
hg19	hg19.chr17:g.7574003G>A	hg19.chr17:g.7574003G>A	TP53	62643:c.1024G>A	62643:p.(Arg342Ter)	PMID32398863;BDESCC-01-560	Li et al. (originally published by Cui et al.(2020))	ESCC
hg19	hg19.chr1:g.120506383C>T	hg19.chr1:g.120506383C>T	NOTCH2	6040:c.1729C>T	6040:p.(Asp577Asn)	PMID32398863;BDESCC-01-001	Li et al. (originally published by Cui et al.(2020))	ESCC
hg19	hg19.chr17:g.7577121G>A	hg19.chr17:g.7577121G>A	TP53	62636:c.817G>A	62636:p.(Arg273Cys)	PMID32398863;BDESCC-01-001	Li et al. (originally published by Cui et al.(2020))	ESCC
hg19	hg19.chr2:g.178098806G>A	hg19.chr2:g.178098806G>A	NFE2L2	12333:c.239G>A	12333:p.(Thr80Ile)	PMID32398863;BDESCC-01-681	Li et al. (originally published by Cui et al.(2020))	ESCC
hg19	hg19.chr9:g.139412381G>T	hg19.chr9:g.139412381G>T	NOTCH1	37446:c.1264G>T	37446:p.(Pro422Thr)	PMID32398863;BDESCC-01-681	Li et al. (originally published by Cui et al.(2020))	ESCC
hg19	hg19.chr17:g.7578394T>C	hg19.chr17:g.7578394T>C	TP53	62635:c.536T>C	62635:p.(His179Arg)	PMID32398863;BDESCC-01-681	Li et al. (originally published by Cui et al.(2020))	ESCC
hg19	hg19.chr4:g.187525728C>A	hg19.chr4:g.187525728C>A	FAT1	20264:c.10351C>A	20264:p.(Glu3451Ter)	PMID32398863;BDESCC-01-282	Li et al. (originally published by Cui et al.(2020))	ESCC
hg19	hg19.chr17:g.7578500G>A	hg19.chr17:g.7578500G>A	TP53	62635:c.430G>A	62635:p.(Gln144Ter)	PMID32398863;BDESCC-01-282	Li et al. (originally published by Cui et al.(2020))	ESCC
hg19	hg19.chr17:g.7579315G>T	hg19.chr17:g.7579315G>T	TP53	62651:c.417G>T	62651:p.(Cys139Ter)	PMID32398863;BDESCC-01-320	Li et al. (originally published by Cui et al.(2020))	ESCC
hg19	hg19.chr17:g.7577568C>T	hg19.chr17:g.7577568C>T	TP53	62635:c.713C>T	62635:p.(Cys238Tyr)	PMID32974170;42474	Li et al. (originally published by Mangalaparthi et al.(2018))	ESCC
hg19	hg19.chr1:g.120502094A>T	hg19.chr1:g.120502094A>T	NOTCH2	6040:c.1947A>T	6040:p.(Cys649Ter)	PMID32974170;42476	Li et al. (originally published by Mangalaparthi et al.(2018))	ESCC
hg19	hg19.chr2:g.178098815T>C	hg19.chr2:g.178098815T>C	NFE2L2	12333:c.230T>C	12333:p.(Asp77Gly)	PMID32974170;42476	Li et al. (originally published by Mangalaparthi et al.(2018))	ESCC
hg19	hg19.chr3:g.178936091G>A	hg19.chr3:g.178936091G>A	PIK3CA	14944:c.1633G>A	14944:p.(Glu545Lys)	PMID32974170;42476	Li et al. (originally published by Mangalaparthi et al.(2018))	ESCC
hg19	hg19.chr17:g.7577539G>A	hg19.chr17:g.7577539G>A	TP53	62635:c.742G>A	62635:p.(Arg248Trp)	PMID32974170;42477	Li et al. (originally published by Mangalaparthi et al.(2018))	ESCC
hg19	hg19.chr17:g.7578272G>A	hg19.chr17:g.7578272G>A	TP53	62635:c.577G>A	62635:p.(His193Tyr)	PMID32974170;42478	Li et al. (originally published by Mangalaparthi et al.(2018))	ESCC
hg19	hg19.chr3:g.178936091G>A	hg19.chr3:g.178936091G>A	PIK3CA	14944:c.1633G>A	14944:p.(Glu545Lys)	PMID32974170;42478	Li et al. (originally published by Mangalaparthi et al.(2018))	ESCC
hg19	hg19.chr4:g.153245513C>T	hg19.chr4:g.153245513C>T	FBXW7	20029:c.1678C>T	20029:p.(Asp560Asn)	PMID32974170;42478	Li et al. (originally published by Mangalaparthi et al.(2018))	ESCC
hg19	hg19.chr3:g.178936091G>A	hg19.chr3:g.178936091G>A	PIK3CA	14944:c.1633G>A	14944:p.(Glu545Lys)	PMID32974170;42480	Li et al. (originally published by Mangalaparthi et al.(2018))	ESCC
hg19	hg19.chr17:g.7578406C>T	hg19.chr17:g.7578406C>T	TP53	62635:c.524C>T	62635:p.(Arg175His)	PMID32974170;42481	Li et al. (originally published by Mangalaparthi et al.(2018))	ESCC
hg19	hg19.chr3:g.178922292T>C	hg19.chr3:g.178922292T>C	PIK3CA	14944:c.1061T>C	14944:p.(Ile354Thr)	PMID32974170;42481	Li et al. (originally published by Mangalaparthi et al.(2018))	ESCC
hg19	hg19.chr17:g.7578508C>T	hg19.chr17:g.7578508C>T	TP53	62635:c.422C>T	62635:p.(Cys141Tyr)	PMID32974170;42493	Li et al. (originally published by Mangalaparthi et al.(2018))	ESCC
hg19	hg19.chr17:g.7573984A>G	hg19.chr17:g.7573984A>G	TP53	62643:c.1043A>G	62643:p.(Leu348Ser)	PMID32974170;42494	Li et al. (originally published by Mangalaparthi et al.(2018))	ESCC
hg19	hg19.chr17:g.7578496A>T	hg19.chr17:g.7578496A>T	TP53	62635:c.434A>T	62635:p.(Leu145Gln)	PMID32974170;42494	Li et al. (originally published by Mangalaparthi et al.(2018))	ESCC
hg19	hg19.chr4:g.153247289G>C	hg19.chr4:g.153247289G>C	FBXW7	20029:c.1513G>C	20029:p.(Arg505Gly)	PMID32974170;42494	Li et al. (originally published by Mangalaparthi et al.(2018))	ESCC
hg19	hg19.chr9:g.139399884C>G	hg19.chr9:g.139399884C>G	NOTCH1	37446:c.4464C>G	37446:p.(Lys1488Asn)	PMID32974170;42494	Li et al. (originally published by Mangalaparthi et al.(2018))	ESCC
hg19	hg19.chr17:g.7577538C>T	hg19.chr17:g.7577538C>T	TP53	62635:c.743C>T	62635:p.(Arg248Gln)	PMID32974170;42495	Li et al. (originally published by Mangalaparthi et al.(2018))	ESCC
hg19	hg19.chr9:g.139410004A>G	hg19.chr9:g.139410004A>G	NOTCH1	37446:c.1834A>G	37446:p.(Cys612Arg)	PMID32974170;42496	Li et al. (originally published by Mangalaparthi et al.(2018))	ESCC
hg19	hg19.chr3:g.178916725C>T	hg19.chr3:g.178916725C>T	PIK3CA	14944:c.112C>T	14944:p.(Arg38Cys)	PMID32974170;42497	Li et al. (originally published by Mangalaparthi et al.(2018))	ESCC
hg19	hg19.chr17:g.7578271T>C	hg19.chr17:g.7578271T>C	TP53	62635:c.578T>C	62635:p.(His193Arg)	PMID32974170;42498	Li et al. (originally published by Mangalaparthi et al.(2018))	ESCC
hg19	hg19.chr17:g.7578389G>A	hg19.chr17:g.7578389G>A	TP53	62635:c.541G>A	62635:p.(Arg181Cys)	PMID32974170;42498	Li et al. (originally published by Mangalaparthi et al.(2018))	ESCC
hg19	hg19.chr3:g.178936091G>A	hg19.chr3:g.178936091G>A	PIK3CA	14944:c.1633G>A	14944:p.(Glu545Lys)	PMID32974170;42498	Li et al. (originally published by Mangalaparthi et al.(2018))	ESCC
hg19	hg19.chr17:g.7576897G>A	hg19.chr17:g.7576897G>A	TP53	62636:c.949G>A	62636:p.(Gln317Ter)	PMID32974170;42499	Li et al. (originally published by Mangalaparthi et al.(2018))	ESCC
hg19	hg19.chr2:g.178098810C>G	hg19.chr2:g.178098810C>G	NFE2L2	12333:c.235C>G	12333:p.(Glu79Gln)	PMID32974170;42499	Li et al. (originally published by Mangalaparthi et al.(2018))	ESCC
hg19	hg19.chr3:g.178936091G>A	hg19.chr3:g.178936091G>A	PIK3CA	14944:c.1633G>A	14944:p.(Glu545Lys)	PMID32974170;42499	Li et al. (originally published by Mangalaparthi et al.(2018))	ESCC
hg19	hg19.chr4:g.153251907G>A	hg19.chr4:g.153251907G>A	FBXW7	20029:c.1099G>A	20029:p.(Arg367Ter)	PMID32974170;42499	Li et al. (originally published by Mangalaparthi et al.(2018))	ESCC
hg19	hg19.chr3:g.178948045T>C	hg19.chr3:g.178948045T>C	PIK3CA	14944:c.2817T>C	14944:p.(Asp939Asp)	PMID32974170;42500	Li et al. (originally published by Mangalaparthi et al.(2018))	ESCC
hg19	hg19.chr17:g.7578406C>T	hg19.chr17:g.7578406C>T	TP53	62635:c.524C>T	62635:p.(Arg175His)	PMID32974170;42501	Li et al. (originally published by Mangalaparthi et al.(2018))	ESCC
hg19	hg19.chr1:g.120502093C>T	hg19.chr1:g.120502093C>T	NOTCH2	6040:c.1948C>T	6040:p.(Ala650Thr)	PMID32974170;56957	Li et al. (originally published by Mangalaparthi et al.(2018))	ESCC
hg19	hg19.chr17:g.7577022G>A	hg19.chr17:g.7577022G>A	TP53	62636:c.916G>A	62636:p.(Arg306Ter)	PMID32974170;56957	Li et al. (originally published by Mangalaparthi et al.(2018))	ESCC
hg19	hg19.chr3:g.178952020C>T	hg19.chr3:g.178952020C>T	PIK3CA	14944:c.3075C>T	14944:p.(Thr1025Thr)	PMID32974170;56957	Li et al. (originally published by Mangalaparthi et al.(2018))	ESCC
hg19	hg19.chr9:g.139399790C>A	hg19.chr9:g.139399790C>A	NOTCH1	37446:c.4558C>A	37446:p.(Asp1520Tyr)	PMID32974170;56957	Li et al. (originally published by Mangalaparthi et al.(2018))	ESCC
hg19	hg19.chr3:g.178936091G>A	hg19.chr3:g.178936091G>A	PIK3CA	14944:c.1633G>A	14944:p.(Glu545Lys)	PMID34263978;2	Li et al. (originally published by Takemoto et al.(2021))	ESCC
hg19	hg19.chr17:g.7577568C>G	hg19.chr17:g.7577568C>G	TP53	62635:c.713C>G	62635:p.(Cys238Ser)	PMID34263978;2	Li et al. (originally published by Takemoto et al.(2021))	ESCC
hg19	hg19.chr4:g.153247366C>G	hg19.chr4:g.153247366C>G	FBXW7	20029:c.1436C>G	20029:p.(Arg479Pro)	PMID34263978;3	Li et al. (originally published by Takemoto et al.(2021))	ESCC
hg19	hg19.chr17:g.7577548C>A	hg19.chr17:g.7577548C>A	TP53	62635:c.733C>A	62635:p.(Gly245Cys)	PMID34263978;4	Li et al. (originally published by Takemoto et al.(2021))	ESCC
hg19	hg19.chr17:g.7578454G>A	hg19.chr17:g.7578454G>A	TP53	62635:c.476G>A	62635:p.(Ala159Val)	PMID34263978;4	Li et al. (originally published by Takemoto et al.(2021))	ESCC
hg19	hg19.chr3:g.178952085A>T	hg19.chr3:g.178952085A>T	PIK3CA	14944:c.3140A>T	14944:p.(His1047Leu)	PMID34263978;8	Li et al. (originally published by Takemoto et al.(2021))	ESCC
hg19	hg19.chr17:g.7578395G>C	hg19.chr17:g.7578395G>C	TP53	62635:c.535G>C	62635:p.(His179Asp)	PMID34263978;8	Li et al. (originally published by Takemoto et al.(2021))	ESCC
hg19	hg19.chr2:g.178098815T>C	hg19.chr2:g.178098815T>C	NFE2L2	12333:c.230T>C	12333:p.(Asp77Gly)	PMID34263978;12	Li et al. (originally published by Takemoto et al.(2021))	ESCC
hg19	hg19.chr3:g.178947133A>G	hg19.chr3:g.178947133A>G	PIK3CA	14944:c.2569A>G	14944:p.(Ile857Val)	PMID34263978;15	Li et al. (originally published by Takemoto et al.(2021))	ESCC
hg19	hg19.chr17:g.7576873C>A	hg19.chr17:g.7576873C>A	TP53	62636:c.973C>A	62636:p.(Gly325Ter)	PMID34263978;15	Li et al. (originally published by Takemoto et al.(2021))	ESCC
hg19	hg19.chr9:g.139412266G>A	hg19.chr9:g.139412266G>A	NOTCH1	37446:c.1379G>A	37446:p.(Pro460Leu)	PMID34263978;16	Li et al. (originally published by Takemoto et al.(2021))	ESCC
hg19	hg19.chr17:g.7577094G>A	hg19.chr17:g.7577094G>A	TP53	62636:c.844G>A	62636:p.(Arg282Trp)	PMID34263978;16	Li et al. (originally published by Takemoto et al.(2021))	ESCC
hg19	hg19.chr9:g.139412381G>A	hg19.chr9:g.139412381G>A	NOTCH1	37446:c.1264G>A	37446:p.(Pro422Ser)	PMID34263978;17	Li et al. (originally published by Takemoto et al.(2021))	ESCC
hg19	hg19.chr17:g.7579414C>T	hg19.chr17:g.7579414C>T	TP53	62651:c.318C>T	62651:p.(Trp106Ter)	PMID34263978;17	Li et al. (originally published by Takemoto et al.(2021))	ESCC
hg19	hg19.chr2:g.178098804C>A	hg19.chr2:g.178098804C>A	NFE2L2	12333:c.241C>A	12333:p.(Gly81Cys)	PMID34263978;23	Li et al. (originally published by Takemoto et al.(2021))	ESCC
hg19	hg19.chr9:g.139399807C>A	hg19.chr9:g.139399807C>A	NOTCH1	37446:c.4541C>A	37446:p.(Cys1514Phe)	PMID34263978;23	Li et al. (originally published by Takemoto et al.(2021))	ESCC
hg19	hg19.chr9:g.139401265G>C	hg19.chr9:g.139401265G>C	NOTCH1	37446:c.3804G>C	37446:p.(Val1268Val)	PMID34263978;23	Li et al. (originally published by Takemoto et al.(2021))	ESCC
hg19	hg19.chr17:g.7577556C>A	hg19.chr17:g.7577556C>A	TP53	62635:c.725C>A	62635:p.(Cys242Phe)	PMID34263978;32	Li et al. (originally published by Takemoto et al.(2021))	ESCC
hg19	hg19.chr17:g.7577538C>T	hg19.chr17:g.7577538C>T	TP53	62635:c.743C>T	62635:p.(Arg248Gln)	PMID34263978;40	Li et al. (originally published by Takemoto et al.(2021))	ESCC
hg19	hg19.chr17:g.7577538C>T	hg19.chr17:g.7577538C>T	TP53	62635:c.743C>T	62635:p.(Arg248Gln)	PMID34263978;49	Li et al. (originally published by Takemoto et al.(2021))	ESCC
hg19	hg19.chr17:g.7578503C>T	hg19.chr17:g.7578503C>T	TP53	62635:c.427C>T	62635:p.(Val143Met)	PMID34263978;51	Li et al. (originally published by Takemoto et al.(2021))	ESCC
hg19	hg19.chr17:g.7579358C>A	hg19.chr17:g.7579358C>A	TP53	62651:c.374C>A	62651:p.(Arg125Leu)	PMID34263978;54	Li et al. (originally published by Takemoto et al.(2021))	ESCC
hg19	hg19.chr3:g.178936091G>A	hg19.chr3:g.178936091G>A	PIK3CA	14944:c.1633G>A	14944:p.(Glu545Lys)	PMID34263978;57	Li et al. (originally published by Takemoto et al.(2021))	ESCC
hg19	hg19.chr17:g.7577535C>A	hg19.chr17:g.7577535C>A	TP53	62635:c.746C>A	62635:p.(Arg249Met)	PMID34263978;57	Li et al. (originally published by Takemoto et al.(2021))	ESCC
hg19	hg19.chr17:g.7578189A>T	hg19.chr17:g.7578189A>T	TP53	62635:c.660A>T	62635:p.(Tyr220Ter)	PMID34263978;57	Li et al. (originally published by Takemoto et al.(2021))	ESCC
hg19	hg19.chr2:g.178098800T>A	hg19.chr2:g.178098800T>A	NFE2L2	12333:c.245T>A	12333:p.(Glu82Val)	PMID34263978;59	Li et al. (originally published by Takemoto et al.(2021))	ESCC
hg19	hg19.chr17:g.7578394T>C	hg19.chr17:g.7578394T>C	TP53	62635:c.536T>C	62635:p.(His179Arg)	PMID34263978;60	Li et al. (originally published by Takemoto et al.(2021))	ESCC
hg19	hg19.chr2:g.178098809T>A	hg19.chr2:g.178098809T>A	NFE2L2	12333:c.236T>A	12333:p.(Glu79Val)	PMID34263978;61	Li et al. (originally published by Takemoto et al.(2021))	ESCC
hg19	hg19.chr17:g.7578403C>A	hg19.chr17:g.7578403C>A	TP53	62635:c.527C>A	62635:p.(Cys176Phe)	PMID34263978;61	Li et al. (originally published by Takemoto et al.(2021))	ESCC
hg19	hg19.chr17:g.7578190T>C	hg19.chr17:g.7578190T>C	TP53	62635:c.659T>C	62635:p.(Tyr220Cys)	PMID34263978;62	Li et al. (originally published by Takemoto et al.(2021))	ESCC
hg19	hg19.chr17:g.7578413C>T	hg19.chr17:g.7578413C>T	TP53	62635:c.517C>T	62635:p.(Val173Met)	PMID34263978;72	Li et al. (originally published by Takemoto et al.(2021))	ESCC
hg19	hg19.chr17:g.7578265A>C	hg19.chr17:g.7578265A>C	TP53	62635:c.584A>C	62635:p.(Ile195Ser)	PMID34263978;74	Li et al. (originally published by Takemoto et al.(2021))	ESCC
hg19	hg19.chr17:g.7578469C>A	hg19.chr17:g.7578469C>A	TP53	62635:c.461C>A	62635:p.(Gly154Val)	PMID34263978;74	Li et al. (originally published by Takemoto et al.(2021))	ESCC
hg19	hg19.chr17:g.7578479G>A	hg19.chr17:g.7578479G>A	TP53	62635:c.451G>A	62635:p.(Pro151Ser)	PMID34263978;77	Li et al. (originally published by Takemoto et al.(2021))	ESCC
hg19	hg19.chr17:g.7578394T>C	hg19.chr17:g.7578394T>C	TP53	62635:c.536T>C	62635:p.(His179Arg)	PMID34263978;79	Li et al. (originally published by Takemoto et al.(2021))	ESCC
hg19	hg19.chr17:g.7577538C>T	hg19.chr17:g.7577538C>T	TP53	62635:c.743C>T	62635:p.(Arg248Gln)	PMID34263978;80	Li et al. (originally published by Takemoto et al.(2021))	ESCC
hg19	hg19.chr17:g.7578257C>A	hg19.chr17:g.7578257C>A	TP53	62635:c.592C>A	62635:p.(Glu198Ter)	PMID34263978;80	Li et al. (originally published by Takemoto et al.(2021))	ESCC
hg19	hg19.chr9:g.139391980C>T	hg19.chr9:g.139391980C>T	NOTCH1	37446:c.6211C>T	37446:p.(Glu2071Lys)	PMID34263978;85	Li et al. (originally published by Takemoto et al.(2021))	ESCC
hg19	hg19.chr9:g.139393422C>T	hg19.chr9:g.139393422C>T	NOTCH1	37446:c.6109C>T	37446:p.(Ala2037Thr)	PMID34263978;86	Li et al. (originally published by Takemoto et al.(2021))	ESCC
hg19	hg19.chr17:g.7578479G>T	hg19.chr17:g.7578479G>T	TP53	62635:c.451G>T	62635:p.(Pro151Thr)	PMID34263978;86	Li et al. (originally published by Takemoto et al.(2021))	ESCC
hg19	hg19.chr17:g.7578454G>A	hg19.chr17:g.7578454G>A	TP53	62635:c.476G>A	62635:p.(Ala159Val)	PMID34263978;89	Li et al. (originally published by Takemoto et al.(2021))	ESCC
hg19	hg19.chr17:g.7579358C>A	hg19.chr17:g.7579358C>A	TP53	62651:c.374C>A	62651:p.(Arg125Leu)	PMID34263978;89	Li et al. (originally published by Takemoto et al.(2021))	ESCC
hg19	hg19.chr17:g.7577022G>A	hg19.chr17:g.7577022G>A	TP53	62636:c.916G>A	62636:p.(Arg306Ter)	PMID34263978;94	Li et al. (originally published by Takemoto et al.(2021))	ESCC
hg19	hg19.chr17:g.7578235T>C	hg19.chr17:g.7578235T>C	TP53	62635:c.614T>C	62635:p.(Tyr205Cys)	PMID34263978;95	Li et al. (originally published by Takemoto et al.(2021))	ESCC
hg19	hg19.chr17:g.7577534C>A	hg19.chr17:g.7577534C>A	TP53	62635:c.747C>A	62635:p.(Arg249Ser)	PMID34263978;96	Li et al. (originally published by Takemoto et al.(2021))	ESCC
hg19	hg19.chr17:g.7577551C>A	hg19.chr17:g.7577551C>A	TP53	62635:c.730C>A	62635:p.(Gly244Cys)	PMID34263978;12T	Li et al. (originally published by Takemoto et al.(2021))	ESCC
hg19	hg19.chr17:g.7577574T>C	hg19.chr17:g.7577574T>C	TP53	62635:c.707T>C	62635:p.(Tyr236Cys)	PMID34263978;14T	Li et al. (originally published by Takemoto et al.(2021))	ESCC
hg19	hg19.chr17:g.7578208T>C	hg19.chr17:g.7578208T>C	TP53	62635:c.641T>C	62635:p.(His214Arg)	PMID34263978;26T	Li et al. (originally published by Takemoto et al.(2021))	ESCC
hg19	hg19.chr17:g.7577058C>A	hg19.chr17:g.7577058C>A	TP53	62636:c.880C>A	62636:p.(Glu294Ter)	PMID34263978;28T	Li et al. (originally published by Takemoto et al.(2021))	ESCC
hg19	hg19.chr2:g.178098959T>C	hg19.chr2:g.178098959T>C	NFE2L2	12333:c.86T>C	12333:p.(Asp29Gly)	PMID34263978;29T	Li et al. (originally published by Takemoto et al.(2021))	ESCC
hg19	hg19.chr17:g.7577118C>G	hg19.chr17:g.7577118C>G	TP53	62636:c.820C>G	62636:p.(Val274Leu)	PMID34263978;29T	Li et al. (originally published by Takemoto et al.(2021))	ESCC
hg19	hg19.chr17:g.7577539G>A	hg19.chr17:g.7577539G>A	TP53	62635:c.742G>A	62635:p.(Arg248Trp)	PMID34263978;30T	Li et al. (originally published by Takemoto et al.(2021))	ESCC
hg19	hg19.chr2:g.178098959T>C	hg19.chr2:g.178098959T>C	NFE2L2	12333:c.86T>C	12333:p.(Asp29Gly)	PMID34263978;32T	Li et al. (originally published by Takemoto et al.(2021))	ESCC
hg19	hg19.chr17:g.7577570C>A	hg19.chr17:g.7577570C>A	TP53	62635:c.711C>A	62635:p.(Met237Ile)	PMID34263978;32T	Li et al. (originally published by Takemoto et al.(2021))	ESCC
hg19	hg19.chr17:g.7578271T>G	hg19.chr17:g.7578271T>G	TP53	62635:c.578T>G	62635:p.(His193Pro)	PMID34263978;36T	Li et al. (originally published by Takemoto et al.(2021))	ESCC
hg19	hg19.chr9:g.139412326C>A	hg19.chr9:g.139412326C>A	NOTCH1	37446:c.1319C>A	37446:p.(Cys440Phe)	PMID34263978;41T	Li et al. (originally published by Takemoto et al.(2021))	ESCC
hg19	hg19.chr17:g.7573982C>A	hg19.chr17:g.7573982C>A	TP53	62643:c.1045C>A	62643:p.(Glu349Ter)	PMID34263978;42T	Li et al. (originally published by Takemoto et al.(2021))	ESCC
hg19	hg19.chr3:g.178936091G>A	hg19.chr3:g.178936091G>A	PIK3CA	14944:c.1633G>A	14944:p.(Glu545Lys)	PMID34263978;43T	Li et al. (originally published by Takemoto et al.(2021))	ESCC
hg19	hg19.chr4:g.187538244G>A	hg19.chr4:g.187538244G>A	FAT1	20264:c.8990G>A	20264:p.(Thr2997Met)	PMID34263978;43T	Li et al. (originally published by Takemoto et al.(2021))	ESCC
hg19	hg19.chr17:g.7576855G>A	hg19.chr17:g.7576855G>A	TP53	62636:c.991G>A	62636:p.(Gln331Ter)	PMID34263978;43T	Li et al. (originally published by Takemoto et al.(2021))	ESCC
hg19	hg19.chr9:g.139413065G>C	hg19.chr9:g.139413065G>C	NOTCH1	37446:c.1077G>C	37446:p.(Cys359Trp)	PMID34263978;44T	Li et al. (originally published by Takemoto et al.(2021))	ESCC
hg19	hg19.chr17:g.7577123A>T	hg19.chr17:g.7577123A>T	TP53	62636:c.815A>T	62636:p.(Val272Glu)	PMID34263978;44T	Li et al. (originally published by Takemoto et al.(2021))	ESCC
hg19	hg19.chr3:g.178936091G>A	hg19.chr3:g.178936091G>A	PIK3CA	14944:c.1633G>A	14944:p.(Glu545Lys)	PMID34263978;46T	Li et al. (originally published by Takemoto et al.(2021))	ESCC
hg19	hg19.chr17:g.7576897G>A	hg19.chr17:g.7576897G>A	TP53	62636:c.949G>A	62636:p.(Gln317Ter)	PMID34263978;46T	Li et al. (originally published by Takemoto et al.(2021))	ESCC
hg19	hg19.chr17:g.7578212G>A	hg19.chr17:g.7578212G>A	TP53	62635:c.637G>A	62635:p.(Arg213Ter)	PMID34263978;46T	Li et al. (originally published by Takemoto et al.(2021))	ESCC
hg19	hg19.chr2:g.178098959T>C	hg19.chr2:g.178098959T>C	NFE2L2	12333:c.86T>C	12333:p.(Asp29Gly)	PMID34263978;48T	Li et al. (originally published by Takemoto et al.(2021))	ESCC
hg19	hg19.chr9:g.139413085G>A	hg19.chr9:g.139413085G>A	NOTCH1	37446:c.1057G>A	37446:p.(Arg353Cys)	PMID34263978;48T	Li et al. (originally published by Takemoto et al.(2021))	ESCC
hg19	hg19.chr17:g.7577085C>T	hg19.chr17:g.7577085C>T	TP53	62636:c.853C>T	62636:p.(Glu285Lys)	PMID34263978;48T	Li et al. (originally published by Takemoto et al.(2021))	ESCC
hg19	hg19.chr17:g.7578257C>A	hg19.chr17:g.7578257C>A	TP53	62635:c.592C>A	62635:p.(Glu198Ter)	PMID34263978;48T	Li et al. (originally published by Takemoto et al.(2021))	ESCC
hg19	hg19.chr4:g.187535345C>T	hg19.chr4:g.187535345C>T	FAT1	20264:c.9229C>T	20264:p.(Gly3077Ser)	PMID34263978;49T	Li et al. (originally published by Takemoto et al.(2021))	ESCC
hg19	hg19.chr9:g.139413099G>A	hg19.chr9:g.139413099G>A	NOTCH1	37446:c.1043G>A	37446:p.(Ala348Val)	PMID34263978;49T	Li et al. (originally published by Takemoto et al.(2021))	ESCC
hg19	hg19.chr17:g.7574003G>A	hg19.chr17:g.7574003G>A	TP53	62643:c.1024G>A	62643:p.(Arg342Ter)	PMID34263978;49T	Li et al. (originally published by Takemoto et al.(2021))	ESCC
hg19	hg19.chr3:g.178936091G>A	hg19.chr3:g.178936091G>A	PIK3CA	14944:c.1633G>A	14944:p.(Glu545Lys)	PMID34263978;4T	Li et al. (originally published by Takemoto et al.(2021))	ESCC
hg19	hg19.chr4:g.187628235G>T	hg19.chr4:g.187628235G>T	FAT1	20264:c.2747G>T	20264:p.(Ser916Ter)	PMID34263978;52T	Li et al. (originally published by Takemoto et al.(2021))	ESCC
hg19	hg19.chr2:g.178098799T>A	hg19.chr2:g.178098799T>A	NFE2L2	12333:c.246T>A	12333:p.(Glu82Asp)	PMID34263978;53T	Li et al. (originally published by Takemoto et al.(2021))	ESCC
hg19	hg19.chr17:g.7578404A>T	hg19.chr17:g.7578404A>T	TP53	62635:c.526A>T	62635:p.(Cys176Ser)	PMID34263978;53T	Li et al. (originally published by Takemoto et al.(2021))	ESCC
hg19	hg19.chr1:g.120539755G>A	hg19.chr1:g.120539755G>A	NOTCH2	6040:c.616G>A	6040:p.(Gln206Ter)	PMID34263978;56T	Li et al. (originally published by Takemoto et al.(2021))	ESCC
hg19	hg19.chr9:g.139401261C>A	hg19.chr9:g.139401261C>A	NOTCH1	37446:c.3808C>A	37446:p.(Glu1270Ter)	PMID34263978;56T	Li et al. (originally published by Takemoto et al.(2021))	ESCC
hg19	hg19.chr17:g.7577058C>A	hg19.chr17:g.7577058C>A	TP53	62636:c.880C>A	62636:p.(Glu294Ter)	PMID34263978;56T	Li et al. (originally published by Takemoto et al.(2021))	ESCC
hg19	hg19.chr4:g.153245521C>A	hg19.chr4:g.153245521C>A	FBXW7	20029:c.1670C>A	20029:p.(Gly557Val)	PMID34263978;57T	Li et al. (originally published by Takemoto et al.(2021))	ESCC
hg19	hg19.chr17:g.7578524G>A	hg19.chr17:g.7578524G>A	TP53	62635:c.406G>A	62635:p.(Gln136Ter)	PMID34263978;57T	Li et al. (originally published by Takemoto et al.(2021))	ESCC
hg19	hg19.chr17:g.7577120C>T	hg19.chr17:g.7577120C>T	TP53	62636:c.818C>T	62636:p.(Arg273His)	PMID34263978;6T	Li et al. (originally published by Takemoto et al.(2021))	ESCC
hg19	hg19.chr17:g.7578413C>A	hg19.chr17:g.7578413C>A	TP53	62635:c.517C>A	62635:p.(Val173Leu)	PMID34263978;9T	Li et al. (originally published by Takemoto et al.(2021))	ESCC
hg19	hg19.chr17:g.7578461C>A	hg19.chr17:g.7578461C>A	TP53	62635:c.469C>A	62635:p.(Val157Phe)	PMID34263978;9T	Li et al. (originally published by Takemoto et al.(2021))	ESCC
hg19	hg19.chr9:g.139399536C>A	hg19.chr9:g.139399536C>A	NOTCH1	37446:c.4607C>A	37446:p.(Cys1536Phe)	PMID34263978;DR029	Li et al. (originally published by Takemoto et al.(2021))	ESCC
hg19	hg19.chr17:g.7578394T>A	hg19.chr17:g.7578394T>A	TP53	62635:c.536T>A	62635:p.(His179Leu)	PMID34263978;DR029	Li et al. (originally published by Takemoto et al.(2021))	ESCC
hg19	hg19.chr17:g.7578394T>C	hg19.chr17:g.7578394T>C	TP53	62635:c.536T>C	62635:p.(His179Arg)	PMID34263978;DR041	Li et al. (originally published by Takemoto et al.(2021))	ESCC
hg19	hg19.chr17:g.7578190T>C	hg19.chr17:g.7578190T>C	TP53	62635:c.659T>C	62635:p.(Tyr220Cys)	PMID34263978;DR044	Li et al. (originally published by Takemoto et al.(2021))	ESCC
hg19	hg19.chr4:g.187540689C>A	hg19.chr4:g.187540689C>A	FAT1	20264:c.7051C>A	20264:p.(Glu2351Ter)	PMID34263978;DR079	Li et al. (originally published by Takemoto et al.(2021))	ESCC
hg19	hg19.chr17:g.7578394T>C	hg19.chr17:g.7578394T>C	TP53	62635:c.536T>C	62635:p.(His179Arg)	PMID34263978;DR099	Li et al. (originally published by Takemoto et al.(2021))	ESCC
hg19	hg19.chr17:g.7577120C>T	hg19.chr17:g.7577120C>T	TP53	62636:c.818C>T	62636:p.(Arg273His)	PMID34263978;DR106	Li et al. (originally published by Takemoto et al.(2021))	ESCC
hg19	hg19.chr3:g.178936091G>C	hg19.chr3:g.178936091G>C	PIK3CA	14944:c.1633G>C	14944:p.(Glu545Gln)	PMID34263978;DR107	Li et al. (originally published by Takemoto et al.(2021))	ESCC
hg19	hg19.chr9:g.139412252C>T	hg19.chr9:g.139412252C>T	NOTCH1	37446:c.1393C>T	37446:p.(Ala465Thr)	PMID34263978;DR107	Li et al. (originally published by Takemoto et al.(2021))	ESCC
hg19	hg19.chr17:g.7577535C>A	hg19.chr17:g.7577535C>A	TP53	62635:c.746C>A	62635:p.(Arg249Met)	PMID34263978;DR107	Li et al. (originally published by Takemoto et al.(2021))	ESCC
hg19	hg19.chr2:g.178098801C>G	hg19.chr2:g.178098801C>G	NFE2L2	12333:c.244C>G	12333:p.(Glu82Gln)	PMID34263978;DR150	Li et al. (originally published by Takemoto et al.(2021))	ESCC
hg19	hg19.chr17:g.7578394T>C	hg19.chr17:g.7578394T>C	TP53	62635:c.536T>C	62635:p.(His179Arg)	PMID34263978;DR150	Li et al. (originally published by Takemoto et al.(2021))	ESCC
hg19	hg19.chr1:g.120460324C>G	hg19.chr1:g.120460324C>G	NOTCH2	6040:c.5991C>G	6040:p.(Leu1997Phe)	PMID34263978;DR154	Li et al. (originally published by Takemoto et al.(2021))	ESCC
hg19	hg19.chr13:g.48954375G>A	hg19.chr13:g.48954375G>A	RB1	49601:c.1496G>A	49601:p.(Ser499Asn)	PMID34263978;DR154	Li et al. (originally published by Takemoto et al.(2021))	ESCC
hg19	hg19.chr9:g.139413072A>G	hg19.chr9:g.139413072A>G	NOTCH1	37446:c.1070A>G	37446:p.(Phe357Ser)	PMID34263978;DR158	Li et al. (originally published by Takemoto et al.(2021))	ESCC
hg19	hg19.chr17:g.7578492C>T	hg19.chr17:g.7578492C>T	TP53	62635:c.438C>T	62635:p.(Trp146Ter)	PMID34263978;DR158	Li et al. (originally published by Takemoto et al.(2021))	ESCC
hg19	hg19.chr2:g.178098965T>A	hg19.chr2:g.178098965T>A	NFE2L2	12333:c.80T>A	12333:p.(Asp27Val)	PMID34263978;DR169	Li et al. (originally published by Takemoto et al.(2021))	ESCC
hg19	hg19.chr17:g.7577539G>A	hg19.chr17:g.7577539G>A	TP53	62635:c.742G>A	62635:p.(Arg248Trp)	PMID34263978;DR169	Li et al. (originally published by Takemoto et al.(2021))	ESCC
hg19	hg19.chr17:g.7578263G>A	hg19.chr17:g.7578263G>A	TP53	62635:c.586G>A	62635:p.(Arg196Ter)	PMID34263978;DR178	Li et al. (originally published by Takemoto et al.(2021))	ESCC
hg19	hg19.chr3:g.178947845C>G	hg19.chr3:g.178947845C>G	PIK3CA	14944:c.2720C>G	14944:p.(Ala907Gly)	PMID34263978;DR186	Li et al. (originally published by Takemoto et al.(2021))	ESCC
hg19	hg19.chr17:g.7577545T>C	hg19.chr17:g.7577545T>C	TP53	62635:c.736T>C	62635:p.(Met246Val)	PMID34263978;DR186	Li et al. (originally published by Takemoto et al.(2021))	ESCC
hg19	hg19.chr9:g.139399764G>A	hg19.chr9:g.139399764G>A	NOTCH1	37446:c.4584G>A	37446:p.(Cys1528Cys)	PMID34263978;DR240	Li et al. (originally published by Takemoto et al.(2021))	ESCC
hg38	hg38.chr9:g.136518633G>A	hg19.chr9:g.139413085G>A	NOTCH1	37446:c.1057G>A	37446:p.(Arg353Cys)	PMID34285259;T15	Li et al. (originally published by Erkizan et al.(2021))	ESCC
hg38	hg38.chr4:g.186709435C>T	hg19.chr4:g.187630589C>T	FAT1	20264:c.393C>T	20264:p.(Ala131Ala)	PMID34285259;T1	Li et al. (originally published by Erkizan et al.(2021))	ESCC
hg38	hg38.chr9:g.136515348C>T	hg19.chr9:g.139409800C>T	NOTCH1	37446:c.1956C>T	37446:p.(Ser652Ser)	PMID34285259;T5	Li et al. (originally published by Erkizan et al.(2021))	ESCC
hg38	hg38.chr17:g.7674268A>T	hg19.chr17:g.7577586A>T	TP53	62635:c.695A>T	62635:p.(Ile232Asn)	PMID34285259;T6	Li et al. (originally published by Erkizan et al.(2021))	ESCC
hg38	hg38.chr1:g.119969680G>A	hg19.chr1:g.120512303G>A	NOTCH2	6040:c.939G>A	6040:p.(Gly313Gly)	PMID34285259;T7	Li et al. (originally published by Erkizan et al.(2021))	ESCC
hg38	hg38.chr4:g.186601317C>A	hg19.chr4:g.187522471C>A	FAT1	20264:c.11592C>A	20264:p.(Thr3864Thr)	PMID34285259;T7	Li et al. (originally published by Erkizan et al.(2021))	ESCC
hg19	hg19.chr2:g.178098969G>T	hg19.chr2:g.178098969G>T	NFE2L2	12333:c.76G>T	12333:p.(Gln26Lys)	PMID34413060;Case_A	Li et al. (originally published by Hirata et al.(2021))	ESCC
hg19	hg19.chr17:g.7579414C>T	hg19.chr17:g.7579414C>T	TP53	62651:c.318C>T	62651:p.(Trp106Ter)	PMID34413060;Case_A	Li et al. (originally published by Hirata et al.(2021))	ESCC
hg19	hg19.chr2:g.178098953C>T	hg19.chr2:g.178098953C>T	NFE2L2	12333:c.92C>T	12333:p.(Gly31Glu)	PMID34413060;Case_B	Li et al. (originally published by Hirata et al.(2021))	ESCC
hg19	hg19.chr17:g.7577534C>A	hg19.chr17:g.7577534C>A	TP53	62635:c.747C>A	62635:p.(Arg249Ser)	PMID34413060;Case_B	Li et al. (originally published by Hirata et al.(2021))	ESCC
hg19	hg19.chr17:g.7577568C>A	hg19.chr17:g.7577568C>A	TP53	62635:c.713C>A	62635:p.(Cys238Phe)	PMID34413060;Case_C	Li et al. (originally published by Hirata et al.(2021))	ESCC
hg19	hg19.chr17:g.7578271T>A	hg19.chr17:g.7578271T>A	TP53	62635:c.578T>A	62635:p.(His193Leu)	PMID34413060;Case_D	Li et al. (originally published by Hirata et al.(2021))	ESCC
hg19	hg19.chr17:g.7577121G>A	hg19.chr17:g.7577121G>A	TP53	62636:c.817G>A	62636:p.(Arg273Cys)	PMID34413060;Case_E	Li et al. (originally published by Hirata et al.(2021))	ESCC
hg19	hg19.chr17:g.7578406C>T	hg19.chr17:g.7578406C>T	TP53	62635:c.524C>T	62635:p.(Arg175His)	TCGA;TCGA-IG-A3I8	Li et al. (originally from TCGA)	ESCC
hg19	hg19.chr2:g.178098909A>G	hg19.chr2:g.178098909A>G	NFE2L2	12333:c.136A>G	12333:p.(Tyr46His)	TCGA;TCGA-IG-A3QL	Li et al. (originally from TCGA)	ESCC
hg19	hg19.chr3:g.178952085A>T	hg19.chr3:g.178952085A>T	PIK3CA	14944:c.3140A>T	14944:p.(His1047Leu)	TCGA;TCGA-IG-A3QL	Li et al. (originally from TCGA)	ESCC
hg19	hg19.chr17:g.7577094G>A	hg19.chr17:g.7577094G>A	TP53	62636:c.844G>A	62636:p.(Arg282Trp)	TCGA;TCGA-IG-A3Y9	Li et al. (originally from TCGA)	ESCC
hg19	hg19.chr1:g.120484162C>T	hg19.chr1:g.120484162C>T	NOTCH2	6040:c.2968C>T	6040:p.(Glu990Lys)	TCGA;TCGA-IG-A3Y9	Li et al. (originally from TCGA)	ESCC
hg19	hg19.chr17:g.7578406C>T	hg19.chr17:g.7578406C>T	TP53	62635:c.524C>T	62635:p.(Arg175His)	TCGA;TCGA-IG-A3YA	Li et al. (originally from TCGA)	ESCC
hg19	hg19.chr3:g.178936091G>A	hg19.chr3:g.178936091G>A	PIK3CA	14944:c.1633G>A	14944:p.(Glu545Lys)	TCGA;TCGA-IG-A3YA	Li et al. (originally from TCGA)	ESCC
hg19	hg19.chr4:g.153247289G>C	hg19.chr4:g.153247289G>C	FBXW7	20029:c.1513G>C	20029:p.(Arg505Gly)	TCGA;TCGA-IG-A3YB	Li et al. (originally from TCGA)	ESCC
hg19	hg19.chr17:g.7578493C>T	hg19.chr17:g.7578493C>T	TP53	62635:c.437C>T	62635:p.(Trp146Ter)	TCGA;TCGA-IG-A3YC	Li et al. (originally from TCGA)	ESCC
hg19	hg19.chr17:g.7577106G>A	hg19.chr17:g.7577106G>A	TP53	62636:c.832G>A	62636:p.(Pro278Ser)	TCGA;TCGA-IG-A4P3	Li et al. (originally from TCGA)	ESCC
hg19	hg19.chr3:g.178936091G>A	hg19.chr3:g.178936091G>A	PIK3CA	14944:c.1633G>A	14944:p.(Glu545Lys)	TCGA;TCGA-IG-A4P3	Li et al. (originally from TCGA)	ESCC
hg19	hg19.chr4:g.187549722G>T	hg19.chr4:g.187549722G>T	FAT1	20264:c.4519G>T	20264:p.(Leu1507Ile)	TCGA;TCGA-IG-A4P3	Li et al. (originally from TCGA)	ESCC
hg19	hg19.chr17:g.7577114C>A	hg19.chr17:g.7577114C>A	TP53	62636:c.824C>A	62636:p.(Cys275Phe)	TCGA;TCGA-IG-A50L	Li et al. (originally from TCGA)	ESCC
hg19	hg19.chr2:g.178098809T>C	hg19.chr2:g.178098809T>C	NFE2L2	12333:c.236T>C	12333:p.(Glu79Gly)	TCGA;TCGA-IG-A50L	Li et al. (originally from TCGA)	ESCC
hg19	hg19.chr9:g.139411817C>T	hg19.chr9:g.139411817C>T	NOTCH1	37446:c.1462C>T	37446:p.(Glu488Lys)	TCGA;TCGA-IG-A50L	Li et al. (originally from TCGA)	ESCC
hg19	hg19.chr17:g.7578190T>C	hg19.chr17:g.7578190T>C	TP53	62635:c.659T>C	62635:p.(Tyr220Cys)	TCGA;TCGA-IG-A5B8	Li et al. (originally from TCGA)	ESCC
hg19	hg19.chr17:g.7577105G>T	hg19.chr17:g.7577105G>T	TP53	62636:c.833G>T	62636:p.(Pro278His)	TCGA;TCGA-IG-A5S3	Li et al. (originally from TCGA)	ESCC
hg19	hg19.chr2:g.178098957G>A	hg19.chr2:g.178098957G>A	NFE2L2	12333:c.88G>A	12333:p.(Leu30Phe)	TCGA;TCGA-IG-A625	Li et al. (originally from TCGA)	ESCC
hg19	hg19.chr17:g.7577556C>T	hg19.chr17:g.7577556C>T	TP53	62635:c.725C>T	62635:p.(Cys242Tyr)	TCGA;TCGA-IG-A6QS	Li et al. (originally from TCGA)	ESCC
hg19	hg19.chr17:g.7578427T>C	hg19.chr17:g.7578427T>C	TP53	62635:c.503T>C	62635:p.(His168Arg)	TCGA;TCGA-IG-A8O2	Li et al. (originally from TCGA)	ESCC
hg19	hg19.chr2:g.178098810C>T	hg19.chr2:g.178098810C>T	NFE2L2	12333:c.235C>T	12333:p.(Glu79Lys)	TCGA;TCGA-IG-A8O2	Li et al. (originally from TCGA)	ESCC
hg19	hg19.chr4:g.187541055T>C	hg19.chr4:g.187541055T>C	FAT1	20264:c.6685T>C	20264:p.(Ile2229Val)	TCGA;TCGA-IG-A8O2	Li et al. (originally from TCGA)	ESCC
hg19	hg19.chr17:g.7577538C>T	hg19.chr17:g.7577538C>T	TP53	62635:c.743C>T	62635:p.(Arg248Gln)	TCGA;TCGA-IG-A97I	Li et al. (originally from TCGA)	ESCC
hg19	hg19.chr17:g.7578257C>A	hg19.chr17:g.7578257C>A	TP53	62635:c.592C>A	62635:p.(Glu198Ter)	TCGA;TCGA-JY-A6FA	Li et al. (originally from TCGA)	ESCC
hg19	hg19.chr17:g.7577022G>A	hg19.chr17:g.7577022G>A	TP53	62636:c.916G>A	62636:p.(Arg306Ter)	TCGA;TCGA-JY-A6FD	Li et al. (originally from TCGA)	ESCC
hg19	hg19.chr17:g.7577094G>A	hg19.chr17:g.7577094G>A	TP53	62636:c.844G>A	62636:p.(Arg282Trp)	TCGA;TCGA-L5-A43J	Li et al. (originally from TCGA)	ESCC
hg19	hg19.chr17:g.7578190T>C	hg19.chr17:g.7578190T>C	TP53	62635:c.659T>C	62635:p.(Tyr220Cys)	TCGA;TCGA-L5-A43J	Li et al. (originally from TCGA)	ESCC
hg19	hg19.chr9:g.139401189C>A	hg19.chr9:g.139401189C>A	NOTCH1	37446:c.3880C>A	37446:p.(Glu1294Ter)	TCGA;TCGA-L5-A43J	Li et al. (originally from TCGA)	ESCC
hg19	hg19.chr17:g.7576897G>A	hg19.chr17:g.7576897G>A	TP53	62636:c.949G>A	62636:p.(Gln317Ter)	TCGA;TCGA-L5-A88S	Li et al. (originally from TCGA)	ESCC
hg19	hg19.chr1:g.120512304C>T	hg19.chr1:g.120512304C>T	NOTCH2	6040:c.938C>T	6040:p.(Gly313Asp)	TCGA;TCGA-L5-A88S	Li et al. (originally from TCGA)	ESCC
hg19	hg19.chr3:g.178952085A>T	hg19.chr3:g.178952085A>T	PIK3CA	14944:c.3140A>T	14944:p.(His1047Leu)	TCGA;TCGA-L5-A88W	Li et al. (originally from TCGA)	ESCC
hg19	hg19.chr17:g.7578407G>C	hg19.chr17:g.7578407G>C	TP53	62635:c.523G>C	62635:p.(Arg175Gly)	TCGA;TCGA-L5-A88Z	Li et al. (originally from TCGA)	ESCC
hg19	hg19.chr17:g.7579359G>A	hg19.chr17:g.7579359G>A	TP53	62651:c.373G>A	62651:p.(Arg125Cys)	TCGA;TCGA-L5-A88Z	Li et al. (originally from TCGA)	ESCC
hg19	hg19.chr2:g.178098975A>T	hg19.chr2:g.178098975A>T	NFE2L2	12333:c.70A>T	12333:p.(Trp24Arg)	TCGA;TCGA-L5-A88Z	Li et al. (originally from TCGA)	ESCC
hg19	hg19.chr4:g.153247289G>C	hg19.chr4:g.153247289G>C	FBXW7	20029:c.1513G>C	20029:p.(Arg505Gly)	TCGA;TCGA-L5-A88Z	Li et al. (originally from TCGA)	ESCC
hg19	hg19.chr17:g.7577121G>A	hg19.chr17:g.7577121G>A	TP53	62636:c.817G>A	62636:p.(Arg273Cys)	TCGA;TCGA-L5-A8NK	Li et al. (originally from TCGA)	ESCC
hg19	hg19.chr17:g.7578260C>A	hg19.chr17:g.7578260C>A	TP53	62635:c.589C>A	62635:p.(Val197Leu)	TCGA;TCGA-L5-A8NK	Li et al. (originally from TCGA)	ESCC
hg19	hg19.chr17:g.7578235T>C	hg19.chr17:g.7578235T>C	TP53	62635:c.614T>C	62635:p.(Tyr205Cys)	TCGA;TCGA-L5-A8NQ	Li et al. (originally from TCGA)	ESCC
hg19	hg19.chr17:g.7578212G>A	hg19.chr17:g.7578212G>A	TP53	62635:c.637G>A	62635:p.(Arg213Ter)	TCGA;TCGA-LN-A49M	Li et al. (originally from TCGA)	ESCC
hg19	hg19.chr17:g.7578527A>G	hg19.chr17:g.7578527A>G	TP53	62635:c.403A>G	62635:p.(Cys135Arg)	TCGA;TCGA-LN-A49M	Li et al. (originally from TCGA)	ESCC
hg19	hg19.chr3:g.178948136G>A	hg19.chr3:g.178948136G>A	PIK3CA	14944:c.2908G>A	14944:p.(Glu970Lys)	TCGA;TCGA-LN-A49M	Li et al. (originally from TCGA)	ESCC
hg19	hg19.chr9:g.139402553A>T	hg19.chr9:g.139402553A>T	NOTCH1	37446:c.3364A>T	37446:p.(Cys1122Ser)	TCGA;TCGA-LN-A49N	Li et al. (originally from TCGA)	ESCC
hg19	hg19.chr17:g.7578403C>T	hg19.chr17:g.7578403C>T	TP53	62635:c.527C>T	62635:p.(Cys176Tyr)	TCGA;TCGA-LN-A49O	Li et al. (originally from TCGA)	ESCC
hg19	hg19.chr2:g.178098945G>C	hg19.chr2:g.178098945G>C	NFE2L2	12333:c.100G>C	12333:p.(Arg34Gly)	TCGA;TCGA-LN-A49R	Li et al. (originally from TCGA)	ESCC
hg19	hg19.chr17:g.7574003G>A	hg19.chr17:g.7574003G>A	TP53	62643:c.1024G>A	62643:p.(Arg342Ter)	TCGA;TCGA-LN-A49S	Li et al. (originally from TCGA)	ESCC
hg19	hg19.chr17:g.7578190T>C	hg19.chr17:g.7578190T>C	TP53	62635:c.659T>C	62635:p.(Tyr220Cys)	TCGA;TCGA-LN-A49S	Li et al. (originally from TCGA)	ESCC
hg19	hg19.chr17:g.7579315G>T	hg19.chr17:g.7579315G>T	TP53	62651:c.417G>T	62651:p.(Cys139Ter)	TCGA;TCGA-LN-A49U	Li et al. (originally from TCGA)	ESCC
hg19	hg19.chr17:g.7577094G>C	hg19.chr17:g.7577094G>C	TP53	62636:c.844G>C	62636:p.(Arg282Gly)	TCGA;TCGA-LN-A49V	Li et al. (originally from TCGA)	ESCC
hg19	hg19.chr9:g.139399766A>G	hg19.chr9:g.139399766A>G	NOTCH1	37446:c.4582A>G	37446:p.(Cys1528Arg)	TCGA;TCGA-LN-A49V	Li et al. (originally from TCGA)	ESCC
hg19	hg19.chr17:g.7577121G>A	hg19.chr17:g.7577121G>A	TP53	62636:c.817G>A	62636:p.(Arg273Cys)	TCGA;TCGA-LN-A49W	Li et al. (originally from TCGA)	ESCC
hg19	hg19.chr17:g.7578461C>A	hg19.chr17:g.7578461C>A	TP53	62635:c.469C>A	62635:p.(Val157Phe)	TCGA;TCGA-LN-A49X	Li et al. (originally from TCGA)	ESCC
hg19	hg19.chr1:g.120483302G>A	hg19.chr1:g.120483302G>A	NOTCH2	6040:c.3059G>A	6040:p.(Ser1020Phe)	TCGA;TCGA-LN-A49X	Li et al. (originally from TCGA)	ESCC
hg19	hg19.chr17:g.7577114C>A	hg19.chr17:g.7577114C>A	TP53	62636:c.824C>A	62636:p.(Cys275Phe)	TCGA;TCGA-LN-A49Y	Li et al. (originally from TCGA)	ESCC
hg19	hg19.chr17:g.7577547C>A	hg19.chr17:g.7577547C>A	TP53	62635:c.734C>A	62635:p.(Gly245Val)	TCGA;TCGA-LN-A49Y	Li et al. (originally from TCGA)	ESCC
hg19	hg19.chr17:g.7578457C>A	hg19.chr17:g.7578457C>A	TP53	62635:c.473C>A	62635:p.(Arg158Leu)	TCGA;TCGA-LN-A4A1	Li et al. (originally from TCGA)	ESCC
hg19	hg19.chr9:g.139407900C>G	hg19.chr9:g.139407900C>G	NOTCH1	37446:c.2297C>G	37446:p.(Gly766Ala)	TCGA;TCGA-LN-A4A1	Li et al. (originally from TCGA)	ESCC
hg19	hg19.chr17:g.7578457C>T	hg19.chr17:g.7578457C>T	TP53	62635:c.473C>T	62635:p.(Arg158His)	TCGA;TCGA-LN-A4A2	Li et al. (originally from TCGA)	ESCC
hg19	hg19.chr17:g.7577058C>A	hg19.chr17:g.7577058C>A	TP53	62636:c.880C>A	62636:p.(Glu294Ter)	TCGA;TCGA-LN-A4A3	Li et al. (originally from TCGA)	ESCC
hg19	hg19.chr3:g.178952085A>G	hg19.chr3:g.178952085A>G	PIK3CA	14944:c.3140A>G	14944:p.(His1047Arg)	TCGA;TCGA-LN-A4A4	Li et al. (originally from TCGA)	ESCC
hg19	hg19.chr17:g.7577538C>T	hg19.chr17:g.7577538C>T	TP53	62635:c.743C>T	62635:p.(Arg248Gln)	TCGA;TCGA-LN-A4A5	Li et al. (originally from TCGA)	ESCC
hg19	hg19.chr17:g.7579358C>A	hg19.chr17:g.7579358C>A	TP53	62651:c.374C>A	62651:p.(Arg125Leu)	TCGA;TCGA-LN-A4A6	Li et al. (originally from TCGA)	ESCC
hg19	hg19.chr17:g.7578394T>C	hg19.chr17:g.7578394T>C	TP53	62635:c.536T>C	62635:p.(His179Arg)	TCGA;TCGA-LN-A4A8	Li et al. (originally from TCGA)	ESCC
hg19	hg19.chr17:g.7578528A>T	hg19.chr17:g.7578528A>T	TP53	62635:c.402A>T	62635:p.(Phe134Leu)	TCGA;TCGA-LN-A4A9	Li et al. (originally from TCGA)	ESCC
hg19	hg19.chr2:g.178098803C>A	hg19.chr2:g.178098803C>A	NFE2L2	12333:c.242C>A	12333:p.(Gly81Val)	TCGA;TCGA-LN-A4MQ	Li et al. (originally from TCGA)	ESCC
hg19	hg19.chr17:g.7578406C>T	hg19.chr17:g.7578406C>T	TP53	62635:c.524C>T	62635:p.(Arg175His)	TCGA;TCGA-LN-A4MR	Li et al. (originally from TCGA)	ESCC
hg19	hg19.chr2:g.178098810C>G	hg19.chr2:g.178098810C>G	NFE2L2	12333:c.235C>G	12333:p.(Glu79Gln)	TCGA;TCGA-LN-A4MR	Li et al. (originally from TCGA)	ESCC
hg19	hg19.chr17:g.7578406C>T	hg19.chr17:g.7578406C>T	TP53	62635:c.524C>T	62635:p.(Arg175His)	TCGA;TCGA-LN-A5U7	Li et al. (originally from TCGA)	ESCC
hg19	hg19.chr17:g.7577106G>C	hg19.chr17:g.7577106G>C	TP53	62636:c.832G>C	62636:p.(Pro278Ala)	TCGA;TCGA-LN-A7HV	Li et al. (originally from TCGA)	ESCC
hg19	hg19.chr17:g.7578266T>A	hg19.chr17:g.7578266T>A	TP53	62635:c.583T>A	62635:p.(Ile195Phe)	TCGA;TCGA-LN-A7HW	Li et al. (originally from TCGA)	ESCC
hg19	hg19.chr2:g.178098953C>G	hg19.chr2:g.178098953C>G	NFE2L2	12333:c.92C>G	12333:p.(Gly31Ala)	TCGA;TCGA-LN-A7HW	Li et al. (originally from TCGA)	ESCC
hg19	hg19.chr3:g.178936091G>A	hg19.chr3:g.178936091G>A	PIK3CA	14944:c.1633G>A	14944:p.(Glu545Lys)	TCGA;TCGA-LN-A7HW	Li et al. (originally from TCGA)	ESCC
hg19	hg19.chr17:g.7577124C>T	hg19.chr17:g.7577124C>T	TP53	62636:c.814C>T	62636:p.(Val272Met)	TCGA;TCGA-LN-A7HX	Li et al. (originally from TCGA)	ESCC
hg19	hg19.chr17:g.7578410T>A	hg19.chr17:g.7578410T>A	TP53	62635:c.520T>A	62635:p.(Arg174Trp)	TCGA;TCGA-LN-A7HX	Li et al. (originally from TCGA)	ESCC
hg19	hg19.chr17:g.7578179C>A	hg19.chr17:g.7578179C>A	TP53	62635:c.670C>A	62635:p.(Glu224Ter)	TCGA;TCGA-LN-A7HY	Li et al. (originally from TCGA)	ESCC
hg19	hg19.chr17:g.7578191A>C	hg19.chr17:g.7578191A>C	TP53	62635:c.658A>C	62635:p.(Tyr220Asp)	TCGA;TCGA-LN-A7HZ	Li et al. (originally from TCGA)	ESCC
hg19	hg19.chr2:g.178098810C>G	hg19.chr2:g.178098810C>G	NFE2L2	12333:c.235C>G	12333:p.(Glu79Gln)	TCGA;TCGA-LN-A7HZ	Li et al. (originally from TCGA)	ESCC
hg19	hg19.chr2:g.178098800T>C	hg19.chr2:g.178098800T>C	NFE2L2	12333:c.245T>C	12333:p.(Glu82Gly)	TCGA;TCGA-LN-A8HZ	Li et al. (originally from TCGA)	ESCC
hg19	hg19.chr17:g.7577120C>T	hg19.chr17:g.7577120C>T	TP53	62636:c.818C>T	62636:p.(Arg273His)	TCGA;TCGA-LN-A8I0	Li et al. (originally from TCGA)	ESCC
hg19	hg19.chr17:g.7577124C>T	hg19.chr17:g.7577124C>T	TP53	62636:c.814C>T	62636:p.(Val272Met)	TCGA;TCGA-LN-A8I0	Li et al. (originally from TCGA)	ESCC
hg19	hg19.chr2:g.178098804C>T	hg19.chr2:g.178098804C>T	NFE2L2	12333:c.241C>T	12333:p.(Gly81Ser)	TCGA;TCGA-LN-A8I0	Li et al. (originally from TCGA)	ESCC
hg19	hg19.chr17:g.7577538C>T	hg19.chr17:g.7577538C>T	TP53	62635:c.743C>T	62635:p.(Arg248Gln)	TCGA;TCGA-LN-A8I1	Li et al. (originally from TCGA)	ESCC
hg19	hg19.chr2:g.178098800T>G	hg19.chr2:g.178098800T>G	NFE2L2	12333:c.245T>G	12333:p.(Glu82Ala)	TCGA;TCGA-LN-A8I1	Li et al. (originally from TCGA)	ESCC
hg19	hg19.chr17:g.7578239C>A	hg19.chr17:g.7578239C>A	TP53	62635:c.610C>A	62635:p.(Glu204Ter)	TCGA;TCGA-LN-A9FO	Li et al. (originally from TCGA)	ESCC
hg19	hg19.chr17:g.7577058C>A	hg19.chr17:g.7577058C>A	TP53	62636:c.880C>A	62636:p.(Glu294Ter)	TCGA;TCGA-LN-A9FP	Li et al. (originally from TCGA)	ESCC
hg19	hg19.chr17:g.7577022G>A	hg19.chr17:g.7577022G>A	TP53	62636:c.916G>A	62636:p.(Arg306Ter)	TCGA;TCGA-LN-A9FQ	Li et al. (originally from TCGA)	ESCC
hg19	hg19.chr17:g.7577538C>T	hg19.chr17:g.7577538C>T	TP53	62635:c.743C>T	62635:p.(Arg248Gln)	TCGA;TCGA-LN-A9FQ	Li et al. (originally from TCGA)	ESCC
hg19	hg19.chr2:g.178098953C>T	hg19.chr2:g.178098953C>T	NFE2L2	12333:c.92C>T	12333:p.(Gly31Glu)	TCGA;TCGA-LN-A9FQ	Li et al. (originally from TCGA)	ESCC
hg19	hg19.chr17:g.7577084T>A	hg19.chr17:g.7577084T>A	TP53	62636:c.854T>A	62636:p.(Glu285Val)	TCGA;TCGA-LN-A9FR	Li et al. (originally from TCGA)	ESCC
hg19	hg19.chr9:g.139413049G>A	hg19.chr9:g.139413049G>A	NOTCH1	37446:c.1093G>A	37446:p.(Arg365Cys)	TCGA;TCGA-LN-A9FR	Li et al. (originally from TCGA)	ESCC
hg19	hg19.chr17:g.7578553T>G	hg19.chr17:g.7578553T>G	TP53	62635:c.377T>G	62635:p.(Tyr126Ser)	TCGA;TCGA-S8-A6BW	Li et al. (originally from TCGA)	ESCC
hg19	hg19.chr3:g.178936091G>A	hg19.chr3:g.178936091G>A	PIK3CA	14944:c.1633G>A	14944:p.(Glu545Lys)	TCGA;TCGA-V5-AASV	Li et al. (originally from TCGA)	ESCC
hg19	hg19.chr17:g.7578407G>C	hg19.chr17:g.7578407G>C	TP53	62635:c.523G>C	62635:p.(Arg175Gly)	TCGA;TCGA-VR-A8EO	Li et al. (originally from TCGA)	ESCC
hg19	hg19.chr13:g.48947603C>G	hg19.chr13:g.48947603C>G	RB1	49601:c.1190C>G	49601:p.(Ser397Ter)	TCGA;TCGA-VR-A8EP	Li et al. (originally from TCGA)	ESCC
hg19	hg19.chr17:g.7578526C>T	hg19.chr17:g.7578526C>T	TP53	62635:c.404C>T	62635:p.(Cys135Tyr)	TCGA;TCGA-VR-A8EP	Li et al. (originally from TCGA)	ESCC
hg19	hg19.chr17:g.7578223C>T	hg19.chr17:g.7578223C>T	TP53	62635:c.626C>T	62635:p.(Arg209Lys)	TCGA;TCGA-VR-A8ER	Li et al. (originally from TCGA)	ESCC
hg19	hg19.chr17:g.7578265A>T	hg19.chr17:g.7578265A>T	TP53	62635:c.584A>T	62635:p.(Ile195Asn)	TCGA;TCGA-VR-A8ER	Li et al. (originally from TCGA)	ESCC
hg19	hg19.chr2:g.178098960C>G	hg19.chr2:g.178098960C>G	NFE2L2	12333:c.85C>G	12333:p.(Asp29His)	TCGA;TCGA-VR-A8ER	Li et al. (originally from TCGA)	ESCC
hg19	hg19.chr3:g.178936091G>A	hg19.chr3:g.178936091G>A	PIK3CA	14944:c.1633G>A	14944:p.(Glu545Lys)	TCGA;TCGA-VR-A8EW	Li et al. (originally from TCGA)	ESCC
hg19	hg19.chr17:g.7574000C>A	hg19.chr17:g.7574000C>A	TP53	62643:c.1027C>A	62643:p.(Glu343Ter)	TCGA;TCGA-VR-A8EX	Li et al. (originally from TCGA)	ESCC
hg19	hg19.chr17:g.7578542G>C	hg19.chr17:g.7578542G>C	TP53	62635:c.388G>C	62635:p.(Leu130Val)	TCGA;TCGA-VR-A8EZ	Li et al. (originally from TCGA)	ESCC
hg19	hg19.chr9:g.139409151C>G	hg19.chr9:g.139409151C>G	NOTCH1	37446:c.2018C>G	37446:p.(Ser673Thr)	TCGA;TCGA-VR-A8EZ	Li et al. (originally from TCGA)	ESCC
hg19	hg19.chr17:g.7577106G>C	hg19.chr17:g.7577106G>C	TP53	62636:c.832G>C	62636:p.(Pro278Ala)	TCGA;TCGA-VR-A8Q7	Li et al. (originally from TCGA)	ESCC
hg19	hg19.chr17:g.7579406G>T	hg19.chr17:g.7579406G>T	TP53	62651:c.326G>T	62651:p.(Ser109Ter)	TCGA;TCGA-VR-AA4G	Li et al. (originally from TCGA)	ESCC
hg19	hg19.chr17:g.7578442T>C	hg19.chr17:g.7578442T>C	TP53	62635:c.488T>C	62635:p.(Tyr163Cys)	TCGA;TCGA-VR-AA7B	Li et al. (originally from TCGA)	ESCC
hg19	hg19.chr17:g.7578479G>A	hg19.chr17:g.7578479G>A	TP53	62635:c.451G>A	62635:p.(Pro151Ser)	TCGA;TCGA-VR-AA7D	Li et al. (originally from TCGA)	ESCC
hg19	hg19.chr17:g.7578478G>T	hg19.chr17:g.7578478G>T	TP53	62635:c.452G>T	62635:p.(Pro151His)	TCGA;TCGA-VR-AA7I	Li et al. (originally from TCGA)	ESCC
hg19	hg19.chr17:g.7578212G>A	hg19.chr17:g.7578212G>A	TP53	62635:c.637G>A	62635:p.(Arg213Ter)	TCGA;TCGA-XP-A8T6	Li et al. (originally from TCGA)	ESCC
hg19	hg19.chr3:g.178938934G>A	hg19.chr3:g.178938934G>A	PIK3CA	14944:c.2176G>A	14944:p.(Glu726Lys)	TCGA;TCGA-XP-A8T7	Li et al. (originally from TCGA)	ESCC
hg19	hg19.chr4:g.153250883G>A	hg19.chr4:g.153250883G>A	FBXW7	20029:c.1177G>A	20029:p.(Arg393Ter)	TCGA;TCGA-XP-A8T7	Li et al. (originally from TCGA)	ESCC
hg19	hg19.chr17:g.7579369G>C	hg19.chr17:g.7579369G>C	TP53	62651:c.363G>C	62651:p.(Ser121Arg)	TCGA;TCGA-XP-A8T8	Li et al. (originally from TCGA)	ESCC
hg19	hg19.chr17:g.7577120C>T	hg19.chr17:g.7577120C>T	TP53	62636:c.818C>T	62636:p.(Arg273His)	TCGA;TCGA-Z6-A8JD	Li et al. (originally from TCGA)	ESCC
hg19	hg19.chr17:g.7578271T>C	hg19.chr17:g.7578271T>C	TP53	62635:c.578T>C	62635:p.(His193Arg)	TCGA;TCGA-Z6-A8JE	Li et al. (originally from TCGA)	ESCC
hg19	hg19.chr17:g.7579361A>G	hg19.chr17:g.7579361A>G	TP53	62651:c.371A>G	62651:p.(Phe124Ser)	TCGA;TCGA-Z6-A9VB	Li et al. (originally from TCGA)	ESCC
hg19	hg19.chr17:g.7577118C>G	hg19.chr17:g.7577118C>G	TP53	62636:c.820C>G	62636:p.(Val274Leu)	TCGA;TCGA-Z6-AAPN	Li et al. (originally from TCGA)	ESCC
hg19	hg19.chr3:g.178952074G>A	hg19.chr3:g.178952074G>A	PIK3CA	14944:c.3129G>A	14944:p.(Met1043Ile)	TCGA;TCGA-Z6-AAPN	Li et al. (originally from TCGA)	ESCC
hg19	hg19.chr4:g.187524844G>C	hg19.chr4:g.187524844G>C	FAT1	20264:c.10836G>C	20264:p.(Leu3612Leu)	TCGA;TCGA-LN-A4A9	Li et al. (originally from TCGA)	ESCC
